pant,isPartial,keyword,region_code,region_name,date,dress,t-shirt
18.0,False,pant,MY,MY,2026-01-03 13:00:00,,
28.0,False,pant,MY,MY,2026-01-03 14:00:00,,
23.0,False,pant,MY,MY,2026-01-03 15:00:00,,
0.0,False,pant,MY,MY,2026-01-03 16:00:00,,
0.0,False,pant,MY,MY,2026-01-03 17:00:00,,
0.0,False,pant,MY,MY,2026-01-03 18:00:00,,
0.0,False,pant,MY,MY,2026-01-03 19:00:00,,
0.0,False,pant,MY,MY,2026-01-03 20:00:00,,
0.0,False,pant,MY,MY,2026-01-03 21:00:00,,
0.0,False,pant,MY,MY,2026-01-03 22:00:00,,
0.0,False,pant,MY,MY,2026-01-03 23:00:00,,
0.0,False,pant,MY,MY,2026-01-04 00:00:00,,
0.0,False,pant,MY,MY,2026-01-04 01:00:00,,
21.0,False,pant,MY,MY,2026-01-04 02:00:00,,
19.0,False,pant,MY,MY,2026-01-04 03:00:00,,
45.0,False,pant,MY,MY,2026-01-04 04:00:00,,
38.0,False,pant,MY,MY,2026-01-04 05:00:00,,
29.0,False,pant,MY,MY,2026-01-04 06:00:00,,
17.0,False,pant,MY,MY,2026-01-04 07:00:00,,
28.0,False,pant,MY,MY,2026-01-04 08:00:00,,
27.0,False,pant,MY,MY,2026-01-04 09:00:00,,
19.0,False,pant,MY,MY,2026-01-04 10:00:00,,
23.0,False,pant,MY,MY,2026-01-04 11:00:00,,
42.0,False,pant,MY,MY,2026-01-04 12:00:00,,
24.0,False,pant,MY,MY,2026-01-04 13:00:00,,
27.0,False,pant,MY,MY,2026-01-04 14:00:00,,
25.0,False,pant,MY,MY,2026-01-04 15:00:00,,
0.0,False,pant,MY,MY,2026-01-04 16:00:00,,
30.0,False,pant,MY,MY,2026-01-04 17:00:00,,
0.0,False,pant,MY,MY,2026-01-04 18:00:00,,
0.0,False,pant,MY,MY,2026-01-04 19:00:00,,
0.0,False,pant,MY,MY,2026-01-04 20:00:00,,
0.0,False,pant,MY,MY,2026-01-04 21:00:00,,
0.0,False,pant,MY,MY,2026-01-04 22:00:00,,
0.0,False,pant,MY,MY,2026-01-04 23:00:00,,
0.0,False,pant,MY,MY,2026-01-05 00:00:00,,
0.0,False,pant,MY,MY,2026-01-05 01:00:00,,
16.0,False,pant,MY,MY,2026-01-05 02:00:00,,
16.0,False,pant,MY,MY,2026-01-05 03:00:00,,
18.0,False,pant,MY,MY,2026-01-05 04:00:00,,
17.0,False,pant,MY,MY,2026-01-05 05:00:00,,
17.0,False,pant,MY,MY,2026-01-05 06:00:00,,
15.0,False,pant,MY,MY,2026-01-05 07:00:00,,
16.0,False,pant,MY,MY,2026-01-05 08:00:00,,
20.0,False,pant,MY,MY,2026-01-05 09:00:00,,
15.0,False,pant,MY,MY,2026-01-05 10:00:00,,
24.0,False,pant,MY,MY,2026-01-05 11:00:00,,
30.0,False,pant,MY,MY,2026-01-05 12:00:00,,
31.0,False,pant,MY,MY,2026-01-05 13:00:00,,
25.0,False,pant,MY,MY,2026-01-05 14:00:00,,
27.0,False,pant,MY,MY,2026-01-05 15:00:00,,
26.0,False,pant,MY,MY,2026-01-05 16:00:00,,
39.0,False,pant,MY,MY,2026-01-05 17:00:00,,
48.0,False,pant,MY,MY,2026-01-05 18:00:00,,
0.0,False,pant,MY,MY,2026-01-05 19:00:00,,
0.0,False,pant,MY,MY,2026-01-05 20:00:00,,
0.0,False,pant,MY,MY,2026-01-05 21:00:00,,
0.0,False,pant,MY,MY,2026-01-05 22:00:00,,
0.0,False,pant,MY,MY,2026-01-05 23:00:00,,
24.0,False,pant,MY,MY,2026-01-06 00:00:00,,
0.0,False,pant,MY,MY,2026-01-06 01:00:00,,
14.0,False,pant,MY,MY,2026-01-06 02:00:00,,
0.0,False,pant,MY,MY,2026-01-06 03:00:00,,
22.0,False,pant,MY,MY,2026-01-06 04:00:00,,
16.0,False,pant,MY,MY,2026-01-06 05:00:00,,
0.0,False,pant,MY,MY,2026-01-06 06:00:00,,
0.0,False,pant,MY,MY,2026-01-06 07:00:00,,
22.0,False,pant,MY,MY,2026-01-06 08:00:00,,
32.0,False,pant,MY,MY,2026-01-06 09:00:00,,
23.0,False,pant,MY,MY,2026-01-06 10:00:00,,
17.0,False,pant,MY,MY,2026-01-06 11:00:00,,
27.0,False,pant,MY,MY,2026-01-06 12:00:00,,
14.0,False,pant,MY,MY,2026-01-06 13:00:00,,
27.0,False,pant,MY,MY,2026-01-06 14:00:00,,
40.0,False,pant,MY,MY,2026-01-06 15:00:00,,
25.0,False,pant,MY,MY,2026-01-06 16:00:00,,
29.0,False,pant,MY,MY,2026-01-06 17:00:00,,
0.0,False,pant,MY,MY,2026-01-06 18:00:00,,
0.0,False,pant,MY,MY,2026-01-06 19:00:00,,
100.0,False,pant,MY,MY,2026-01-06 20:00:00,,
0.0,False,pant,MY,MY,2026-01-06 21:00:00,,
0.0,False,pant,MY,MY,2026-01-06 22:00:00,,
0.0,False,pant,MY,MY,2026-01-06 23:00:00,,
0.0,False,pant,MY,MY,2026-01-07 00:00:00,,
14.0,False,pant,MY,MY,2026-01-07 01:00:00,,
0.0,False,pant,MY,MY,2026-01-07 02:00:00,,
15.0,False,pant,MY,MY,2026-01-07 03:00:00,,
16.0,False,pant,MY,MY,2026-01-07 04:00:00,,
17.0,False,pant,MY,MY,2026-01-07 05:00:00,,
0.0,False,pant,MY,MY,2026-01-07 06:00:00,,
20.0,False,pant,MY,MY,2026-01-07 07:00:00,,
0.0,False,pant,MY,MY,2026-01-07 08:00:00,,
23.0,False,pant,MY,MY,2026-01-07 09:00:00,,
21.0,False,pant,MY,MY,2026-01-07 10:00:00,,
14.0,False,pant,MY,MY,2026-01-07 11:00:00,,
0.0,False,pant,MY,MY,2026-01-07 12:00:00,,
13.0,False,pant,MY,MY,2026-01-07 13:00:00,,
29.0,False,pant,MY,MY,2026-01-07 14:00:00,,
22.0,False,pant,MY,MY,2026-01-07 15:00:00,,
0.0,False,pant,MY,MY,2026-01-07 16:00:00,,
0.0,False,pant,MY,MY,2026-01-07 17:00:00,,
0.0,False,pant,MY,MY,2026-01-07 18:00:00,,
0.0,False,pant,MY,MY,2026-01-07 19:00:00,,
0.0,False,pant,MY,MY,2026-01-07 20:00:00,,
0.0,False,pant,MY,MY,2026-01-07 21:00:00,,
0.0,False,pant,MY,MY,2026-01-07 22:00:00,,
0.0,False,pant,MY,MY,2026-01-07 23:00:00,,
0.0,False,pant,MY,MY,2026-01-08 00:00:00,,
0.0,False,pant,MY,MY,2026-01-08 01:00:00,,
12.0,False,pant,MY,MY,2026-01-08 02:00:00,,
23.0,False,pant,MY,MY,2026-01-08 03:00:00,,
15.0,False,pant,MY,MY,2026-01-08 04:00:00,,
24.0,False,pant,MY,MY,2026-01-08 05:00:00,,
26.0,False,pant,MY,MY,2026-01-08 06:00:00,,
13.0,False,pant,MY,MY,2026-01-08 07:00:00,,
0.0,False,pant,MY,MY,2026-01-08 08:00:00,,
36.0,False,pant,MY,MY,2026-01-08 09:00:00,,
0.0,False,pant,MY,MY,2026-01-08 10:00:00,,
24.0,False,pant,MY,MY,2026-01-08 11:00:00,,
14.0,False,pant,MY,MY,2026-01-08 12:00:00,,
19.0,False,pant,MY,MY,2026-01-08 13:00:00,,
15.0,False,pant,MY,MY,2026-01-08 14:00:00,,
20.0,False,pant,MY,MY,2026-01-08 15:00:00,,
22.0,False,pant,MY,MY,2026-01-08 16:00:00,,
29.0,False,pant,MY,MY,2026-01-08 17:00:00,,
0.0,False,pant,MY,MY,2026-01-08 18:00:00,,
0.0,False,pant,MY,MY,2026-01-08 19:00:00,,
0.0,False,pant,MY,MY,2026-01-08 20:00:00,,
0.0,False,pant,MY,MY,2026-01-08 21:00:00,,
0.0,False,pant,MY,MY,2026-01-08 22:00:00,,
28.0,False,pant,MY,MY,2026-01-08 23:00:00,,
25.0,False,pant,MY,MY,2026-01-09 00:00:00,,
0.0,False,pant,MY,MY,2026-01-09 01:00:00,,
13.0,False,pant,MY,MY,2026-01-09 02:00:00,,
0.0,False,pant,MY,MY,2026-01-09 03:00:00,,
18.0,False,pant,MY,MY,2026-01-09 04:00:00,,
28.0,False,pant,MY,MY,2026-01-09 05:00:00,,
15.0,False,pant,MY,MY,2026-01-09 06:00:00,,
16.0,False,pant,MY,MY,2026-01-09 07:00:00,,
18.0,False,pant,MY,MY,2026-01-09 08:00:00,,
40.0,False,pant,MY,MY,2026-01-09 09:00:00,,
28.0,False,pant,MY,MY,2026-01-09 10:00:00,,
20.0,False,pant,MY,MY,2026-01-09 11:00:00,,
21.0,False,pant,MY,MY,2026-01-09 12:00:00,,
23.0,False,pant,MY,MY,2026-01-09 13:00:00,,
23.0,False,pant,MY,MY,2026-01-09 14:00:00,,
38.0,False,pant,MY,MY,2026-01-09 15:00:00,,
33.0,False,pant,MY,MY,2026-01-09 16:00:00,,
30.0,False,pant,MY,MY,2026-01-09 17:00:00,,
36.0,False,pant,MY,MY,2026-01-09 18:00:00,,
84.0,False,pant,MY,MY,2026-01-09 19:00:00,,
0.0,False,pant,MY,MY,2026-01-09 20:00:00,,
0.0,False,pant,MY,MY,2026-01-09 21:00:00,,
0.0,False,pant,MY,MY,2026-01-09 22:00:00,,
0.0,False,pant,MY,MY,2026-01-09 23:00:00,,
0.0,False,pant,MY,MY,2026-01-10 00:00:00,,
26.0,False,pant,MY,MY,2026-01-10 01:00:00,,
31.0,False,pant,MY,MY,2026-01-10 02:00:00,,
17.0,False,pant,MY,MY,2026-01-10 03:00:00,,
22.0,False,pant,MY,MY,2026-01-10 04:00:00,,
26.0,False,pant,MY,MY,2026-01-10 05:00:00,,
25.0,False,pant,MY,MY,2026-01-10 06:00:00,,
25.0,False,pant,MY,MY,2026-01-10 07:00:00,,
28.0,False,pant,MY,MY,2026-01-10 08:00:00,,
17.0,False,pant,MY,MY,2026-01-10 09:00:00,,
26.0,False,pant,MY,MY,2026-01-10 10:00:00,,
24.0,False,pant,MY,MY,2026-01-10 11:00:00,,
25.0,False,pant,MY,MY,2026-01-10 12:00:00,,
36.0,True,pant,MY,MY,2026-01-10 13:00:00,,
,False,dress,MY,MY,2026-01-03 13:00:00,62.0,
,False,dress,MY,MY,2026-01-03 14:00:00,77.0,
,False,dress,MY,MY,2026-01-03 15:00:00,63.0,
,False,dress,MY,MY,2026-01-03 16:00:00,74.0,
,False,dress,MY,MY,2026-01-03 17:00:00,67.0,
,False,dress,MY,MY,2026-01-03 18:00:00,81.0,
,False,dress,MY,MY,2026-01-03 19:00:00,59.0,
,False,dress,MY,MY,2026-01-03 20:00:00,82.0,
,False,dress,MY,MY,2026-01-03 21:00:00,42.0,
,False,dress,MY,MY,2026-01-03 22:00:00,36.0,
,False,dress,MY,MY,2026-01-03 23:00:00,49.0,
,False,dress,MY,MY,2026-01-04 00:00:00,40.0,
,False,dress,MY,MY,2026-01-04 01:00:00,40.0,
,False,dress,MY,MY,2026-01-04 02:00:00,60.0,
,False,dress,MY,MY,2026-01-04 03:00:00,53.0,
,False,dress,MY,MY,2026-01-04 04:00:00,47.0,
,False,dress,MY,MY,2026-01-04 05:00:00,61.0,
,False,dress,MY,MY,2026-01-04 06:00:00,62.0,
,False,dress,MY,MY,2026-01-04 07:00:00,68.0,
,False,dress,MY,MY,2026-01-04 08:00:00,59.0,
,False,dress,MY,MY,2026-01-04 09:00:00,69.0,
,False,dress,MY,MY,2026-01-04 10:00:00,66.0,
,False,dress,MY,MY,2026-01-04 11:00:00,58.0,
,False,dress,MY,MY,2026-01-04 12:00:00,58.0,
,False,dress,MY,MY,2026-01-04 13:00:00,61.0,
,False,dress,MY,MY,2026-01-04 14:00:00,66.0,
,False,dress,MY,MY,2026-01-04 15:00:00,68.0,
,False,dress,MY,MY,2026-01-04 16:00:00,71.0,
,False,dress,MY,MY,2026-01-04 17:00:00,68.0,
,False,dress,MY,MY,2026-01-04 18:00:00,71.0,
,False,dress,MY,MY,2026-01-04 19:00:00,84.0,
,False,dress,MY,MY,2026-01-04 20:00:00,58.0,
,False,dress,MY,MY,2026-01-04 21:00:00,63.0,
,False,dress,MY,MY,2026-01-04 22:00:00,55.0,
,False,dress,MY,MY,2026-01-04 23:00:00,42.0,
,False,dress,MY,MY,2026-01-05 00:00:00,34.0,
,False,dress,MY,MY,2026-01-05 01:00:00,34.0,
,False,dress,MY,MY,2026-01-05 02:00:00,41.0,
,False,dress,MY,MY,2026-01-05 03:00:00,46.0,
,False,dress,MY,MY,2026-01-05 04:00:00,44.0,
,False,dress,MY,MY,2026-01-05 05:00:00,54.0,
,False,dress,MY,MY,2026-01-05 06:00:00,50.0,
,False,dress,MY,MY,2026-01-05 07:00:00,48.0,
,False,dress,MY,MY,2026-01-05 08:00:00,48.0,
,False,dress,MY,MY,2026-01-05 09:00:00,54.0,
,False,dress,MY,MY,2026-01-05 10:00:00,63.0,
,False,dress,MY,MY,2026-01-05 11:00:00,64.0,
,False,dress,MY,MY,2026-01-05 12:00:00,57.0,
,False,dress,MY,MY,2026-01-05 13:00:00,62.0,
,False,dress,MY,MY,2026-01-05 14:00:00,64.0,
,False,dress,MY,MY,2026-01-05 15:00:00,73.0,
,False,dress,MY,MY,2026-01-05 16:00:00,74.0,
,False,dress,MY,MY,2026-01-05 17:00:00,60.0,
,False,dress,MY,MY,2026-01-05 18:00:00,75.0,
,False,dress,MY,MY,2026-01-05 19:00:00,85.0,
,False,dress,MY,MY,2026-01-05 20:00:00,71.0,
,False,dress,MY,MY,2026-01-05 21:00:00,59.0,
,False,dress,MY,MY,2026-01-05 22:00:00,61.0,
,False,dress,MY,MY,2026-01-05 23:00:00,50.0,
,False,dress,MY,MY,2026-01-06 00:00:00,44.0,
,False,dress,MY,MY,2026-01-06 01:00:00,48.0,
,False,dress,MY,MY,2026-01-06 02:00:00,50.0,
,False,dress,MY,MY,2026-01-06 03:00:00,50.0,
,False,dress,MY,MY,2026-01-06 04:00:00,46.0,
,False,dress,MY,MY,2026-01-06 05:00:00,58.0,
,False,dress,MY,MY,2026-01-06 06:00:00,52.0,
,False,dress,MY,MY,2026-01-06 07:00:00,50.0,
,False,dress,MY,MY,2026-01-06 08:00:00,53.0,
,False,dress,MY,MY,2026-01-06 09:00:00,64.0,
,False,dress,MY,MY,2026-01-06 10:00:00,63.0,
,False,dress,MY,MY,2026-01-06 11:00:00,59.0,
,False,dress,MY,MY,2026-01-06 12:00:00,64.0,
,False,dress,MY,MY,2026-01-06 13:00:00,64.0,
,False,dress,MY,MY,2026-01-06 14:00:00,69.0,
,False,dress,MY,MY,2026-01-06 15:00:00,74.0,
,False,dress,MY,MY,2026-01-06 16:00:00,75.0,
,False,dress,MY,MY,2026-01-06 17:00:00,75.0,
,False,dress,MY,MY,2026-01-06 18:00:00,77.0,
,False,dress,MY,MY,2026-01-06 19:00:00,76.0,
,False,dress,MY,MY,2026-01-06 20:00:00,87.0,
,False,dress,MY,MY,2026-01-06 21:00:00,54.0,
,False,dress,MY,MY,2026-01-06 22:00:00,60.0,
,False,dress,MY,MY,2026-01-06 23:00:00,54.0,
,False,dress,MY,MY,2026-01-07 00:00:00,28.0,
,False,dress,MY,MY,2026-01-07 01:00:00,42.0,
,False,dress,MY,MY,2026-01-07 02:00:00,46.0,
,False,dress,MY,MY,2026-01-07 03:00:00,50.0,
,False,dress,MY,MY,2026-01-07 04:00:00,53.0,
,False,dress,MY,MY,2026-01-07 05:00:00,56.0,
,False,dress,MY,MY,2026-01-07 06:00:00,65.0,
,False,dress,MY,MY,2026-01-07 07:00:00,53.0,
,False,dress,MY,MY,2026-01-07 08:00:00,56.0,
,False,dress,MY,MY,2026-01-07 09:00:00,62.0,
,False,dress,MY,MY,2026-01-07 10:00:00,58.0,
,False,dress,MY,MY,2026-01-07 11:00:00,63.0,
,False,dress,MY,MY,2026-01-07 12:00:00,64.0,
,False,dress,MY,MY,2026-01-07 13:00:00,60.0,
,False,dress,MY,MY,2026-01-07 14:00:00,63.0,
,False,dress,MY,MY,2026-01-07 15:00:00,72.0,
,False,dress,MY,MY,2026-01-07 16:00:00,77.0,
,False,dress,MY,MY,2026-01-07 17:00:00,67.0,
,False,dress,MY,MY,2026-01-07 18:00:00,67.0,
,False,dress,MY,MY,2026-01-07 19:00:00,75.0,
,False,dress,MY,MY,2026-01-07 20:00:00,63.0,
,False,dress,MY,MY,2026-01-07 21:00:00,28.0,
,False,dress,MY,MY,2026-01-07 22:00:00,51.0,
,False,dress,MY,MY,2026-01-07 23:00:00,51.0,
,False,dress,MY,MY,2026-01-08 00:00:00,38.0,
,False,dress,MY,MY,2026-01-08 01:00:00,42.0,
,False,dress,MY,MY,2026-01-08 02:00:00,42.0,
,False,dress,MY,MY,2026-01-08 03:00:00,47.0,
,False,dress,MY,MY,2026-01-08 04:00:00,53.0,
,False,dress,MY,MY,2026-01-08 05:00:00,47.0,
,False,dress,MY,MY,2026-01-08 06:00:00,45.0,
,False,dress,MY,MY,2026-01-08 07:00:00,54.0,
,False,dress,MY,MY,2026-01-08 08:00:00,54.0,
,False,dress,MY,MY,2026-01-08 09:00:00,55.0,
,False,dress,MY,MY,2026-01-08 10:00:00,59.0,
,False,dress,MY,MY,2026-01-08 11:00:00,59.0,
,False,dress,MY,MY,2026-01-08 12:00:00,58.0,
,False,dress,MY,MY,2026-01-08 13:00:00,63.0,
,False,dress,MY,MY,2026-01-08 14:00:00,68.0,
,False,dress,MY,MY,2026-01-08 15:00:00,70.0,
,False,dress,MY,MY,2026-01-08 16:00:00,67.0,
,False,dress,MY,MY,2026-01-08 17:00:00,73.0,
,False,dress,MY,MY,2026-01-08 18:00:00,76.0,
,False,dress,MY,MY,2026-01-08 19:00:00,77.0,
,False,dress,MY,MY,2026-01-08 20:00:00,58.0,
,False,dress,MY,MY,2026-01-08 21:00:00,81.0,
,False,dress,MY,MY,2026-01-08 22:00:00,72.0,
,False,dress,MY,MY,2026-01-08 23:00:00,59.0,
,False,dress,MY,MY,2026-01-09 00:00:00,43.0,
,False,dress,MY,MY,2026-01-09 01:00:00,38.0,
,False,dress,MY,MY,2026-01-09 02:00:00,43.0,
,False,dress,MY,MY,2026-01-09 03:00:00,51.0,
,False,dress,MY,MY,2026-01-09 04:00:00,55.0,
,False,dress,MY,MY,2026-01-09 05:00:00,53.0,
,False,dress,MY,MY,2026-01-09 06:00:00,52.0,
,False,dress,MY,MY,2026-01-09 07:00:00,51.0,
,False,dress,MY,MY,2026-01-09 08:00:00,62.0,
,False,dress,MY,MY,2026-01-09 09:00:00,60.0,
,False,dress,MY,MY,2026-01-09 10:00:00,62.0,
,False,dress,MY,MY,2026-01-09 11:00:00,61.0,
,False,dress,MY,MY,2026-01-09 12:00:00,61.0,
,False,dress,MY,MY,2026-01-09 13:00:00,67.0,
,False,dress,MY,MY,2026-01-09 14:00:00,73.0,
,False,dress,MY,MY,2026-01-09 15:00:00,80.0,
,False,dress,MY,MY,2026-01-09 16:00:00,77.0,
,False,dress,MY,MY,2026-01-09 17:00:00,100.0,
,False,dress,MY,MY,2026-01-09 18:00:00,86.0,
,False,dress,MY,MY,2026-01-09 19:00:00,69.0,
,False,dress,MY,MY,2026-01-09 20:00:00,47.0,
,False,dress,MY,MY,2026-01-09 21:00:00,50.0,
,False,dress,MY,MY,2026-01-09 22:00:00,33.0,
,False,dress,MY,MY,2026-01-09 23:00:00,64.0,
,False,dress,MY,MY,2026-01-10 00:00:00,46.0,
,False,dress,MY,MY,2026-01-10 01:00:00,55.0,
,False,dress,MY,MY,2026-01-10 02:00:00,69.0,
,False,dress,MY,MY,2026-01-10 03:00:00,70.0,
,False,dress,MY,MY,2026-01-10 04:00:00,68.0,
,False,dress,MY,MY,2026-01-10 05:00:00,74.0,
,False,dress,MY,MY,2026-01-10 06:00:00,64.0,
,False,dress,MY,MY,2026-01-10 07:00:00,76.0,
,False,dress,MY,MY,2026-01-10 08:00:00,71.0,
,False,dress,MY,MY,2026-01-10 09:00:00,76.0,
,False,dress,MY,MY,2026-01-10 10:00:00,78.0,
,False,dress,MY,MY,2026-01-10 11:00:00,63.0,
,False,dress,MY,MY,2026-01-10 12:00:00,66.0,
,True,dress,MY,MY,2026-01-10 13:00:00,75.0,
,False,t-shirt,MY,MY,2026-01-03 13:00:00,,27.0
,False,t-shirt,MY,MY,2026-01-03 14:00:00,,25.0
,False,t-shirt,MY,MY,2026-01-03 15:00:00,,18.0
,False,t-shirt,MY,MY,2026-01-03 16:00:00,,0.0
,False,t-shirt,MY,MY,2026-01-03 17:00:00,,0.0
,False,t-shirt,MY,MY,2026-01-03 18:00:00,,0.0
,False,t-shirt,MY,MY,2026-01-03 19:00:00,,0.0
,False,t-shirt,MY,MY,2026-01-03 20:00:00,,0.0
,False,t-shirt,MY,MY,2026-01-03 21:00:00,,0.0
,False,t-shirt,MY,MY,2026-01-03 22:00:00,,0.0
,False,t-shirt,MY,MY,2026-01-03 23:00:00,,0.0
,False,t-shirt,MY,MY,2026-01-04 00:00:00,,0.0
,False,t-shirt,MY,MY,2026-01-04 01:00:00,,0.0
,False,t-shirt,MY,MY,2026-01-04 02:00:00,,29.0
,False,t-shirt,MY,MY,2026-01-04 03:00:00,,25.0
,False,t-shirt,MY,MY,2026-01-04 04:00:00,,23.0
,False,t-shirt,MY,MY,2026-01-04 05:00:00,,29.0
,False,t-shirt,MY,MY,2026-01-04 06:00:00,,25.0
,False,t-shirt,MY,MY,2026-01-04 07:00:00,,27.0
,False,t-shirt,MY,MY,2026-01-04 08:00:00,,24.0
,False,t-shirt,MY,MY,2026-01-04 09:00:00,,30.0
,False,t-shirt,MY,MY,2026-01-04 10:00:00,,32.0
,False,t-shirt,MY,MY,2026-01-04 11:00:00,,27.0
,False,t-shirt,MY,MY,2026-01-04 12:00:00,,22.0
,False,t-shirt,MY,MY,2026-01-04 13:00:00,,16.0
,False,t-shirt,MY,MY,2026-01-04 14:00:00,,22.0
,False,t-shirt,MY,MY,2026-01-04 15:00:00,,28.0
,False,t-shirt,MY,MY,2026-01-04 16:00:00,,0.0
,False,t-shirt,MY,MY,2026-01-04 17:00:00,,0.0
,False,t-shirt,MY,MY,2026-01-04 18:00:00,,0.0
,False,t-shirt,MY,MY,2026-01-04 19:00:00,,0.0
,False,t-shirt,MY,MY,2026-01-04 20:00:00,,100.0
,False,t-shirt,MY,MY,2026-01-04 21:00:00,,0.0
,False,t-shirt,MY,MY,2026-01-04 22:00:00,,0.0
,False,t-shirt,MY,MY,2026-01-04 23:00:00,,0.0
,False,t-shirt,MY,MY,2026-01-05 00:00:00,,0.0
,False,t-shirt,MY,MY,2026-01-05 01:00:00,,0.0
,False,t-shirt,MY,MY,2026-01-05 02:00:00,,29.0
,False,t-shirt,MY,MY,2026-01-05 03:00:00,,24.0
,False,t-shirt,MY,MY,2026-01-05 04:00:00,,20.0
,False,t-shirt,MY,MY,2026-01-05 05:00:00,,25.0
,False,t-shirt,MY,MY,2026-01-05 06:00:00,,23.0
,False,t-shirt,MY,MY,2026-01-05 07:00:00,,28.0
,False,t-shirt,MY,MY,2026-01-05 08:00:00,,25.0
,False,t-shirt,MY,MY,2026-01-05 09:00:00,,23.0
,False,t-shirt,MY,MY,2026-01-05 10:00:00,,27.0
,False,t-shirt,MY,MY,2026-01-05 11:00:00,,20.0
,False,t-shirt,MY,MY,2026-01-05 12:00:00,,18.0
,False,t-shirt,MY,MY,2026-01-05 13:00:00,,27.0
,False,t-shirt,MY,MY,2026-01-05 14:00:00,,27.0
,False,t-shirt,MY,MY,2026-01-05 15:00:00,,0.0
,False,t-shirt,MY,MY,2026-01-05 16:00:00,,35.0
,False,t-shirt,MY,MY,2026-01-05 17:00:00,,0.0
,False,t-shirt,MY,MY,2026-01-05 18:00:00,,0.0
,False,t-shirt,MY,MY,2026-01-05 19:00:00,,0.0
,False,t-shirt,MY,MY,2026-01-05 20:00:00,,0.0
,False,t-shirt,MY,MY,2026-01-05 21:00:00,,0.0
,False,t-shirt,MY,MY,2026-01-05 22:00:00,,0.0
,False,t-shirt,MY,MY,2026-01-05 23:00:00,,0.0
,False,t-shirt,MY,MY,2026-01-06 00:00:00,,0.0
,False,t-shirt,MY,MY,2026-01-06 01:00:00,,20.0
,False,t-shirt,MY,MY,2026-01-06 02:00:00,,27.0
,False,t-shirt,MY,MY,2026-01-06 03:00:00,,21.0
,False,t-shirt,MY,MY,2026-01-06 04:00:00,,23.0
,False,t-shirt,MY,MY,2026-01-06 05:00:00,,15.0
,False,t-shirt,MY,MY,2026-01-06 06:00:00,,17.0
,False,t-shirt,MY,MY,2026-01-06 07:00:00,,25.0
,False,t-shirt,MY,MY,2026-01-06 08:00:00,,17.0
,False,t-shirt,MY,MY,2026-01-06 09:00:00,,25.0
,False,t-shirt,MY,MY,2026-01-06 10:00:00,,19.0
,False,t-shirt,MY,MY,2026-01-06 11:00:00,,19.0
,False,t-shirt,MY,MY,2026-01-06 12:00:00,,31.0
,False,t-shirt,MY,MY,2026-01-06 13:00:00,,32.0
,False,t-shirt,MY,MY,2026-01-06 14:00:00,,27.0
,False,t-shirt,MY,MY,2026-01-06 15:00:00,,26.0
,False,t-shirt,MY,MY,2026-01-06 16:00:00,,22.0
,False,t-shirt,MY,MY,2026-01-06 17:00:00,,0.0
,False,t-shirt,MY,MY,2026-01-06 18:00:00,,0.0
,False,t-shirt,MY,MY,2026-01-06 19:00:00,,0.0
,False,t-shirt,MY,MY,2026-01-06 20:00:00,,0.0
,False,t-shirt,MY,MY,2026-01-06 21:00:00,,0.0
,False,t-shirt,MY,MY,2026-01-06 22:00:00,,0.0
,False,t-shirt,MY,MY,2026-01-06 23:00:00,,0.0
,False,t-shirt,MY,MY,2026-01-07 00:00:00,,0.0
,False,t-shirt,MY,MY,2026-01-07 01:00:00,,16.0
,False,t-shirt,MY,MY,2026-01-07 02:00:00,,18.0
,False,t-shirt,MY,MY,2026-01-07 03:00:00,,26.0
,False,t-shirt,MY,MY,2026-01-07 04:00:00,,31.0
,False,t-shirt,MY,MY,2026-01-07 05:00:00,,23.0
,False,t-shirt,MY,MY,2026-01-07 06:00:00,,31.0
,False,t-shirt,MY,MY,2026-01-07 07:00:00,,37.0
,False,t-shirt,MY,MY,2026-01-07 08:00:00,,18.0
,False,t-shirt,MY,MY,2026-01-07 09:00:00,,42.0
,False,t-shirt,MY,MY,2026-01-07 10:00:00,,24.0
,False,t-shirt,MY,MY,2026-01-07 11:00:00,,18.0
,False,t-shirt,MY,MY,2026-01-07 12:00:00,,19.0
,False,t-shirt,MY,MY,2026-01-07 13:00:00,,25.0
,False,t-shirt,MY,MY,2026-01-07 14:00:00,,30.0
,False,t-shirt,MY,MY,2026-01-07 15:00:00,,34.0
,False,t-shirt,MY,MY,2026-01-07 16:00:00,,22.0
,False,t-shirt,MY,MY,2026-01-07 17:00:00,,0.0
,False,t-shirt,MY,MY,2026-01-07 18:00:00,,52.0
,False,t-shirt,MY,MY,2026-01-07 19:00:00,,0.0
,False,t-shirt,MY,MY,2026-01-07 20:00:00,,0.0
,False,t-shirt,MY,MY,2026-01-07 21:00:00,,0.0
,False,t-shirt,MY,MY,2026-01-07 22:00:00,,0.0
,False,t-shirt,MY,MY,2026-01-07 23:00:00,,0.0
,False,t-shirt,MY,MY,2026-01-08 00:00:00,,26.0
,False,t-shirt,MY,MY,2026-01-08 01:00:00,,35.0
,False,t-shirt,MY,MY,2026-01-08 02:00:00,,21.0
,False,t-shirt,MY,MY,2026-01-08 03:00:00,,26.0
,False,t-shirt,MY,MY,2026-01-08 04:00:00,,18.0
,False,t-shirt,MY,MY,2026-01-08 05:00:00,,29.0
,False,t-shirt,MY,MY,2026-01-08 06:00:00,,22.0
,False,t-shirt,MY,MY,2026-01-08 07:00:00,,29.0
,False,t-shirt,MY,MY,2026-01-08 08:00:00,,19.0
,False,t-shirt,MY,MY,2026-01-08 09:00:00,,23.0
,False,t-shirt,MY,MY,2026-01-08 10:00:00,,25.0
,False,t-shirt,MY,MY,2026-01-08 11:00:00,,21.0
,False,t-shirt,MY,MY,2026-01-08 12:00:00,,25.0
,False,t-shirt,MY,MY,2026-01-08 13:00:00,,24.0
,False,t-shirt,MY,MY,2026-01-08 14:00:00,,22.0
,False,t-shirt,MY,MY,2026-01-08 15:00:00,,27.0
,False,t-shirt,MY,MY,2026-01-08 16:00:00,,0.0
,False,t-shirt,MY,MY,2026-01-08 17:00:00,,33.0
,False,t-shirt,MY,MY,2026-01-08 18:00:00,,0.0
,False,t-shirt,MY,MY,2026-01-08 19:00:00,,67.0
,False,t-shirt,MY,MY,2026-01-08 20:00:00,,0.0
,False,t-shirt,MY,MY,2026-01-08 21:00:00,,0.0
,False,t-shirt,MY,MY,2026-01-08 22:00:00,,0.0
,False,t-shirt,MY,MY,2026-01-08 23:00:00,,0.0
,False,t-shirt,MY,MY,2026-01-09 00:00:00,,23.0
,False,t-shirt,MY,MY,2026-01-09 01:00:00,,29.0
,False,t-shirt,MY,MY,2026-01-09 02:00:00,,27.0
,False,t-shirt,MY,MY,2026-01-09 03:00:00,,24.0
,False,t-shirt,MY,MY,2026-01-09 04:00:00,,30.0
,False,t-shirt,MY,MY,2026-01-09 05:00:00,,31.0
,False,t-shirt,MY,MY,2026-01-09 06:00:00,,20.0
,False,t-shirt,MY,MY,2026-01-09 07:00:00,,33.0
,False,t-shirt,MY,MY,2026-01-09 08:00:00,,24.0
,False,t-shirt,MY,MY,2026-01-09 09:00:00,,32.0
,False,t-shirt,MY,MY,2026-01-09 10:00:00,,36.0
,False,t-shirt,MY,MY,2026-01-09 11:00:00,,34.0
,False,t-shirt,MY,MY,2026-01-09 12:00:00,,29.0
,False,t-shirt,MY,MY,2026-01-09 13:00:00,,33.0
,False,t-shirt,MY,MY,2026-01-09 14:00:00,,29.0
,False,t-shirt,MY,MY,2026-01-09 15:00:00,,24.0
,False,t-shirt,MY,MY,2026-01-09 16:00:00,,31.0
,False,t-shirt,MY,MY,2026-01-09 17:00:00,,63.0
,False,t-shirt,MY,MY,2026-01-09 18:00:00,,0.0
,False,t-shirt,MY,MY,2026-01-09 19:00:00,,0.0
,False,t-shirt,MY,MY,2026-01-09 20:00:00,,0.0
,False,t-shirt,MY,MY,2026-01-09 21:00:00,,0.0
,False,t-shirt,MY,MY,2026-01-09 22:00:00,,0.0
,False,t-shirt,MY,MY,2026-01-09 23:00:00,,0.0
,False,t-shirt,MY,MY,2026-01-10 00:00:00,,0.0
,False,t-shirt,MY,MY,2026-01-10 01:00:00,,0.0
,False,t-shirt,MY,MY,2026-01-10 02:00:00,,21.0
,False,t-shirt,MY,MY,2026-01-10 03:00:00,,32.0
,False,t-shirt,MY,MY,2026-01-10 04:00:00,,24.0
,False,t-shirt,MY,MY,2026-01-10 05:00:00,,32.0
,False,t-shirt,MY,MY,2026-01-10 06:00:00,,50.0
,False,t-shirt,MY,MY,2026-01-10 07:00:00,,36.0
,False,t-shirt,MY,MY,2026-01-10 08:00:00,,36.0
,False,t-shirt,MY,MY,2026-01-10 09:00:00,,21.0
,False,t-shirt,MY,MY,2026-01-10 10:00:00,,24.0
,False,t-shirt,MY,MY,2026-01-10 11:00:00,,35.0
,False,t-shirt,MY,MY,2026-01-10 12:00:00,,25.0
,True,t-shirt,MY,MY,2026-01-10 13:00:00,,32.0
44.0,False,pant,TH,TH,2026-01-03 13:00:00,,
53.0,False,pant,TH,TH,2026-01-03 14:00:00,,
0.0,False,pant,TH,TH,2026-01-03 15:00:00,,
0.0,False,pant,TH,TH,2026-01-03 16:00:00,,
0.0,False,pant,TH,TH,2026-01-03 17:00:00,,
0.0,False,pant,TH,TH,2026-01-03 18:00:00,,
0.0,False,pant,TH,TH,2026-01-03 19:00:00,,
0.0,False,pant,TH,TH,2026-01-03 20:00:00,,
0.0,False,pant,TH,TH,2026-01-03 21:00:00,,
0.0,False,pant,TH,TH,2026-01-03 22:00:00,,
0.0,False,pant,TH,TH,2026-01-03 23:00:00,,
0.0,False,pant,TH,TH,2026-01-04 00:00:00,,
0.0,False,pant,TH,TH,2026-01-04 01:00:00,,
0.0,False,pant,TH,TH,2026-01-04 02:00:00,,
0.0,False,pant,TH,TH,2026-01-04 03:00:00,,
0.0,False,pant,TH,TH,2026-01-04 04:00:00,,
50.0,False,pant,TH,TH,2026-01-04 05:00:00,,
74.0,False,pant,TH,TH,2026-01-04 06:00:00,,
0.0,False,pant,TH,TH,2026-01-04 07:00:00,,
52.0,False,pant,TH,TH,2026-01-04 08:00:00,,
0.0,False,pant,TH,TH,2026-01-04 09:00:00,,
75.0,False,pant,TH,TH,2026-01-04 10:00:00,,
0.0,False,pant,TH,TH,2026-01-04 11:00:00,,
72.0,False,pant,TH,TH,2026-01-04 12:00:00,,
51.0,False,pant,TH,TH,2026-01-04 13:00:00,,
0.0,False,pant,TH,TH,2026-01-04 14:00:00,,
58.0,False,pant,TH,TH,2026-01-04 15:00:00,,
0.0,False,pant,TH,TH,2026-01-04 16:00:00,,
0.0,False,pant,TH,TH,2026-01-04 17:00:00,,
0.0,False,pant,TH,TH,2026-01-04 18:00:00,,
0.0,False,pant,TH,TH,2026-01-04 19:00:00,,
0.0,False,pant,TH,TH,2026-01-04 20:00:00,,
0.0,False,pant,TH,TH,2026-01-04 21:00:00,,
0.0,False,pant,TH,TH,2026-01-04 22:00:00,,
0.0,False,pant,TH,TH,2026-01-04 23:00:00,,
0.0,False,pant,TH,TH,2026-01-05 00:00:00,,
0.0,False,pant,TH,TH,2026-01-05 01:00:00,,
0.0,False,pant,TH,TH,2026-01-05 02:00:00,,
0.0,False,pant,TH,TH,2026-01-05 03:00:00,,
0.0,False,pant,TH,TH,2026-01-05 04:00:00,,
0.0,False,pant,TH,TH,2026-01-05 05:00:00,,
0.0,False,pant,TH,TH,2026-01-05 06:00:00,,
50.0,False,pant,TH,TH,2026-01-05 07:00:00,,
40.0,False,pant,TH,TH,2026-01-05 08:00:00,,
0.0,False,pant,TH,TH,2026-01-05 09:00:00,,
0.0,False,pant,TH,TH,2026-01-05 10:00:00,,
49.0,False,pant,TH,TH,2026-01-05 11:00:00,,
0.0,False,pant,TH,TH,2026-01-05 12:00:00,,
0.0,False,pant,TH,TH,2026-01-05 13:00:00,,
74.0,False,pant,TH,TH,2026-01-05 14:00:00,,
57.0,False,pant,TH,TH,2026-01-05 15:00:00,,
0.0,False,pant,TH,TH,2026-01-05 16:00:00,,
0.0,False,pant,TH,TH,2026-01-05 17:00:00,,
0.0,False,pant,TH,TH,2026-01-05 18:00:00,,
0.0,False,pant,TH,TH,2026-01-05 19:00:00,,
0.0,False,pant,TH,TH,2026-01-05 20:00:00,,
0.0,False,pant,TH,TH,2026-01-05 21:00:00,,
0.0,False,pant,TH,TH,2026-01-05 22:00:00,,
0.0,False,pant,TH,TH,2026-01-05 23:00:00,,
0.0,False,pant,TH,TH,2026-01-06 00:00:00,,
0.0,False,pant,TH,TH,2026-01-06 01:00:00,,
0.0,False,pant,TH,TH,2026-01-06 02:00:00,,
37.0,False,pant,TH,TH,2026-01-06 03:00:00,,
0.0,False,pant,TH,TH,2026-01-06 04:00:00,,
0.0,False,pant,TH,TH,2026-01-06 05:00:00,,
0.0,False,pant,TH,TH,2026-01-06 06:00:00,,
0.0,False,pant,TH,TH,2026-01-06 07:00:00,,
51.0,False,pant,TH,TH,2026-01-06 08:00:00,,
0.0,False,pant,TH,TH,2026-01-06 09:00:00,,
53.0,False,pant,TH,TH,2026-01-06 10:00:00,,
0.0,False,pant,TH,TH,2026-01-06 11:00:00,,
0.0,False,pant,TH,TH,2026-01-06 12:00:00,,
51.0,False,pant,TH,TH,2026-01-06 13:00:00,,
0.0,False,pant,TH,TH,2026-01-06 14:00:00,,
65.0,False,pant,TH,TH,2026-01-06 15:00:00,,
72.0,False,pant,TH,TH,2026-01-06 16:00:00,,
0.0,False,pant,TH,TH,2026-01-06 17:00:00,,
0.0,False,pant,TH,TH,2026-01-06 18:00:00,,
0.0,False,pant,TH,TH,2026-01-06 19:00:00,,
0.0,False,pant,TH,TH,2026-01-06 20:00:00,,
0.0,False,pant,TH,TH,2026-01-06 21:00:00,,
0.0,False,pant,TH,TH,2026-01-06 22:00:00,,
0.0,False,pant,TH,TH,2026-01-06 23:00:00,,
0.0,False,pant,TH,TH,2026-01-07 00:00:00,,
0.0,False,pant,TH,TH,2026-01-07 01:00:00,,
0.0,False,pant,TH,TH,2026-01-07 02:00:00,,
0.0,False,pant,TH,TH,2026-01-07 03:00:00,,
0.0,False,pant,TH,TH,2026-01-07 04:00:00,,
47.0,False,pant,TH,TH,2026-01-07 05:00:00,,
0.0,False,pant,TH,TH,2026-01-07 06:00:00,,
42.0,False,pant,TH,TH,2026-01-07 07:00:00,,
37.0,False,pant,TH,TH,2026-01-07 08:00:00,,
60.0,False,pant,TH,TH,2026-01-07 09:00:00,,
0.0,False,pant,TH,TH,2026-01-07 10:00:00,,
0.0,False,pant,TH,TH,2026-01-07 11:00:00,,
87.0,False,pant,TH,TH,2026-01-07 12:00:00,,
45.0,False,pant,TH,TH,2026-01-07 13:00:00,,
0.0,False,pant,TH,TH,2026-01-07 14:00:00,,
53.0,False,pant,TH,TH,2026-01-07 15:00:00,,
0.0,False,pant,TH,TH,2026-01-07 16:00:00,,
0.0,False,pant,TH,TH,2026-01-07 17:00:00,,
0.0,False,pant,TH,TH,2026-01-07 18:00:00,,
0.0,False,pant,TH,TH,2026-01-07 19:00:00,,
0.0,False,pant,TH,TH,2026-01-07 20:00:00,,
0.0,False,pant,TH,TH,2026-01-07 21:00:00,,
0.0,False,pant,TH,TH,2026-01-07 22:00:00,,
0.0,False,pant,TH,TH,2026-01-07 23:00:00,,
0.0,False,pant,TH,TH,2026-01-08 00:00:00,,
0.0,False,pant,TH,TH,2026-01-08 01:00:00,,
0.0,False,pant,TH,TH,2026-01-08 02:00:00,,
40.0,False,pant,TH,TH,2026-01-08 03:00:00,,
0.0,False,pant,TH,TH,2026-01-08 04:00:00,,
0.0,False,pant,TH,TH,2026-01-08 05:00:00,,
38.0,False,pant,TH,TH,2026-01-08 06:00:00,,
0.0,False,pant,TH,TH,2026-01-08 07:00:00,,
45.0,False,pant,TH,TH,2026-01-08 08:00:00,,
0.0,False,pant,TH,TH,2026-01-08 09:00:00,,
0.0,False,pant,TH,TH,2026-01-08 10:00:00,,
0.0,False,pant,TH,TH,2026-01-08 11:00:00,,
0.0,False,pant,TH,TH,2026-01-08 12:00:00,,
43.0,False,pant,TH,TH,2026-01-08 13:00:00,,
48.0,False,pant,TH,TH,2026-01-08 14:00:00,,
53.0,False,pant,TH,TH,2026-01-08 15:00:00,,
67.0,False,pant,TH,TH,2026-01-08 16:00:00,,
0.0,False,pant,TH,TH,2026-01-08 17:00:00,,
0.0,False,pant,TH,TH,2026-01-08 18:00:00,,
0.0,False,pant,TH,TH,2026-01-08 19:00:00,,
0.0,False,pant,TH,TH,2026-01-08 20:00:00,,
0.0,False,pant,TH,TH,2026-01-08 21:00:00,,
0.0,False,pant,TH,TH,2026-01-08 22:00:00,,
0.0,False,pant,TH,TH,2026-01-08 23:00:00,,
0.0,False,pant,TH,TH,2026-01-09 00:00:00,,
0.0,False,pant,TH,TH,2026-01-09 01:00:00,,
0.0,False,pant,TH,TH,2026-01-09 02:00:00,,
0.0,False,pant,TH,TH,2026-01-09 03:00:00,,
54.0,False,pant,TH,TH,2026-01-09 04:00:00,,
54.0,False,pant,TH,TH,2026-01-09 05:00:00,,
0.0,False,pant,TH,TH,2026-01-09 06:00:00,,
43.0,False,pant,TH,TH,2026-01-09 07:00:00,,
0.0,False,pant,TH,TH,2026-01-09 08:00:00,,
68.0,False,pant,TH,TH,2026-01-09 09:00:00,,
0.0,False,pant,TH,TH,2026-01-09 10:00:00,,
0.0,False,pant,TH,TH,2026-01-09 11:00:00,,
59.0,False,pant,TH,TH,2026-01-09 12:00:00,,
57.0,False,pant,TH,TH,2026-01-09 13:00:00,,
89.0,False,pant,TH,TH,2026-01-09 14:00:00,,
51.0,False,pant,TH,TH,2026-01-09 15:00:00,,
100.0,False,pant,TH,TH,2026-01-09 16:00:00,,
78.0,False,pant,TH,TH,2026-01-09 17:00:00,,
0.0,False,pant,TH,TH,2026-01-09 18:00:00,,
0.0,False,pant,TH,TH,2026-01-09 19:00:00,,
0.0,False,pant,TH,TH,2026-01-09 20:00:00,,
0.0,False,pant,TH,TH,2026-01-09 21:00:00,,
0.0,False,pant,TH,TH,2026-01-09 22:00:00,,
0.0,False,pant,TH,TH,2026-01-09 23:00:00,,
0.0,False,pant,TH,TH,2026-01-10 00:00:00,,
0.0,False,pant,TH,TH,2026-01-10 01:00:00,,
0.0,False,pant,TH,TH,2026-01-10 02:00:00,,
70.0,False,pant,TH,TH,2026-01-10 03:00:00,,
54.0,False,pant,TH,TH,2026-01-10 04:00:00,,
50.0,False,pant,TH,TH,2026-01-10 05:00:00,,
62.0,False,pant,TH,TH,2026-01-10 06:00:00,,
74.0,False,pant,TH,TH,2026-01-10 07:00:00,,
70.0,False,pant,TH,TH,2026-01-10 08:00:00,,
0.0,False,pant,TH,TH,2026-01-10 09:00:00,,
0.0,False,pant,TH,TH,2026-01-10 10:00:00,,
0.0,False,pant,TH,TH,2026-01-10 11:00:00,,
47.0,False,pant,TH,TH,2026-01-10 12:00:00,,
0.0,True,pant,TH,TH,2026-01-10 13:00:00,,
,False,dress,TH,TH,2026-01-03 13:00:00,34.0,
,False,dress,TH,TH,2026-01-03 14:00:00,34.0,
,False,dress,TH,TH,2026-01-03 15:00:00,40.0,
,False,dress,TH,TH,2026-01-03 16:00:00,53.0,
,False,dress,TH,TH,2026-01-03 17:00:00,46.0,
,False,dress,TH,TH,2026-01-03 18:00:00,41.0,
,False,dress,TH,TH,2026-01-03 19:00:00,41.0,
,False,dress,TH,TH,2026-01-03 20:00:00,36.0,
,False,dress,TH,TH,2026-01-03 21:00:00,0.0,
,False,dress,TH,TH,2026-01-03 22:00:00,21.0,
,False,dress,TH,TH,2026-01-03 23:00:00,27.0,
,False,dress,TH,TH,2026-01-04 00:00:00,30.0,
,False,dress,TH,TH,2026-01-04 01:00:00,29.0,
,False,dress,TH,TH,2026-01-04 02:00:00,34.0,
,False,dress,TH,TH,2026-01-04 03:00:00,34.0,
,False,dress,TH,TH,2026-01-04 04:00:00,29.0,
,False,dress,TH,TH,2026-01-04 05:00:00,31.0,
,False,dress,TH,TH,2026-01-04 06:00:00,30.0,
,False,dress,TH,TH,2026-01-04 07:00:00,37.0,
,False,dress,TH,TH,2026-01-04 08:00:00,42.0,
,False,dress,TH,TH,2026-01-04 09:00:00,43.0,
,False,dress,TH,TH,2026-01-04 10:00:00,44.0,
,False,dress,TH,TH,2026-01-04 11:00:00,37.0,
,False,dress,TH,TH,2026-01-04 12:00:00,31.0,
,False,dress,TH,TH,2026-01-04 13:00:00,28.0,
,False,dress,TH,TH,2026-01-04 14:00:00,41.0,
,False,dress,TH,TH,2026-01-04 15:00:00,40.0,
,False,dress,TH,TH,2026-01-04 16:00:00,46.0,
,False,dress,TH,TH,2026-01-04 17:00:00,40.0,
,False,dress,TH,TH,2026-01-04 18:00:00,46.0,
,False,dress,TH,TH,2026-01-04 19:00:00,36.0,
,False,dress,TH,TH,2026-01-04 20:00:00,28.0,
,False,dress,TH,TH,2026-01-04 21:00:00,34.0,
,False,dress,TH,TH,2026-01-04 22:00:00,26.0,
,False,dress,TH,TH,2026-01-04 23:00:00,22.0,
,False,dress,TH,TH,2026-01-05 00:00:00,26.0,
,False,dress,TH,TH,2026-01-05 01:00:00,19.0,
,False,dress,TH,TH,2026-01-05 02:00:00,25.0,
,False,dress,TH,TH,2026-01-05 03:00:00,28.0,
,False,dress,TH,TH,2026-01-05 04:00:00,27.0,
,False,dress,TH,TH,2026-01-05 05:00:00,25.0,
,False,dress,TH,TH,2026-01-05 06:00:00,25.0,
,False,dress,TH,TH,2026-01-05 07:00:00,24.0,
,False,dress,TH,TH,2026-01-05 08:00:00,28.0,
,False,dress,TH,TH,2026-01-05 09:00:00,35.0,
,False,dress,TH,TH,2026-01-05 10:00:00,37.0,
,False,dress,TH,TH,2026-01-05 11:00:00,40.0,
,False,dress,TH,TH,2026-01-05 12:00:00,39.0,
,False,dress,TH,TH,2026-01-05 13:00:00,31.0,
,False,dress,TH,TH,2026-01-05 14:00:00,36.0,
,False,dress,TH,TH,2026-01-05 15:00:00,47.0,
,False,dress,TH,TH,2026-01-05 16:00:00,47.0,
,False,dress,TH,TH,2026-01-05 17:00:00,52.0,
,False,dress,TH,TH,2026-01-05 18:00:00,43.0,
,False,dress,TH,TH,2026-01-05 19:00:00,46.0,
,False,dress,TH,TH,2026-01-05 20:00:00,40.0,
,False,dress,TH,TH,2026-01-05 21:00:00,31.0,
,False,dress,TH,TH,2026-01-05 22:00:00,0.0,
,False,dress,TH,TH,2026-01-05 23:00:00,17.0,
,False,dress,TH,TH,2026-01-06 00:00:00,29.0,
,False,dress,TH,TH,2026-01-06 01:00:00,32.0,
,False,dress,TH,TH,2026-01-06 02:00:00,24.0,
,False,dress,TH,TH,2026-01-06 03:00:00,26.0,
,False,dress,TH,TH,2026-01-06 04:00:00,24.0,
,False,dress,TH,TH,2026-01-06 05:00:00,27.0,
,False,dress,TH,TH,2026-01-06 06:00:00,28.0,
,False,dress,TH,TH,2026-01-06 07:00:00,29.0,
,False,dress,TH,TH,2026-01-06 08:00:00,24.0,
,False,dress,TH,TH,2026-01-06 09:00:00,35.0,
,False,dress,TH,TH,2026-01-06 10:00:00,40.0,
,False,dress,TH,TH,2026-01-06 11:00:00,42.0,
,False,dress,TH,TH,2026-01-06 12:00:00,41.0,
,False,dress,TH,TH,2026-01-06 13:00:00,42.0,
,False,dress,TH,TH,2026-01-06 14:00:00,34.0,
,False,dress,TH,TH,2026-01-06 15:00:00,36.0,
,False,dress,TH,TH,2026-01-06 16:00:00,39.0,
,False,dress,TH,TH,2026-01-06 17:00:00,48.0,
,False,dress,TH,TH,2026-01-06 18:00:00,50.0,
,False,dress,TH,TH,2026-01-06 19:00:00,26.0,
,False,dress,TH,TH,2026-01-06 20:00:00,0.0,
,False,dress,TH,TH,2026-01-06 21:00:00,0.0,
,False,dress,TH,TH,2026-01-06 22:00:00,31.0,
,False,dress,TH,TH,2026-01-06 23:00:00,25.0,
,False,dress,TH,TH,2026-01-07 00:00:00,25.0,
,False,dress,TH,TH,2026-01-07 01:00:00,18.0,
,False,dress,TH,TH,2026-01-07 02:00:00,23.0,
,False,dress,TH,TH,2026-01-07 03:00:00,27.0,
,False,dress,TH,TH,2026-01-07 04:00:00,27.0,
,False,dress,TH,TH,2026-01-07 05:00:00,28.0,
,False,dress,TH,TH,2026-01-07 06:00:00,30.0,
,False,dress,TH,TH,2026-01-07 07:00:00,36.0,
,False,dress,TH,TH,2026-01-07 08:00:00,30.0,
,False,dress,TH,TH,2026-01-07 09:00:00,38.0,
,False,dress,TH,TH,2026-01-07 10:00:00,36.0,
,False,dress,TH,TH,2026-01-07 11:00:00,34.0,
,False,dress,TH,TH,2026-01-07 12:00:00,36.0,
,False,dress,TH,TH,2026-01-07 13:00:00,31.0,
,False,dress,TH,TH,2026-01-07 14:00:00,32.0,
,False,dress,TH,TH,2026-01-07 15:00:00,40.0,
,False,dress,TH,TH,2026-01-07 16:00:00,48.0,
,False,dress,TH,TH,2026-01-07 17:00:00,43.0,
,False,dress,TH,TH,2026-01-07 18:00:00,54.0,
,False,dress,TH,TH,2026-01-07 19:00:00,35.0,
,False,dress,TH,TH,2026-01-07 20:00:00,26.0,
,False,dress,TH,TH,2026-01-07 21:00:00,24.0,
,False,dress,TH,TH,2026-01-07 22:00:00,26.0,
,False,dress,TH,TH,2026-01-07 23:00:00,19.0,
,False,dress,TH,TH,2026-01-08 00:00:00,26.0,
,False,dress,TH,TH,2026-01-08 01:00:00,29.0,
,False,dress,TH,TH,2026-01-08 02:00:00,27.0,
,False,dress,TH,TH,2026-01-08 03:00:00,27.0,
,False,dress,TH,TH,2026-01-08 04:00:00,28.0,
,False,dress,TH,TH,2026-01-08 05:00:00,37.0,
,False,dress,TH,TH,2026-01-08 06:00:00,30.0,
,False,dress,TH,TH,2026-01-08 07:00:00,32.0,
,False,dress,TH,TH,2026-01-08 08:00:00,39.0,
,False,dress,TH,TH,2026-01-08 09:00:00,36.0,
,False,dress,TH,TH,2026-01-08 10:00:00,37.0,
,False,dress,TH,TH,2026-01-08 11:00:00,36.0,
,False,dress,TH,TH,2026-01-08 12:00:00,38.0,
,False,dress,TH,TH,2026-01-08 13:00:00,39.0,
,False,dress,TH,TH,2026-01-08 14:00:00,37.0,
,False,dress,TH,TH,2026-01-08 15:00:00,45.0,
,False,dress,TH,TH,2026-01-08 16:00:00,38.0,
,False,dress,TH,TH,2026-01-08 17:00:00,56.0,
,False,dress,TH,TH,2026-01-08 18:00:00,65.0,
,False,dress,TH,TH,2026-01-08 19:00:00,43.0,
,False,dress,TH,TH,2026-01-08 20:00:00,37.0,
,False,dress,TH,TH,2026-01-08 21:00:00,25.0,
,False,dress,TH,TH,2026-01-08 22:00:00,35.0,
,False,dress,TH,TH,2026-01-08 23:00:00,25.0,
,False,dress,TH,TH,2026-01-09 00:00:00,44.0,
,False,dress,TH,TH,2026-01-09 01:00:00,26.0,
,False,dress,TH,TH,2026-01-09 02:00:00,32.0,
,False,dress,TH,TH,2026-01-09 03:00:00,38.0,
,False,dress,TH,TH,2026-01-09 04:00:00,35.0,
,False,dress,TH,TH,2026-01-09 05:00:00,37.0,
,False,dress,TH,TH,2026-01-09 06:00:00,35.0,
,False,dress,TH,TH,2026-01-09 07:00:00,39.0,
,False,dress,TH,TH,2026-01-09 08:00:00,49.0,
,False,dress,TH,TH,2026-01-09 09:00:00,46.0,
,False,dress,TH,TH,2026-01-09 10:00:00,49.0,
,False,dress,TH,TH,2026-01-09 11:00:00,51.0,
,False,dress,TH,TH,2026-01-09 12:00:00,49.0,
,False,dress,TH,TH,2026-01-09 13:00:00,51.0,
,False,dress,TH,TH,2026-01-09 14:00:00,57.0,
,False,dress,TH,TH,2026-01-09 15:00:00,62.0,
,False,dress,TH,TH,2026-01-09 16:00:00,64.0,
,False,dress,TH,TH,2026-01-09 17:00:00,80.0,
,False,dress,TH,TH,2026-01-09 18:00:00,100.0,
,False,dress,TH,TH,2026-01-09 19:00:00,83.0,
,False,dress,TH,TH,2026-01-09 20:00:00,65.0,
,False,dress,TH,TH,2026-01-09 21:00:00,32.0,
,False,dress,TH,TH,2026-01-09 22:00:00,22.0,
,False,dress,TH,TH,2026-01-09 23:00:00,19.0,
,False,dress,TH,TH,2026-01-10 00:00:00,30.0,
,False,dress,TH,TH,2026-01-10 01:00:00,30.0,
,False,dress,TH,TH,2026-01-10 02:00:00,50.0,
,False,dress,TH,TH,2026-01-10 03:00:00,55.0,
,False,dress,TH,TH,2026-01-10 04:00:00,49.0,
,False,dress,TH,TH,2026-01-10 05:00:00,55.0,
,False,dress,TH,TH,2026-01-10 06:00:00,55.0,
,False,dress,TH,TH,2026-01-10 07:00:00,52.0,
,False,dress,TH,TH,2026-01-10 08:00:00,53.0,
,False,dress,TH,TH,2026-01-10 09:00:00,51.0,
,False,dress,TH,TH,2026-01-10 10:00:00,60.0,
,False,dress,TH,TH,2026-01-10 11:00:00,54.0,
,False,dress,TH,TH,2026-01-10 12:00:00,47.0,
,True,dress,TH,TH,2026-01-10 13:00:00,59.0,
,False,t-shirt,TH,TH,2026-01-03 13:00:00,,57.0
,False,t-shirt,TH,TH,2026-01-03 14:00:00,,67.0
,False,t-shirt,TH,TH,2026-01-03 15:00:00,,50.0
,False,t-shirt,TH,TH,2026-01-03 16:00:00,,0.0
,False,t-shirt,TH,TH,2026-01-03 17:00:00,,0.0
,False,t-shirt,TH,TH,2026-01-03 18:00:00,,99.0
,False,t-shirt,TH,TH,2026-01-03 19:00:00,,0.0
,False,t-shirt,TH,TH,2026-01-03 20:00:00,,0.0
,False,t-shirt,TH,TH,2026-01-03 21:00:00,,0.0
,False,t-shirt,TH,TH,2026-01-03 22:00:00,,0.0
,False,t-shirt,TH,TH,2026-01-03 23:00:00,,0.0
,False,t-shirt,TH,TH,2026-01-04 00:00:00,,0.0
,False,t-shirt,TH,TH,2026-01-04 01:00:00,,0.0
,False,t-shirt,TH,TH,2026-01-04 02:00:00,,55.0
,False,t-shirt,TH,TH,2026-01-04 03:00:00,,59.0
,False,t-shirt,TH,TH,2026-01-04 04:00:00,,65.0
,False,t-shirt,TH,TH,2026-01-04 05:00:00,,54.0
,False,t-shirt,TH,TH,2026-01-04 06:00:00,,40.0
,False,t-shirt,TH,TH,2026-01-04 07:00:00,,76.0
,False,t-shirt,TH,TH,2026-01-04 08:00:00,,0.0
,False,t-shirt,TH,TH,2026-01-04 09:00:00,,60.0
,False,t-shirt,TH,TH,2026-01-04 10:00:00,,44.0
,False,t-shirt,TH,TH,2026-01-04 11:00:00,,86.0
,False,t-shirt,TH,TH,2026-01-04 12:00:00,,68.0
,False,t-shirt,TH,TH,2026-01-04 13:00:00,,43.0
,False,t-shirt,TH,TH,2026-01-04 14:00:00,,54.0
,False,t-shirt,TH,TH,2026-01-04 15:00:00,,0.0
,False,t-shirt,TH,TH,2026-01-04 16:00:00,,0.0
,False,t-shirt,TH,TH,2026-01-04 17:00:00,,0.0
,False,t-shirt,TH,TH,2026-01-04 18:00:00,,0.0
,False,t-shirt,TH,TH,2026-01-04 19:00:00,,0.0
,False,t-shirt,TH,TH,2026-01-04 20:00:00,,0.0
,False,t-shirt,TH,TH,2026-01-04 21:00:00,,0.0
,False,t-shirt,TH,TH,2026-01-04 22:00:00,,0.0
,False,t-shirt,TH,TH,2026-01-04 23:00:00,,0.0
,False,t-shirt,TH,TH,2026-01-05 00:00:00,,0.0
,False,t-shirt,TH,TH,2026-01-05 01:00:00,,0.0
,False,t-shirt,TH,TH,2026-01-05 02:00:00,,0.0
,False,t-shirt,TH,TH,2026-01-05 03:00:00,,36.0
,False,t-shirt,TH,TH,2026-01-05 04:00:00,,40.0
,False,t-shirt,TH,TH,2026-01-05 05:00:00,,0.0
,False,t-shirt,TH,TH,2026-01-05 06:00:00,,0.0
,False,t-shirt,TH,TH,2026-01-05 07:00:00,,42.0
,False,t-shirt,TH,TH,2026-01-05 08:00:00,,49.0
,False,t-shirt,TH,TH,2026-01-05 09:00:00,,52.0
,False,t-shirt,TH,TH,2026-01-05 10:00:00,,83.0
,False,t-shirt,TH,TH,2026-01-05 11:00:00,,56.0
,False,t-shirt,TH,TH,2026-01-05 12:00:00,,76.0
,False,t-shirt,TH,TH,2026-01-05 13:00:00,,0.0
,False,t-shirt,TH,TH,2026-01-05 14:00:00,,47.0
,False,t-shirt,TH,TH,2026-01-05 15:00:00,,46.0
,False,t-shirt,TH,TH,2026-01-05 16:00:00,,0.0
,False,t-shirt,TH,TH,2026-01-05 17:00:00,,0.0
,False,t-shirt,TH,TH,2026-01-05 18:00:00,,0.0
,False,t-shirt,TH,TH,2026-01-05 19:00:00,,0.0
,False,t-shirt,TH,TH,2026-01-05 20:00:00,,0.0
,False,t-shirt,TH,TH,2026-01-05 21:00:00,,0.0
,False,t-shirt,TH,TH,2026-01-05 22:00:00,,0.0
,False,t-shirt,TH,TH,2026-01-05 23:00:00,,0.0
,False,t-shirt,TH,TH,2026-01-06 00:00:00,,0.0
,False,t-shirt,TH,TH,2026-01-06 01:00:00,,0.0
,False,t-shirt,TH,TH,2026-01-06 02:00:00,,0.0
,False,t-shirt,TH,TH,2026-01-06 03:00:00,,42.0
,False,t-shirt,TH,TH,2026-01-06 04:00:00,,0.0
,False,t-shirt,TH,TH,2026-01-06 05:00:00,,48.0
,False,t-shirt,TH,TH,2026-01-06 06:00:00,,33.0
,False,t-shirt,TH,TH,2026-01-06 07:00:00,,0.0
,False,t-shirt,TH,TH,2026-01-06 08:00:00,,56.0
,False,t-shirt,TH,TH,2026-01-06 09:00:00,,0.0
,False,t-shirt,TH,TH,2026-01-06 10:00:00,,57.0
,False,t-shirt,TH,TH,2026-01-06 11:00:00,,60.0
,False,t-shirt,TH,TH,2026-01-06 12:00:00,,0.0
,False,t-shirt,TH,TH,2026-01-06 13:00:00,,64.0
,False,t-shirt,TH,TH,2026-01-06 14:00:00,,63.0
,False,t-shirt,TH,TH,2026-01-06 15:00:00,,43.0
,False,t-shirt,TH,TH,2026-01-06 16:00:00,,0.0
,False,t-shirt,TH,TH,2026-01-06 17:00:00,,0.0
,False,t-shirt,TH,TH,2026-01-06 18:00:00,,0.0
,False,t-shirt,TH,TH,2026-01-06 19:00:00,,0.0
,False,t-shirt,TH,TH,2026-01-06 20:00:00,,0.0
,False,t-shirt,TH,TH,2026-01-06 21:00:00,,0.0
,False,t-shirt,TH,TH,2026-01-06 22:00:00,,0.0
,False,t-shirt,TH,TH,2026-01-06 23:00:00,,0.0
,False,t-shirt,TH,TH,2026-01-07 00:00:00,,0.0
,False,t-shirt,TH,TH,2026-01-07 01:00:00,,0.0
,False,t-shirt,TH,TH,2026-01-07 02:00:00,,0.0
,False,t-shirt,TH,TH,2026-01-07 03:00:00,,31.0
,False,t-shirt,TH,TH,2026-01-07 04:00:00,,45.0
,False,t-shirt,TH,TH,2026-01-07 05:00:00,,46.0
,False,t-shirt,TH,TH,2026-01-07 06:00:00,,46.0
,False,t-shirt,TH,TH,2026-01-07 07:00:00,,41.0
,False,t-shirt,TH,TH,2026-01-07 08:00:00,,50.0
,False,t-shirt,TH,TH,2026-01-07 09:00:00,,69.0
,False,t-shirt,TH,TH,2026-01-07 10:00:00,,0.0
,False,t-shirt,TH,TH,2026-01-07 11:00:00,,0.0
,False,t-shirt,TH,TH,2026-01-07 12:00:00,,64.0
,False,t-shirt,TH,TH,2026-01-07 13:00:00,,71.0
,False,t-shirt,TH,TH,2026-01-07 14:00:00,,37.0
,False,t-shirt,TH,TH,2026-01-07 15:00:00,,76.0
,False,t-shirt,TH,TH,2026-01-07 16:00:00,,65.0
,False,t-shirt,TH,TH,2026-01-07 17:00:00,,0.0
,False,t-shirt,TH,TH,2026-01-07 18:00:00,,0.0
,False,t-shirt,TH,TH,2026-01-07 19:00:00,,0.0
,False,t-shirt,TH,TH,2026-01-07 20:00:00,,0.0
,False,t-shirt,TH,TH,2026-01-07 21:00:00,,0.0
,False,t-shirt,TH,TH,2026-01-07 22:00:00,,0.0
,False,t-shirt,TH,TH,2026-01-07 23:00:00,,0.0
,False,t-shirt,TH,TH,2026-01-08 00:00:00,,0.0
,False,t-shirt,TH,TH,2026-01-08 01:00:00,,0.0
,False,t-shirt,TH,TH,2026-01-08 02:00:00,,0.0
,False,t-shirt,TH,TH,2026-01-08 03:00:00,,0.0
,False,t-shirt,TH,TH,2026-01-08 04:00:00,,41.0
,False,t-shirt,TH,TH,2026-01-08 05:00:00,,0.0
,False,t-shirt,TH,TH,2026-01-08 06:00:00,,0.0
,False,t-shirt,TH,TH,2026-01-08 07:00:00,,0.0
,False,t-shirt,TH,TH,2026-01-08 08:00:00,,46.0
,False,t-shirt,TH,TH,2026-01-08 09:00:00,,73.0
,False,t-shirt,TH,TH,2026-01-08 10:00:00,,90.0
,False,t-shirt,TH,TH,2026-01-08 11:00:00,,77.0
,False,t-shirt,TH,TH,2026-01-08 12:00:00,,61.0
,False,t-shirt,TH,TH,2026-01-08 13:00:00,,0.0
,False,t-shirt,TH,TH,2026-01-08 14:00:00,,64.0
,False,t-shirt,TH,TH,2026-01-08 15:00:00,,0.0
,False,t-shirt,TH,TH,2026-01-08 16:00:00,,0.0
,False,t-shirt,TH,TH,2026-01-08 17:00:00,,91.0
,False,t-shirt,TH,TH,2026-01-08 18:00:00,,0.0
,False,t-shirt,TH,TH,2026-01-08 19:00:00,,0.0
,False,t-shirt,TH,TH,2026-01-08 20:00:00,,0.0
,False,t-shirt,TH,TH,2026-01-08 21:00:00,,0.0
,False,t-shirt,TH,TH,2026-01-08 22:00:00,,0.0
,False,t-shirt,TH,TH,2026-01-08 23:00:00,,0.0
,False,t-shirt,TH,TH,2026-01-09 00:00:00,,0.0
,False,t-shirt,TH,TH,2026-01-09 01:00:00,,0.0
,False,t-shirt,TH,TH,2026-01-09 02:00:00,,0.0
,False,t-shirt,TH,TH,2026-01-09 03:00:00,,36.0
,False,t-shirt,TH,TH,2026-01-09 04:00:00,,41.0
,False,t-shirt,TH,TH,2026-01-09 05:00:00,,0.0
,False,t-shirt,TH,TH,2026-01-09 06:00:00,,41.0
,False,t-shirt,TH,TH,2026-01-09 07:00:00,,37.0
,False,t-shirt,TH,TH,2026-01-09 08:00:00,,64.0
,False,t-shirt,TH,TH,2026-01-09 09:00:00,,63.0
,False,t-shirt,TH,TH,2026-01-09 10:00:00,,0.0
,False,t-shirt,TH,TH,2026-01-09 11:00:00,,41.0
,False,t-shirt,TH,TH,2026-01-09 12:00:00,,65.0
,False,t-shirt,TH,TH,2026-01-09 13:00:00,,63.0
,False,t-shirt,TH,TH,2026-01-09 14:00:00,,77.0
,False,t-shirt,TH,TH,2026-01-09 15:00:00,,50.0
,False,t-shirt,TH,TH,2026-01-09 16:00:00,,100.0
,False,t-shirt,TH,TH,2026-01-09 17:00:00,,0.0
,False,t-shirt,TH,TH,2026-01-09 18:00:00,,0.0
,False,t-shirt,TH,TH,2026-01-09 19:00:00,,0.0
,False,t-shirt,TH,TH,2026-01-09 20:00:00,,0.0
,False,t-shirt,TH,TH,2026-01-09 21:00:00,,0.0
,False,t-shirt,TH,TH,2026-01-09 22:00:00,,0.0
,False,t-shirt,TH,TH,2026-01-09 23:00:00,,0.0
,False,t-shirt,TH,TH,2026-01-10 00:00:00,,0.0
,False,t-shirt,TH,TH,2026-01-10 01:00:00,,0.0
,False,t-shirt,TH,TH,2026-01-10 02:00:00,,68.0
,False,t-shirt,TH,TH,2026-01-10 03:00:00,,88.0
,False,t-shirt,TH,TH,2026-01-10 04:00:00,,63.0
,False,t-shirt,TH,TH,2026-01-10 05:00:00,,72.0
,False,t-shirt,TH,TH,2026-01-10 06:00:00,,72.0
,False,t-shirt,TH,TH,2026-01-10 07:00:00,,46.0
,False,t-shirt,TH,TH,2026-01-10 08:00:00,,79.0
,False,t-shirt,TH,TH,2026-01-10 09:00:00,,86.0
,False,t-shirt,TH,TH,2026-01-10 10:00:00,,48.0
,False,t-shirt,TH,TH,2026-01-10 11:00:00,,79.0
,False,t-shirt,TH,TH,2026-01-10 12:00:00,,47.0
,True,t-shirt,TH,TH,2026-01-10 13:00:00,,69.0
0.0,False,pant,VN,VN,2026-01-03 13:00:00,,
0.0,False,pant,VN,VN,2026-01-03 14:00:00,,
0.0,False,pant,VN,VN,2026-01-03 15:00:00,,
0.0,False,pant,VN,VN,2026-01-03 16:00:00,,
0.0,False,pant,VN,VN,2026-01-03 17:00:00,,
0.0,False,pant,VN,VN,2026-01-03 18:00:00,,
0.0,False,pant,VN,VN,2026-01-03 19:00:00,,
0.0,False,pant,VN,VN,2026-01-03 20:00:00,,
0.0,False,pant,VN,VN,2026-01-03 21:00:00,,
0.0,False,pant,VN,VN,2026-01-03 22:00:00,,
0.0,False,pant,VN,VN,2026-01-03 23:00:00,,
0.0,False,pant,VN,VN,2026-01-04 00:00:00,,
0.0,False,pant,VN,VN,2026-01-04 01:00:00,,
0.0,False,pant,VN,VN,2026-01-04 02:00:00,,
0.0,False,pant,VN,VN,2026-01-04 03:00:00,,
29.0,False,pant,VN,VN,2026-01-04 04:00:00,,
0.0,False,pant,VN,VN,2026-01-04 05:00:00,,
0.0,False,pant,VN,VN,2026-01-04 06:00:00,,
0.0,False,pant,VN,VN,2026-01-04 07:00:00,,
0.0,False,pant,VN,VN,2026-01-04 08:00:00,,
0.0,False,pant,VN,VN,2026-01-04 09:00:00,,
0.0,False,pant,VN,VN,2026-01-04 10:00:00,,
0.0,False,pant,VN,VN,2026-01-04 11:00:00,,
0.0,False,pant,VN,VN,2026-01-04 12:00:00,,
18.0,False,pant,VN,VN,2026-01-04 13:00:00,,
21.0,False,pant,VN,VN,2026-01-04 14:00:00,,
39.0,False,pant,VN,VN,2026-01-04 15:00:00,,
0.0,False,pant,VN,VN,2026-01-04 16:00:00,,
0.0,False,pant,VN,VN,2026-01-04 17:00:00,,
0.0,False,pant,VN,VN,2026-01-04 18:00:00,,
0.0,False,pant,VN,VN,2026-01-04 19:00:00,,
0.0,False,pant,VN,VN,2026-01-04 20:00:00,,
0.0,False,pant,VN,VN,2026-01-04 21:00:00,,
0.0,False,pant,VN,VN,2026-01-04 22:00:00,,
0.0,False,pant,VN,VN,2026-01-04 23:00:00,,
0.0,False,pant,VN,VN,2026-01-05 00:00:00,,
0.0,False,pant,VN,VN,2026-01-05 01:00:00,,
0.0,False,pant,VN,VN,2026-01-05 02:00:00,,
0.0,False,pant,VN,VN,2026-01-05 03:00:00,,
21.0,False,pant,VN,VN,2026-01-05 04:00:00,,
0.0,False,pant,VN,VN,2026-01-05 05:00:00,,
0.0,False,pant,VN,VN,2026-01-05 06:00:00,,
0.0,False,pant,VN,VN,2026-01-05 07:00:00,,
0.0,False,pant,VN,VN,2026-01-05 08:00:00,,
0.0,False,pant,VN,VN,2026-01-05 09:00:00,,
25.0,False,pant,VN,VN,2026-01-05 10:00:00,,
0.0,False,pant,VN,VN,2026-01-05 11:00:00,,
0.0,False,pant,VN,VN,2026-01-05 12:00:00,,
19.0,False,pant,VN,VN,2026-01-05 13:00:00,,
0.0,False,pant,VN,VN,2026-01-05 14:00:00,,
0.0,False,pant,VN,VN,2026-01-05 15:00:00,,
35.0,False,pant,VN,VN,2026-01-05 16:00:00,,
0.0,False,pant,VN,VN,2026-01-05 17:00:00,,
0.0,False,pant,VN,VN,2026-01-05 18:00:00,,
0.0,False,pant,VN,VN,2026-01-05 19:00:00,,
0.0,False,pant,VN,VN,2026-01-05 20:00:00,,
0.0,False,pant,VN,VN,2026-01-05 21:00:00,,
0.0,False,pant,VN,VN,2026-01-05 22:00:00,,
0.0,False,pant,VN,VN,2026-01-05 23:00:00,,
0.0,False,pant,VN,VN,2026-01-06 00:00:00,,
0.0,False,pant,VN,VN,2026-01-06 01:00:00,,
0.0,False,pant,VN,VN,2026-01-06 02:00:00,,
0.0,False,pant,VN,VN,2026-01-06 03:00:00,,
31.0,False,pant,VN,VN,2026-01-06 04:00:00,,
35.0,False,pant,VN,VN,2026-01-06 05:00:00,,
0.0,False,pant,VN,VN,2026-01-06 06:00:00,,
20.0,False,pant,VN,VN,2026-01-06 07:00:00,,
0.0,False,pant,VN,VN,2026-01-06 08:00:00,,
17.0,False,pant,VN,VN,2026-01-06 09:00:00,,
19.0,False,pant,VN,VN,2026-01-06 10:00:00,,
0.0,False,pant,VN,VN,2026-01-06 11:00:00,,
21.0,False,pant,VN,VN,2026-01-06 12:00:00,,
0.0,False,pant,VN,VN,2026-01-06 13:00:00,,
29.0,False,pant,VN,VN,2026-01-06 14:00:00,,
29.0,False,pant,VN,VN,2026-01-06 15:00:00,,
0.0,False,pant,VN,VN,2026-01-06 16:00:00,,
0.0,False,pant,VN,VN,2026-01-06 17:00:00,,
0.0,False,pant,VN,VN,2026-01-06 18:00:00,,
0.0,False,pant,VN,VN,2026-01-06 19:00:00,,
0.0,False,pant,VN,VN,2026-01-06 20:00:00,,
0.0,False,pant,VN,VN,2026-01-06 21:00:00,,
0.0,False,pant,VN,VN,2026-01-06 22:00:00,,
0.0,False,pant,VN,VN,2026-01-06 23:00:00,,
0.0,False,pant,VN,VN,2026-01-07 00:00:00,,
0.0,False,pant,VN,VN,2026-01-07 01:00:00,,
0.0,False,pant,VN,VN,2026-01-07 02:00:00,,
21.0,False,pant,VN,VN,2026-01-07 03:00:00,,
0.0,False,pant,VN,VN,2026-01-07 04:00:00,,
32.0,False,pant,VN,VN,2026-01-07 05:00:00,,
26.0,False,pant,VN,VN,2026-01-07 06:00:00,,
0.0,False,pant,VN,VN,2026-01-07 07:00:00,,
0.0,False,pant,VN,VN,2026-01-07 08:00:00,,
19.0,False,pant,VN,VN,2026-01-07 09:00:00,,
18.0,False,pant,VN,VN,2026-01-07 10:00:00,,
0.0,False,pant,VN,VN,2026-01-07 11:00:00,,
0.0,False,pant,VN,VN,2026-01-07 12:00:00,,
0.0,False,pant,VN,VN,2026-01-07 13:00:00,,
0.0,False,pant,VN,VN,2026-01-07 14:00:00,,
40.0,False,pant,VN,VN,2026-01-07 15:00:00,,
0.0,False,pant,VN,VN,2026-01-07 16:00:00,,
0.0,False,pant,VN,VN,2026-01-07 17:00:00,,
0.0,False,pant,VN,VN,2026-01-07 18:00:00,,
0.0,False,pant,VN,VN,2026-01-07 19:00:00,,
0.0,False,pant,VN,VN,2026-01-07 20:00:00,,
0.0,False,pant,VN,VN,2026-01-07 21:00:00,,
0.0,False,pant,VN,VN,2026-01-07 22:00:00,,
0.0,False,pant,VN,VN,2026-01-07 23:00:00,,
0.0,False,pant,VN,VN,2026-01-08 00:00:00,,
0.0,False,pant,VN,VN,2026-01-08 01:00:00,,
23.0,False,pant,VN,VN,2026-01-08 02:00:00,,
22.0,False,pant,VN,VN,2026-01-08 03:00:00,,
0.0,False,pant,VN,VN,2026-01-08 04:00:00,,
0.0,False,pant,VN,VN,2026-01-08 05:00:00,,
0.0,False,pant,VN,VN,2026-01-08 06:00:00,,
24.0,False,pant,VN,VN,2026-01-08 07:00:00,,
21.0,False,pant,VN,VN,2026-01-08 08:00:00,,
0.0,False,pant,VN,VN,2026-01-08 09:00:00,,
23.0,False,pant,VN,VN,2026-01-08 10:00:00,,
25.0,False,pant,VN,VN,2026-01-08 11:00:00,,
0.0,False,pant,VN,VN,2026-01-08 12:00:00,,
0.0,False,pant,VN,VN,2026-01-08 13:00:00,,
29.0,False,pant,VN,VN,2026-01-08 14:00:00,,
25.0,False,pant,VN,VN,2026-01-08 15:00:00,,
0.0,False,pant,VN,VN,2026-01-08 16:00:00,,
58.0,False,pant,VN,VN,2026-01-08 17:00:00,,
0.0,False,pant,VN,VN,2026-01-08 18:00:00,,
0.0,False,pant,VN,VN,2026-01-08 19:00:00,,
0.0,False,pant,VN,VN,2026-01-08 20:00:00,,
0.0,False,pant,VN,VN,2026-01-08 21:00:00,,
0.0,False,pant,VN,VN,2026-01-08 22:00:00,,
0.0,False,pant,VN,VN,2026-01-08 23:00:00,,
0.0,False,pant,VN,VN,2026-01-09 00:00:00,,
0.0,False,pant,VN,VN,2026-01-09 01:00:00,,
27.0,False,pant,VN,VN,2026-01-09 02:00:00,,
21.0,False,pant,VN,VN,2026-01-09 03:00:00,,
0.0,False,pant,VN,VN,2026-01-09 04:00:00,,
25.0,False,pant,VN,VN,2026-01-09 05:00:00,,
27.0,False,pant,VN,VN,2026-01-09 06:00:00,,
0.0,False,pant,VN,VN,2026-01-09 07:00:00,,
30.0,False,pant,VN,VN,2026-01-09 08:00:00,,
0.0,False,pant,VN,VN,2026-01-09 09:00:00,,
20.0,False,pant,VN,VN,2026-01-09 10:00:00,,
0.0,False,pant,VN,VN,2026-01-09 11:00:00,,
0.0,False,pant,VN,VN,2026-01-09 12:00:00,,
18.0,False,pant,VN,VN,2026-01-09 13:00:00,,
20.0,False,pant,VN,VN,2026-01-09 14:00:00,,
0.0,False,pant,VN,VN,2026-01-09 15:00:00,,
30.0,False,pant,VN,VN,2026-01-09 16:00:00,,
0.0,False,pant,VN,VN,2026-01-09 17:00:00,,
100.0,False,pant,VN,VN,2026-01-09 18:00:00,,
0.0,False,pant,VN,VN,2026-01-09 19:00:00,,
0.0,False,pant,VN,VN,2026-01-09 20:00:00,,
0.0,False,pant,VN,VN,2026-01-09 21:00:00,,
0.0,False,pant,VN,VN,2026-01-09 22:00:00,,
0.0,False,pant,VN,VN,2026-01-09 23:00:00,,
0.0,False,pant,VN,VN,2026-01-10 00:00:00,,
0.0,False,pant,VN,VN,2026-01-10 01:00:00,,
0.0,False,pant,VN,VN,2026-01-10 02:00:00,,
25.0,False,pant,VN,VN,2026-01-10 03:00:00,,
23.0,False,pant,VN,VN,2026-01-10 04:00:00,,
0.0,False,pant,VN,VN,2026-01-10 05:00:00,,
27.0,False,pant,VN,VN,2026-01-10 06:00:00,,
32.0,False,pant,VN,VN,2026-01-10 07:00:00,,
0.0,False,pant,VN,VN,2026-01-10 08:00:00,,
20.0,False,pant,VN,VN,2026-01-10 09:00:00,,
29.0,False,pant,VN,VN,2026-01-10 10:00:00,,
26.0,False,pant,VN,VN,2026-01-10 11:00:00,,
0.0,False,pant,VN,VN,2026-01-10 12:00:00,,
23.0,True,pant,VN,VN,2026-01-10 13:00:00,,
,False,dress,VN,VN,2026-01-03 13:00:00,29.0,
,False,dress,VN,VN,2026-01-03 14:00:00,26.0,
,False,dress,VN,VN,2026-01-03 15:00:00,30.0,
,False,dress,VN,VN,2026-01-03 16:00:00,40.0,
,False,dress,VN,VN,2026-01-03 17:00:00,34.0,
,False,dress,VN,VN,2026-01-03 18:00:00,42.0,
,False,dress,VN,VN,2026-01-03 19:00:00,40.0,
,False,dress,VN,VN,2026-01-03 20:00:00,36.0,
,False,dress,VN,VN,2026-01-03 21:00:00,0.0,
,False,dress,VN,VN,2026-01-03 22:00:00,19.0,
,False,dress,VN,VN,2026-01-03 23:00:00,25.0,
,False,dress,VN,VN,2026-01-04 00:00:00,24.0,
,False,dress,VN,VN,2026-01-04 01:00:00,23.0,
,False,dress,VN,VN,2026-01-04 02:00:00,22.0,
,False,dress,VN,VN,2026-01-04 03:00:00,26.0,
,False,dress,VN,VN,2026-01-04 04:00:00,29.0,
,False,dress,VN,VN,2026-01-04 05:00:00,31.0,
,False,dress,VN,VN,2026-01-04 06:00:00,33.0,
,False,dress,VN,VN,2026-01-04 07:00:00,31.0,
,False,dress,VN,VN,2026-01-04 08:00:00,31.0,
,False,dress,VN,VN,2026-01-04 09:00:00,26.0,
,False,dress,VN,VN,2026-01-04 10:00:00,24.0,
,False,dress,VN,VN,2026-01-04 11:00:00,19.0,
,False,dress,VN,VN,2026-01-04 12:00:00,27.0,
,False,dress,VN,VN,2026-01-04 13:00:00,26.0,
,False,dress,VN,VN,2026-01-04 14:00:00,27.0,
,False,dress,VN,VN,2026-01-04 15:00:00,35.0,
,False,dress,VN,VN,2026-01-04 16:00:00,45.0,
,False,dress,VN,VN,2026-01-04 17:00:00,42.0,
,False,dress,VN,VN,2026-01-04 18:00:00,45.0,
,False,dress,VN,VN,2026-01-04 19:00:00,36.0,
,False,dress,VN,VN,2026-01-04 20:00:00,42.0,
,False,dress,VN,VN,2026-01-04 21:00:00,0.0,
,False,dress,VN,VN,2026-01-04 22:00:00,20.0,
,False,dress,VN,VN,2026-01-04 23:00:00,15.0,
,False,dress,VN,VN,2026-01-05 00:00:00,16.0,
,False,dress,VN,VN,2026-01-05 01:00:00,22.0,
,False,dress,VN,VN,2026-01-05 02:00:00,19.0,
,False,dress,VN,VN,2026-01-05 03:00:00,25.0,
,False,dress,VN,VN,2026-01-05 04:00:00,24.0,
,False,dress,VN,VN,2026-01-05 05:00:00,28.0,
,False,dress,VN,VN,2026-01-05 06:00:00,29.0,
,False,dress,VN,VN,2026-01-05 07:00:00,30.0,
,False,dress,VN,VN,2026-01-05 08:00:00,24.0,
,False,dress,VN,VN,2026-01-05 09:00:00,24.0,
,False,dress,VN,VN,2026-01-05 10:00:00,25.0,
,False,dress,VN,VN,2026-01-05 11:00:00,21.0,
,False,dress,VN,VN,2026-01-05 12:00:00,23.0,
,False,dress,VN,VN,2026-01-05 13:00:00,26.0,
,False,dress,VN,VN,2026-01-05 14:00:00,29.0,
,False,dress,VN,VN,2026-01-05 15:00:00,33.0,
,False,dress,VN,VN,2026-01-05 16:00:00,32.0,
,False,dress,VN,VN,2026-01-05 17:00:00,38.0,
,False,dress,VN,VN,2026-01-05 18:00:00,48.0,
,False,dress,VN,VN,2026-01-05 19:00:00,48.0,
,False,dress,VN,VN,2026-01-05 20:00:00,46.0,
,False,dress,VN,VN,2026-01-05 21:00:00,0.0,
,False,dress,VN,VN,2026-01-05 22:00:00,26.0,
,False,dress,VN,VN,2026-01-05 23:00:00,21.0,
,False,dress,VN,VN,2026-01-06 00:00:00,12.0,
,False,dress,VN,VN,2026-01-06 01:00:00,17.0,
,False,dress,VN,VN,2026-01-06 02:00:00,22.0,
,False,dress,VN,VN,2026-01-06 03:00:00,25.0,
,False,dress,VN,VN,2026-01-06 04:00:00,27.0,
,False,dress,VN,VN,2026-01-06 05:00:00,25.0,
,False,dress,VN,VN,2026-01-06 06:00:00,30.0,
,False,dress,VN,VN,2026-01-06 07:00:00,26.0,
,False,dress,VN,VN,2026-01-06 08:00:00,25.0,
,False,dress,VN,VN,2026-01-06 09:00:00,21.0,
,False,dress,VN,VN,2026-01-06 10:00:00,27.0,
,False,dress,VN,VN,2026-01-06 11:00:00,19.0,
,False,dress,VN,VN,2026-01-06 12:00:00,20.0,
,False,dress,VN,VN,2026-01-06 13:00:00,24.0,
,False,dress,VN,VN,2026-01-06 14:00:00,26.0,
,False,dress,VN,VN,2026-01-06 15:00:00,28.0,
,False,dress,VN,VN,2026-01-06 16:00:00,37.0,
,False,dress,VN,VN,2026-01-06 17:00:00,52.0,
,False,dress,VN,VN,2026-01-06 18:00:00,45.0,
,False,dress,VN,VN,2026-01-06 19:00:00,46.0,
,False,dress,VN,VN,2026-01-06 20:00:00,32.0,
,False,dress,VN,VN,2026-01-06 21:00:00,44.0,
,False,dress,VN,VN,2026-01-06 22:00:00,0.0,
,False,dress,VN,VN,2026-01-06 23:00:00,15.0,
,False,dress,VN,VN,2026-01-07 00:00:00,21.0,
,False,dress,VN,VN,2026-01-07 01:00:00,25.0,
,False,dress,VN,VN,2026-01-07 02:00:00,28.0,
,False,dress,VN,VN,2026-01-07 03:00:00,29.0,
,False,dress,VN,VN,2026-01-07 04:00:00,34.0,
,False,dress,VN,VN,2026-01-07 05:00:00,31.0,
,False,dress,VN,VN,2026-01-07 06:00:00,29.0,
,False,dress,VN,VN,2026-01-07 07:00:00,24.0,
,False,dress,VN,VN,2026-01-07 08:00:00,28.0,
,False,dress,VN,VN,2026-01-07 09:00:00,21.0,
,False,dress,VN,VN,2026-01-07 10:00:00,25.0,
,False,dress,VN,VN,2026-01-07 11:00:00,24.0,
,False,dress,VN,VN,2026-01-07 12:00:00,26.0,
,False,dress,VN,VN,2026-01-07 13:00:00,24.0,
,False,dress,VN,VN,2026-01-07 14:00:00,29.0,
,False,dress,VN,VN,2026-01-07 15:00:00,28.0,
,False,dress,VN,VN,2026-01-07 16:00:00,41.0,
,False,dress,VN,VN,2026-01-07 17:00:00,38.0,
,False,dress,VN,VN,2026-01-07 18:00:00,53.0,
,False,dress,VN,VN,2026-01-07 19:00:00,45.0,
,False,dress,VN,VN,2026-01-07 20:00:00,48.0,
,False,dress,VN,VN,2026-01-07 21:00:00,33.0,
,False,dress,VN,VN,2026-01-07 22:00:00,15.0,
,False,dress,VN,VN,2026-01-07 23:00:00,11.0,
,False,dress,VN,VN,2026-01-08 00:00:00,19.0,
,False,dress,VN,VN,2026-01-08 01:00:00,20.0,
,False,dress,VN,VN,2026-01-08 02:00:00,29.0,
,False,dress,VN,VN,2026-01-08 03:00:00,27.0,
,False,dress,VN,VN,2026-01-08 04:00:00,33.0,
,False,dress,VN,VN,2026-01-08 05:00:00,23.0,
,False,dress,VN,VN,2026-01-08 06:00:00,25.0,
,False,dress,VN,VN,2026-01-08 07:00:00,30.0,
,False,dress,VN,VN,2026-01-08 08:00:00,28.0,
,False,dress,VN,VN,2026-01-08 09:00:00,22.0,
,False,dress,VN,VN,2026-01-08 10:00:00,27.0,
,False,dress,VN,VN,2026-01-08 11:00:00,24.0,
,False,dress,VN,VN,2026-01-08 12:00:00,25.0,
,False,dress,VN,VN,2026-01-08 13:00:00,29.0,
,False,dress,VN,VN,2026-01-08 14:00:00,30.0,
,False,dress,VN,VN,2026-01-08 15:00:00,29.0,
,False,dress,VN,VN,2026-01-08 16:00:00,31.0,
,False,dress,VN,VN,2026-01-08 17:00:00,39.0,
,False,dress,VN,VN,2026-01-08 18:00:00,58.0,
,False,dress,VN,VN,2026-01-08 19:00:00,49.0,
,False,dress,VN,VN,2026-01-08 20:00:00,62.0,
,False,dress,VN,VN,2026-01-08 21:00:00,25.0,
,False,dress,VN,VN,2026-01-08 22:00:00,15.0,
,False,dress,VN,VN,2026-01-08 23:00:00,13.0,
,False,dress,VN,VN,2026-01-09 00:00:00,13.0,
,False,dress,VN,VN,2026-01-09 01:00:00,23.0,
,False,dress,VN,VN,2026-01-09 02:00:00,26.0,
,False,dress,VN,VN,2026-01-09 03:00:00,25.0,
,False,dress,VN,VN,2026-01-09 04:00:00,31.0,
,False,dress,VN,VN,2026-01-09 05:00:00,32.0,
,False,dress,VN,VN,2026-01-09 06:00:00,31.0,
,False,dress,VN,VN,2026-01-09 07:00:00,27.0,
,False,dress,VN,VN,2026-01-09 08:00:00,34.0,
,False,dress,VN,VN,2026-01-09 09:00:00,26.0,
,False,dress,VN,VN,2026-01-09 10:00:00,27.0,
,False,dress,VN,VN,2026-01-09 11:00:00,25.0,
,False,dress,VN,VN,2026-01-09 12:00:00,34.0,
,False,dress,VN,VN,2026-01-09 13:00:00,27.0,
,False,dress,VN,VN,2026-01-09 14:00:00,30.0,
,False,dress,VN,VN,2026-01-09 15:00:00,30.0,
,False,dress,VN,VN,2026-01-09 16:00:00,44.0,
,False,dress,VN,VN,2026-01-09 17:00:00,50.0,
,False,dress,VN,VN,2026-01-09 18:00:00,83.0,
,False,dress,VN,VN,2026-01-09 19:00:00,100.0,
,False,dress,VN,VN,2026-01-09 20:00:00,71.0,
,False,dress,VN,VN,2026-01-09 21:00:00,34.0,
,False,dress,VN,VN,2026-01-09 22:00:00,0.0,
,False,dress,VN,VN,2026-01-09 23:00:00,9.0,
,False,dress,VN,VN,2026-01-10 00:00:00,8.0,
,False,dress,VN,VN,2026-01-10 01:00:00,20.0,
,False,dress,VN,VN,2026-01-10 02:00:00,37.0,
,False,dress,VN,VN,2026-01-10 03:00:00,31.0,
,False,dress,VN,VN,2026-01-10 04:00:00,41.0,
,False,dress,VN,VN,2026-01-10 05:00:00,30.0,
,False,dress,VN,VN,2026-01-10 06:00:00,37.0,
,False,dress,VN,VN,2026-01-10 07:00:00,30.0,
,False,dress,VN,VN,2026-01-10 08:00:00,32.0,
,False,dress,VN,VN,2026-01-10 09:00:00,25.0,
,False,dress,VN,VN,2026-01-10 10:00:00,29.0,
,False,dress,VN,VN,2026-01-10 11:00:00,27.0,
,False,dress,VN,VN,2026-01-10 12:00:00,32.0,
,True,dress,VN,VN,2026-01-10 13:00:00,29.0,
,False,t-shirt,VN,VN,2026-01-03 13:00:00,,24.0
,False,t-shirt,VN,VN,2026-01-03 14:00:00,,20.0
,False,t-shirt,VN,VN,2026-01-03 15:00:00,,12.0
,False,t-shirt,VN,VN,2026-01-03 16:00:00,,22.0
,False,t-shirt,VN,VN,2026-01-03 17:00:00,,29.0
,False,t-shirt,VN,VN,2026-01-03 18:00:00,,44.0
,False,t-shirt,VN,VN,2026-01-03 19:00:00,,0.0
,False,t-shirt,VN,VN,2026-01-03 20:00:00,,70.0
,False,t-shirt,VN,VN,2026-01-03 21:00:00,,72.0
,False,t-shirt,VN,VN,2026-01-03 22:00:00,,60.0
,False,t-shirt,VN,VN,2026-01-03 23:00:00,,39.0
,False,t-shirt,VN,VN,2026-01-04 00:00:00,,23.0
,False,t-shirt,VN,VN,2026-01-04 01:00:00,,0.0
,False,t-shirt,VN,VN,2026-01-04 02:00:00,,29.0
,False,t-shirt,VN,VN,2026-01-04 03:00:00,,27.0
,False,t-shirt,VN,VN,2026-01-04 04:00:00,,38.0
,False,t-shirt,VN,VN,2026-01-04 05:00:00,,33.0
,False,t-shirt,VN,VN,2026-01-04 06:00:00,,33.0
,False,t-shirt,VN,VN,2026-01-04 07:00:00,,23.0
,False,t-shirt,VN,VN,2026-01-04 08:00:00,,20.0
,False,t-shirt,VN,VN,2026-01-04 09:00:00,,16.0
,False,t-shirt,VN,VN,2026-01-04 10:00:00,,17.0
,False,t-shirt,VN,VN,2026-01-04 11:00:00,,17.0
,False,t-shirt,VN,VN,2026-01-04 12:00:00,,17.0
,False,t-shirt,VN,VN,2026-01-04 13:00:00,,23.0
,False,t-shirt,VN,VN,2026-01-04 14:00:00,,19.0
,False,t-shirt,VN,VN,2026-01-04 15:00:00,,17.0
,False,t-shirt,VN,VN,2026-01-04 16:00:00,,16.0
,False,t-shirt,VN,VN,2026-01-04 17:00:00,,27.0
,False,t-shirt,VN,VN,2026-01-04 18:00:00,,59.0
,False,t-shirt,VN,VN,2026-01-04 19:00:00,,83.0
,False,t-shirt,VN,VN,2026-01-04 20:00:00,,99.0
,False,t-shirt,VN,VN,2026-01-04 21:00:00,,82.0
,False,t-shirt,VN,VN,2026-01-04 22:00:00,,59.0
,False,t-shirt,VN,VN,2026-01-04 23:00:00,,34.0
,False,t-shirt,VN,VN,2026-01-05 00:00:00,,26.0
,False,t-shirt,VN,VN,2026-01-05 01:00:00,,24.0
,False,t-shirt,VN,VN,2026-01-05 02:00:00,,28.0
,False,t-shirt,VN,VN,2026-01-05 03:00:00,,27.0
,False,t-shirt,VN,VN,2026-01-05 04:00:00,,27.0
,False,t-shirt,VN,VN,2026-01-05 05:00:00,,17.0
,False,t-shirt,VN,VN,2026-01-05 06:00:00,,17.0
,False,t-shirt,VN,VN,2026-01-05 07:00:00,,24.0
,False,t-shirt,VN,VN,2026-01-05 08:00:00,,21.0
,False,t-shirt,VN,VN,2026-01-05 09:00:00,,21.0
,False,t-shirt,VN,VN,2026-01-05 10:00:00,,16.0
,False,t-shirt,VN,VN,2026-01-05 11:00:00,,19.0
,False,t-shirt,VN,VN,2026-01-05 12:00:00,,27.0
,False,t-shirt,VN,VN,2026-01-05 13:00:00,,24.0
,False,t-shirt,VN,VN,2026-01-05 14:00:00,,25.0
,False,t-shirt,VN,VN,2026-01-05 15:00:00,,21.0
,False,t-shirt,VN,VN,2026-01-05 16:00:00,,29.0
,False,t-shirt,VN,VN,2026-01-05 17:00:00,,35.0
,False,t-shirt,VN,VN,2026-01-05 18:00:00,,57.0
,False,t-shirt,VN,VN,2026-01-05 19:00:00,,62.0
,False,t-shirt,VN,VN,2026-01-05 20:00:00,,86.0
,False,t-shirt,VN,VN,2026-01-05 21:00:00,,61.0
,False,t-shirt,VN,VN,2026-01-05 22:00:00,,54.0
,False,t-shirt,VN,VN,2026-01-05 23:00:00,,34.0
,False,t-shirt,VN,VN,2026-01-06 00:00:00,,21.0
,False,t-shirt,VN,VN,2026-01-06 01:00:00,,19.0
,False,t-shirt,VN,VN,2026-01-06 02:00:00,,23.0
,False,t-shirt,VN,VN,2026-01-06 03:00:00,,36.0
,False,t-shirt,VN,VN,2026-01-06 04:00:00,,30.0
,False,t-shirt,VN,VN,2026-01-06 05:00:00,,26.0
,False,t-shirt,VN,VN,2026-01-06 06:00:00,,16.0
,False,t-shirt,VN,VN,2026-01-06 07:00:00,,20.0
,False,t-shirt,VN,VN,2026-01-06 08:00:00,,17.0
,False,t-shirt,VN,VN,2026-01-06 09:00:00,,24.0
,False,t-shirt,VN,VN,2026-01-06 10:00:00,,23.0
,False,t-shirt,VN,VN,2026-01-06 11:00:00,,16.0
,False,t-shirt,VN,VN,2026-01-06 12:00:00,,27.0
,False,t-shirt,VN,VN,2026-01-06 13:00:00,,17.0
,False,t-shirt,VN,VN,2026-01-06 14:00:00,,20.0
,False,t-shirt,VN,VN,2026-01-06 15:00:00,,23.0
,False,t-shirt,VN,VN,2026-01-06 16:00:00,,27.0
,False,t-shirt,VN,VN,2026-01-06 17:00:00,,0.0
,False,t-shirt,VN,VN,2026-01-06 18:00:00,,53.0
,False,t-shirt,VN,VN,2026-01-06 19:00:00,,0.0
,False,t-shirt,VN,VN,2026-01-06 20:00:00,,83.0
,False,t-shirt,VN,VN,2026-01-06 21:00:00,,78.0
,False,t-shirt,VN,VN,2026-01-06 22:00:00,,58.0
,False,t-shirt,VN,VN,2026-01-06 23:00:00,,57.0
,False,t-shirt,VN,VN,2026-01-07 00:00:00,,22.0
,False,t-shirt,VN,VN,2026-01-07 01:00:00,,18.0
,False,t-shirt,VN,VN,2026-01-07 02:00:00,,22.0
,False,t-shirt,VN,VN,2026-01-07 03:00:00,,26.0
,False,t-shirt,VN,VN,2026-01-07 04:00:00,,31.0
,False,t-shirt,VN,VN,2026-01-07 05:00:00,,26.0
,False,t-shirt,VN,VN,2026-01-07 06:00:00,,32.0
,False,t-shirt,VN,VN,2026-01-07 07:00:00,,16.0
,False,t-shirt,VN,VN,2026-01-07 08:00:00,,29.0
,False,t-shirt,VN,VN,2026-01-07 09:00:00,,13.0
,False,t-shirt,VN,VN,2026-01-07 10:00:00,,25.0
,False,t-shirt,VN,VN,2026-01-07 11:00:00,,18.0
,False,t-shirt,VN,VN,2026-01-07 12:00:00,,20.0
,False,t-shirt,VN,VN,2026-01-07 13:00:00,,18.0
,False,t-shirt,VN,VN,2026-01-07 14:00:00,,18.0
,False,t-shirt,VN,VN,2026-01-07 15:00:00,,26.0
,False,t-shirt,VN,VN,2026-01-07 16:00:00,,35.0
,False,t-shirt,VN,VN,2026-01-07 17:00:00,,37.0
,False,t-shirt,VN,VN,2026-01-07 18:00:00,,79.0
,False,t-shirt,VN,VN,2026-01-07 19:00:00,,100.0
,False,t-shirt,VN,VN,2026-01-07 20:00:00,,0.0
,False,t-shirt,VN,VN,2026-01-07 21:00:00,,66.0
,False,t-shirt,VN,VN,2026-01-07 22:00:00,,42.0
,False,t-shirt,VN,VN,2026-01-07 23:00:00,,33.0
,False,t-shirt,VN,VN,2026-01-08 00:00:00,,19.0
,False,t-shirt,VN,VN,2026-01-08 01:00:00,,22.0
,False,t-shirt,VN,VN,2026-01-08 02:00:00,,36.0
,False,t-shirt,VN,VN,2026-01-08 03:00:00,,32.0
,False,t-shirt,VN,VN,2026-01-08 04:00:00,,34.0
,False,t-shirt,VN,VN,2026-01-08 05:00:00,,22.0
,False,t-shirt,VN,VN,2026-01-08 06:00:00,,26.0
,False,t-shirt,VN,VN,2026-01-08 07:00:00,,34.0
,False,t-shirt,VN,VN,2026-01-08 08:00:00,,28.0
,False,t-shirt,VN,VN,2026-01-08 09:00:00,,20.0
,False,t-shirt,VN,VN,2026-01-08 10:00:00,,18.0
,False,t-shirt,VN,VN,2026-01-08 11:00:00,,17.0
,False,t-shirt,VN,VN,2026-01-08 12:00:00,,14.0
,False,t-shirt,VN,VN,2026-01-08 13:00:00,,22.0
,False,t-shirt,VN,VN,2026-01-08 14:00:00,,25.0
,False,t-shirt,VN,VN,2026-01-08 15:00:00,,30.0
,False,t-shirt,VN,VN,2026-01-08 16:00:00,,20.0
,False,t-shirt,VN,VN,2026-01-08 17:00:00,,40.0
,False,t-shirt,VN,VN,2026-01-08 18:00:00,,60.0
,False,t-shirt,VN,VN,2026-01-08 19:00:00,,64.0
,False,t-shirt,VN,VN,2026-01-08 20:00:00,,89.0
,False,t-shirt,VN,VN,2026-01-08 21:00:00,,72.0
,False,t-shirt,VN,VN,2026-01-08 22:00:00,,66.0
,False,t-shirt,VN,VN,2026-01-08 23:00:00,,37.0
,False,t-shirt,VN,VN,2026-01-09 00:00:00,,29.0
,False,t-shirt,VN,VN,2026-01-09 01:00:00,,26.0
,False,t-shirt,VN,VN,2026-01-09 02:00:00,,26.0
,False,t-shirt,VN,VN,2026-01-09 03:00:00,,27.0
,False,t-shirt,VN,VN,2026-01-09 04:00:00,,28.0
,False,t-shirt,VN,VN,2026-01-09 05:00:00,,27.0
,False,t-shirt,VN,VN,2026-01-09 06:00:00,,28.0
,False,t-shirt,VN,VN,2026-01-09 07:00:00,,19.0
,False,t-shirt,VN,VN,2026-01-09 08:00:00,,23.0
,False,t-shirt,VN,VN,2026-01-09 09:00:00,,21.0
,False,t-shirt,VN,VN,2026-01-09 10:00:00,,21.0
,False,t-shirt,VN,VN,2026-01-09 11:00:00,,19.0
,False,t-shirt,VN,VN,2026-01-09 12:00:00,,19.0
,False,t-shirt,VN,VN,2026-01-09 13:00:00,,22.0
,False,t-shirt,VN,VN,2026-01-09 14:00:00,,18.0
,False,t-shirt,VN,VN,2026-01-09 15:00:00,,19.0
,False,t-shirt,VN,VN,2026-01-09 16:00:00,,23.0
,False,t-shirt,VN,VN,2026-01-09 17:00:00,,48.0
,False,t-shirt,VN,VN,2026-01-09 18:00:00,,67.0
,False,t-shirt,VN,VN,2026-01-09 19:00:00,,0.0
,False,t-shirt,VN,VN,2026-01-09 20:00:00,,64.0
,False,t-shirt,VN,VN,2026-01-09 21:00:00,,0.0
,False,t-shirt,VN,VN,2026-01-09 22:00:00,,63.0
,False,t-shirt,VN,VN,2026-01-09 23:00:00,,23.0
,False,t-shirt,VN,VN,2026-01-10 00:00:00,,21.0
,False,t-shirt,VN,VN,2026-01-10 01:00:00,,22.0
,False,t-shirt,VN,VN,2026-01-10 02:00:00,,34.0
,False,t-shirt,VN,VN,2026-01-10 03:00:00,,26.0
,False,t-shirt,VN,VN,2026-01-10 04:00:00,,34.0
,False,t-shirt,VN,VN,2026-01-10 05:00:00,,30.0
,False,t-shirt,VN,VN,2026-01-10 06:00:00,,40.0
,False,t-shirt,VN,VN,2026-01-10 07:00:00,,37.0
,False,t-shirt,VN,VN,2026-01-10 08:00:00,,26.0
,False,t-shirt,VN,VN,2026-01-10 09:00:00,,13.0
,False,t-shirt,VN,VN,2026-01-10 10:00:00,,27.0
,False,t-shirt,VN,VN,2026-01-10 11:00:00,,19.0
,False,t-shirt,VN,VN,2026-01-10 12:00:00,,29.0
,True,t-shirt,VN,VN,2026-01-10 13:00:00,,29.0
25.0,False,pant,PH,PH,2026-01-03 13:00:00,,
33.0,False,pant,PH,PH,2026-01-03 14:00:00,,
0.0,False,pant,PH,PH,2026-01-03 15:00:00,,
0.0,False,pant,PH,PH,2026-01-03 16:00:00,,
0.0,False,pant,PH,PH,2026-01-03 17:00:00,,
100.0,False,pant,PH,PH,2026-01-03 18:00:00,,
0.0,False,pant,PH,PH,2026-01-03 19:00:00,,
0.0,False,pant,PH,PH,2026-01-03 20:00:00,,
0.0,False,pant,PH,PH,2026-01-03 21:00:00,,
0.0,False,pant,PH,PH,2026-01-03 22:00:00,,
0.0,False,pant,PH,PH,2026-01-03 23:00:00,,
0.0,False,pant,PH,PH,2026-01-04 00:00:00,,
0.0,False,pant,PH,PH,2026-01-04 01:00:00,,
0.0,False,pant,PH,PH,2026-01-04 02:00:00,,
0.0,False,pant,PH,PH,2026-01-04 03:00:00,,
48.0,False,pant,PH,PH,2026-01-04 04:00:00,,
0.0,False,pant,PH,PH,2026-01-04 05:00:00,,
32.0,False,pant,PH,PH,2026-01-04 06:00:00,,
0.0,False,pant,PH,PH,2026-01-04 07:00:00,,
28.0,False,pant,PH,PH,2026-01-04 08:00:00,,
27.0,False,pant,PH,PH,2026-01-04 09:00:00,,
38.0,False,pant,PH,PH,2026-01-04 10:00:00,,
41.0,False,pant,PH,PH,2026-01-04 11:00:00,,
31.0,False,pant,PH,PH,2026-01-04 12:00:00,,
24.0,False,pant,PH,PH,2026-01-04 13:00:00,,
0.0,False,pant,PH,PH,2026-01-04 14:00:00,,
33.0,False,pant,PH,PH,2026-01-04 15:00:00,,
0.0,False,pant,PH,PH,2026-01-04 16:00:00,,
0.0,False,pant,PH,PH,2026-01-04 17:00:00,,
0.0,False,pant,PH,PH,2026-01-04 18:00:00,,
0.0,False,pant,PH,PH,2026-01-04 19:00:00,,
0.0,False,pant,PH,PH,2026-01-04 20:00:00,,
0.0,False,pant,PH,PH,2026-01-04 21:00:00,,
0.0,False,pant,PH,PH,2026-01-04 22:00:00,,
0.0,False,pant,PH,PH,2026-01-04 23:00:00,,
37.0,False,pant,PH,PH,2026-01-05 00:00:00,,
0.0,False,pant,PH,PH,2026-01-05 01:00:00,,
0.0,False,pant,PH,PH,2026-01-05 02:00:00,,
0.0,False,pant,PH,PH,2026-01-05 03:00:00,,
34.0,False,pant,PH,PH,2026-01-05 04:00:00,,
35.0,False,pant,PH,PH,2026-01-05 05:00:00,,
26.0,False,pant,PH,PH,2026-01-05 06:00:00,,
0.0,False,pant,PH,PH,2026-01-05 07:00:00,,
0.0,False,pant,PH,PH,2026-01-05 08:00:00,,
35.0,False,pant,PH,PH,2026-01-05 09:00:00,,
0.0,False,pant,PH,PH,2026-01-05 10:00:00,,
0.0,False,pant,PH,PH,2026-01-05 11:00:00,,
38.0,False,pant,PH,PH,2026-01-05 12:00:00,,
38.0,False,pant,PH,PH,2026-01-05 13:00:00,,
0.0,False,pant,PH,PH,2026-01-05 14:00:00,,
40.0,False,pant,PH,PH,2026-01-05 15:00:00,,
0.0,False,pant,PH,PH,2026-01-05 16:00:00,,
0.0,False,pant,PH,PH,2026-01-05 17:00:00,,
0.0,False,pant,PH,PH,2026-01-05 18:00:00,,
0.0,False,pant,PH,PH,2026-01-05 19:00:00,,
0.0,False,pant,PH,PH,2026-01-05 20:00:00,,
0.0,False,pant,PH,PH,2026-01-05 21:00:00,,
0.0,False,pant,PH,PH,2026-01-05 22:00:00,,
0.0,False,pant,PH,PH,2026-01-05 23:00:00,,
0.0,False,pant,PH,PH,2026-01-06 00:00:00,,
0.0,False,pant,PH,PH,2026-01-06 01:00:00,,
0.0,False,pant,PH,PH,2026-01-06 02:00:00,,
27.0,False,pant,PH,PH,2026-01-06 03:00:00,,
48.0,False,pant,PH,PH,2026-01-06 04:00:00,,
0.0,False,pant,PH,PH,2026-01-06 05:00:00,,
0.0,False,pant,PH,PH,2026-01-06 06:00:00,,
36.0,False,pant,PH,PH,2026-01-06 07:00:00,,
36.0,False,pant,PH,PH,2026-01-06 08:00:00,,
0.0,False,pant,PH,PH,2026-01-06 09:00:00,,
26.0,False,pant,PH,PH,2026-01-06 10:00:00,,
31.0,False,pant,PH,PH,2026-01-06 11:00:00,,
39.0,False,pant,PH,PH,2026-01-06 12:00:00,,
0.0,False,pant,PH,PH,2026-01-06 13:00:00,,
0.0,False,pant,PH,PH,2026-01-06 14:00:00,,
0.0,False,pant,PH,PH,2026-01-06 15:00:00,,
0.0,False,pant,PH,PH,2026-01-06 16:00:00,,
0.0,False,pant,PH,PH,2026-01-06 17:00:00,,
0.0,False,pant,PH,PH,2026-01-06 18:00:00,,
0.0,False,pant,PH,PH,2026-01-06 19:00:00,,
0.0,False,pant,PH,PH,2026-01-06 20:00:00,,
0.0,False,pant,PH,PH,2026-01-06 21:00:00,,
0.0,False,pant,PH,PH,2026-01-06 22:00:00,,
0.0,False,pant,PH,PH,2026-01-06 23:00:00,,
32.0,False,pant,PH,PH,2026-01-07 00:00:00,,
0.0,False,pant,PH,PH,2026-01-07 01:00:00,,
25.0,False,pant,PH,PH,2026-01-07 02:00:00,,
31.0,False,pant,PH,PH,2026-01-07 03:00:00,,
0.0,False,pant,PH,PH,2026-01-07 04:00:00,,
0.0,False,pant,PH,PH,2026-01-07 05:00:00,,
28.0,False,pant,PH,PH,2026-01-07 06:00:00,,
0.0,False,pant,PH,PH,2026-01-07 07:00:00,,
27.0,False,pant,PH,PH,2026-01-07 08:00:00,,
0.0,False,pant,PH,PH,2026-01-07 09:00:00,,
27.0,False,pant,PH,PH,2026-01-07 10:00:00,,
25.0,False,pant,PH,PH,2026-01-07 11:00:00,,
33.0,False,pant,PH,PH,2026-01-07 12:00:00,,
0.0,False,pant,PH,PH,2026-01-07 13:00:00,,
65.0,False,pant,PH,PH,2026-01-07 14:00:00,,
0.0,False,pant,PH,PH,2026-01-07 15:00:00,,
43.0,False,pant,PH,PH,2026-01-07 16:00:00,,
0.0,False,pant,PH,PH,2026-01-07 17:00:00,,
0.0,False,pant,PH,PH,2026-01-07 18:00:00,,
0.0,False,pant,PH,PH,2026-01-07 19:00:00,,
0.0,False,pant,PH,PH,2026-01-07 20:00:00,,
0.0,False,pant,PH,PH,2026-01-07 21:00:00,,
0.0,False,pant,PH,PH,2026-01-07 22:00:00,,
0.0,False,pant,PH,PH,2026-01-07 23:00:00,,
0.0,False,pant,PH,PH,2026-01-08 00:00:00,,
0.0,False,pant,PH,PH,2026-01-08 01:00:00,,
0.0,False,pant,PH,PH,2026-01-08 02:00:00,,
32.0,False,pant,PH,PH,2026-01-08 03:00:00,,
0.0,False,pant,PH,PH,2026-01-08 04:00:00,,
0.0,False,pant,PH,PH,2026-01-08 05:00:00,,
34.0,False,pant,PH,PH,2026-01-08 06:00:00,,
0.0,False,pant,PH,PH,2026-01-08 07:00:00,,
0.0,False,pant,PH,PH,2026-01-08 08:00:00,,
27.0,False,pant,PH,PH,2026-01-08 09:00:00,,
31.0,False,pant,PH,PH,2026-01-08 10:00:00,,
31.0,False,pant,PH,PH,2026-01-08 11:00:00,,
24.0,False,pant,PH,PH,2026-01-08 12:00:00,,
34.0,False,pant,PH,PH,2026-01-08 13:00:00,,
0.0,False,pant,PH,PH,2026-01-08 14:00:00,,
0.0,False,pant,PH,PH,2026-01-08 15:00:00,,
55.0,False,pant,PH,PH,2026-01-08 16:00:00,,
0.0,False,pant,PH,PH,2026-01-08 17:00:00,,
0.0,False,pant,PH,PH,2026-01-08 18:00:00,,
0.0,False,pant,PH,PH,2026-01-08 19:00:00,,
0.0,False,pant,PH,PH,2026-01-08 20:00:00,,
0.0,False,pant,PH,PH,2026-01-08 21:00:00,,
0.0,False,pant,PH,PH,2026-01-08 22:00:00,,
53.0,False,pant,PH,PH,2026-01-08 23:00:00,,
0.0,False,pant,PH,PH,2026-01-09 00:00:00,,
29.0,False,pant,PH,PH,2026-01-09 01:00:00,,
0.0,False,pant,PH,PH,2026-01-09 02:00:00,,
30.0,False,pant,PH,PH,2026-01-09 03:00:00,,
31.0,False,pant,PH,PH,2026-01-09 04:00:00,,
27.0,False,pant,PH,PH,2026-01-09 05:00:00,,
27.0,False,pant,PH,PH,2026-01-09 06:00:00,,
0.0,False,pant,PH,PH,2026-01-09 07:00:00,,
30.0,False,pant,PH,PH,2026-01-09 08:00:00,,
0.0,False,pant,PH,PH,2026-01-09 09:00:00,,
32.0,False,pant,PH,PH,2026-01-09 10:00:00,,
33.0,False,pant,PH,PH,2026-01-09 11:00:00,,
56.0,False,pant,PH,PH,2026-01-09 12:00:00,,
0.0,False,pant,PH,PH,2026-01-09 13:00:00,,
28.0,False,pant,PH,PH,2026-01-09 14:00:00,,
44.0,False,pant,PH,PH,2026-01-09 15:00:00,,
40.0,False,pant,PH,PH,2026-01-09 16:00:00,,
55.0,False,pant,PH,PH,2026-01-09 17:00:00,,
0.0,False,pant,PH,PH,2026-01-09 18:00:00,,
0.0,False,pant,PH,PH,2026-01-09 19:00:00,,
0.0,False,pant,PH,PH,2026-01-09 20:00:00,,
0.0,False,pant,PH,PH,2026-01-09 21:00:00,,
0.0,False,pant,PH,PH,2026-01-09 22:00:00,,
0.0,False,pant,PH,PH,2026-01-09 23:00:00,,
0.0,False,pant,PH,PH,2026-01-10 00:00:00,,
0.0,False,pant,PH,PH,2026-01-10 01:00:00,,
37.0,False,pant,PH,PH,2026-01-10 02:00:00,,
43.0,False,pant,PH,PH,2026-01-10 03:00:00,,
38.0,False,pant,PH,PH,2026-01-10 04:00:00,,
30.0,False,pant,PH,PH,2026-01-10 05:00:00,,
40.0,False,pant,PH,PH,2026-01-10 06:00:00,,
25.0,False,pant,PH,PH,2026-01-10 07:00:00,,
26.0,False,pant,PH,PH,2026-01-10 08:00:00,,
0.0,False,pant,PH,PH,2026-01-10 09:00:00,,
42.0,False,pant,PH,PH,2026-01-10 10:00:00,,
33.0,False,pant,PH,PH,2026-01-10 11:00:00,,
0.0,False,pant,PH,PH,2026-01-10 12:00:00,,
49.0,True,pant,PH,PH,2026-01-10 13:00:00,,
,False,dress,PH,PH,2026-01-03 13:00:00,82.0,
,False,dress,PH,PH,2026-01-03 14:00:00,85.0,
,False,dress,PH,PH,2026-01-03 15:00:00,75.0,
,False,dress,PH,PH,2026-01-03 16:00:00,78.0,
,False,dress,PH,PH,2026-01-03 17:00:00,69.0,
,False,dress,PH,PH,2026-01-03 18:00:00,68.0,
,False,dress,PH,PH,2026-01-03 19:00:00,54.0,
,False,dress,PH,PH,2026-01-03 20:00:00,57.0,
,False,dress,PH,PH,2026-01-03 21:00:00,58.0,
,False,dress,PH,PH,2026-01-03 22:00:00,55.0,
,False,dress,PH,PH,2026-01-03 23:00:00,64.0,
,False,dress,PH,PH,2026-01-04 00:00:00,60.0,
,False,dress,PH,PH,2026-01-04 01:00:00,69.0,
,False,dress,PH,PH,2026-01-04 02:00:00,73.0,
,False,dress,PH,PH,2026-01-04 03:00:00,82.0,
,False,dress,PH,PH,2026-01-04 04:00:00,81.0,
,False,dress,PH,PH,2026-01-04 05:00:00,84.0,
,False,dress,PH,PH,2026-01-04 06:00:00,89.0,
,False,dress,PH,PH,2026-01-04 07:00:00,83.0,
,False,dress,PH,PH,2026-01-04 08:00:00,86.0,
,False,dress,PH,PH,2026-01-04 09:00:00,80.0,
,False,dress,PH,PH,2026-01-04 10:00:00,81.0,
,False,dress,PH,PH,2026-01-04 11:00:00,82.0,
,False,dress,PH,PH,2026-01-04 12:00:00,81.0,
,False,dress,PH,PH,2026-01-04 13:00:00,79.0,
,False,dress,PH,PH,2026-01-04 14:00:00,72.0,
,False,dress,PH,PH,2026-01-04 15:00:00,70.0,
,False,dress,PH,PH,2026-01-04 16:00:00,74.0,
,False,dress,PH,PH,2026-01-04 17:00:00,66.0,
,False,dress,PH,PH,2026-01-04 18:00:00,64.0,
,False,dress,PH,PH,2026-01-04 19:00:00,53.0,
,False,dress,PH,PH,2026-01-04 20:00:00,58.0,
,False,dress,PH,PH,2026-01-04 21:00:00,46.0,
,False,dress,PH,PH,2026-01-04 22:00:00,41.0,
,False,dress,PH,PH,2026-01-04 23:00:00,52.0,
,False,dress,PH,PH,2026-01-05 00:00:00,57.0,
,False,dress,PH,PH,2026-01-05 01:00:00,53.0,
,False,dress,PH,PH,2026-01-05 02:00:00,55.0,
,False,dress,PH,PH,2026-01-05 03:00:00,63.0,
,False,dress,PH,PH,2026-01-05 04:00:00,62.0,
,False,dress,PH,PH,2026-01-05 05:00:00,63.0,
,False,dress,PH,PH,2026-01-05 06:00:00,63.0,
,False,dress,PH,PH,2026-01-05 07:00:00,67.0,
,False,dress,PH,PH,2026-01-05 08:00:00,78.0,
,False,dress,PH,PH,2026-01-05 09:00:00,80.0,
,False,dress,PH,PH,2026-01-05 10:00:00,87.0,
,False,dress,PH,PH,2026-01-05 11:00:00,80.0,
,False,dress,PH,PH,2026-01-05 12:00:00,83.0,
,False,dress,PH,PH,2026-01-05 13:00:00,73.0,
,False,dress,PH,PH,2026-01-05 14:00:00,72.0,
,False,dress,PH,PH,2026-01-05 15:00:00,72.0,
,False,dress,PH,PH,2026-01-05 16:00:00,64.0,
,False,dress,PH,PH,2026-01-05 17:00:00,64.0,
,False,dress,PH,PH,2026-01-05 18:00:00,59.0,
,False,dress,PH,PH,2026-01-05 19:00:00,66.0,
,False,dress,PH,PH,2026-01-05 20:00:00,52.0,
,False,dress,PH,PH,2026-01-05 21:00:00,42.0,
,False,dress,PH,PH,2026-01-05 22:00:00,54.0,
,False,dress,PH,PH,2026-01-05 23:00:00,55.0,
,False,dress,PH,PH,2026-01-06 00:00:00,60.0,
,False,dress,PH,PH,2026-01-06 01:00:00,55.0,
,False,dress,PH,PH,2026-01-06 02:00:00,58.0,
,False,dress,PH,PH,2026-01-06 03:00:00,60.0,
,False,dress,PH,PH,2026-01-06 04:00:00,65.0,
,False,dress,PH,PH,2026-01-06 05:00:00,66.0,
,False,dress,PH,PH,2026-01-06 06:00:00,68.0,
,False,dress,PH,PH,2026-01-06 07:00:00,68.0,
,False,dress,PH,PH,2026-01-06 08:00:00,74.0,
,False,dress,PH,PH,2026-01-06 09:00:00,81.0,
,False,dress,PH,PH,2026-01-06 10:00:00,85.0,
,False,dress,PH,PH,2026-01-06 11:00:00,92.0,
,False,dress,PH,PH,2026-01-06 12:00:00,91.0,
,False,dress,PH,PH,2026-01-06 13:00:00,84.0,
,False,dress,PH,PH,2026-01-06 14:00:00,79.0,
,False,dress,PH,PH,2026-01-06 15:00:00,77.0,
,False,dress,PH,PH,2026-01-06 16:00:00,66.0,
,False,dress,PH,PH,2026-01-06 17:00:00,69.0,
,False,dress,PH,PH,2026-01-06 18:00:00,61.0,
,False,dress,PH,PH,2026-01-06 19:00:00,56.0,
,False,dress,PH,PH,2026-01-06 20:00:00,51.0,
,False,dress,PH,PH,2026-01-06 21:00:00,63.0,
,False,dress,PH,PH,2026-01-06 22:00:00,62.0,
,False,dress,PH,PH,2026-01-06 23:00:00,57.0,
,False,dress,PH,PH,2026-01-07 00:00:00,56.0,
,False,dress,PH,PH,2026-01-07 01:00:00,66.0,
,False,dress,PH,PH,2026-01-07 02:00:00,65.0,
,False,dress,PH,PH,2026-01-07 03:00:00,63.0,
,False,dress,PH,PH,2026-01-07 04:00:00,62.0,
,False,dress,PH,PH,2026-01-07 05:00:00,70.0,
,False,dress,PH,PH,2026-01-07 06:00:00,64.0,
,False,dress,PH,PH,2026-01-07 07:00:00,73.0,
,False,dress,PH,PH,2026-01-07 08:00:00,78.0,
,False,dress,PH,PH,2026-01-07 09:00:00,83.0,
,False,dress,PH,PH,2026-01-07 10:00:00,85.0,
,False,dress,PH,PH,2026-01-07 11:00:00,78.0,
,False,dress,PH,PH,2026-01-07 12:00:00,80.0,
,False,dress,PH,PH,2026-01-07 13:00:00,79.0,
,False,dress,PH,PH,2026-01-07 14:00:00,73.0,
,False,dress,PH,PH,2026-01-07 15:00:00,78.0,
,False,dress,PH,PH,2026-01-07 16:00:00,76.0,
,False,dress,PH,PH,2026-01-07 17:00:00,61.0,
,False,dress,PH,PH,2026-01-07 18:00:00,65.0,
,False,dress,PH,PH,2026-01-07 19:00:00,63.0,
,False,dress,PH,PH,2026-01-07 20:00:00,47.0,
,False,dress,PH,PH,2026-01-07 21:00:00,59.0,
,False,dress,PH,PH,2026-01-07 22:00:00,51.0,
,False,dress,PH,PH,2026-01-07 23:00:00,67.0,
,False,dress,PH,PH,2026-01-08 00:00:00,60.0,
,False,dress,PH,PH,2026-01-08 01:00:00,65.0,
,False,dress,PH,PH,2026-01-08 02:00:00,65.0,
,False,dress,PH,PH,2026-01-08 03:00:00,62.0,
,False,dress,PH,PH,2026-01-08 04:00:00,70.0,
,False,dress,PH,PH,2026-01-08 05:00:00,73.0,
,False,dress,PH,PH,2026-01-08 06:00:00,68.0,
,False,dress,PH,PH,2026-01-08 07:00:00,68.0,
,False,dress,PH,PH,2026-01-08 08:00:00,82.0,
,False,dress,PH,PH,2026-01-08 09:00:00,91.0,
,False,dress,PH,PH,2026-01-08 10:00:00,100.0,
,False,dress,PH,PH,2026-01-08 11:00:00,93.0,
,False,dress,PH,PH,2026-01-08 12:00:00,93.0,
,False,dress,PH,PH,2026-01-08 13:00:00,86.0,
,False,dress,PH,PH,2026-01-08 14:00:00,81.0,
,False,dress,PH,PH,2026-01-08 15:00:00,77.0,
,False,dress,PH,PH,2026-01-08 16:00:00,77.0,
,False,dress,PH,PH,2026-01-08 17:00:00,72.0,
,False,dress,PH,PH,2026-01-08 18:00:00,65.0,
,False,dress,PH,PH,2026-01-08 19:00:00,54.0,
,False,dress,PH,PH,2026-01-08 20:00:00,61.0,
,False,dress,PH,PH,2026-01-08 21:00:00,64.0,
,False,dress,PH,PH,2026-01-08 22:00:00,65.0,
,False,dress,PH,PH,2026-01-08 23:00:00,68.0,
,False,dress,PH,PH,2026-01-09 00:00:00,60.0,
,False,dress,PH,PH,2026-01-09 01:00:00,65.0,
,False,dress,PH,PH,2026-01-09 02:00:00,66.0,
,False,dress,PH,PH,2026-01-09 03:00:00,72.0,
,False,dress,PH,PH,2026-01-09 04:00:00,79.0,
,False,dress,PH,PH,2026-01-09 05:00:00,66.0,
,False,dress,PH,PH,2026-01-09 06:00:00,70.0,
,False,dress,PH,PH,2026-01-09 07:00:00,78.0,
,False,dress,PH,PH,2026-01-09 08:00:00,79.0,
,False,dress,PH,PH,2026-01-09 09:00:00,85.0,
,False,dress,PH,PH,2026-01-09 10:00:00,93.0,
,False,dress,PH,PH,2026-01-09 11:00:00,98.0,
,False,dress,PH,PH,2026-01-09 12:00:00,92.0,
,False,dress,PH,PH,2026-01-09 13:00:00,88.0,
,False,dress,PH,PH,2026-01-09 14:00:00,84.0,
,False,dress,PH,PH,2026-01-09 15:00:00,84.0,
,False,dress,PH,PH,2026-01-09 16:00:00,79.0,
,False,dress,PH,PH,2026-01-09 17:00:00,84.0,
,False,dress,PH,PH,2026-01-09 18:00:00,78.0,
,False,dress,PH,PH,2026-01-09 19:00:00,73.0,
,False,dress,PH,PH,2026-01-09 20:00:00,50.0,
,False,dress,PH,PH,2026-01-09 21:00:00,53.0,
,False,dress,PH,PH,2026-01-09 22:00:00,50.0,
,False,dress,PH,PH,2026-01-09 23:00:00,62.0,
,False,dress,PH,PH,2026-01-10 00:00:00,63.0,
,False,dress,PH,PH,2026-01-10 01:00:00,75.0,
,False,dress,PH,PH,2026-01-10 02:00:00,85.0,
,False,dress,PH,PH,2026-01-10 03:00:00,87.0,
,False,dress,PH,PH,2026-01-10 04:00:00,84.0,
,False,dress,PH,PH,2026-01-10 05:00:00,81.0,
,False,dress,PH,PH,2026-01-10 06:00:00,84.0,
,False,dress,PH,PH,2026-01-10 07:00:00,92.0,
,False,dress,PH,PH,2026-01-10 08:00:00,88.0,
,False,dress,PH,PH,2026-01-10 09:00:00,91.0,
,False,dress,PH,PH,2026-01-10 10:00:00,93.0,
,False,dress,PH,PH,2026-01-10 11:00:00,91.0,
,False,dress,PH,PH,2026-01-10 12:00:00,89.0,
,True,dress,PH,PH,2026-01-10 13:00:00,93.0,
,False,t-shirt,PH,PH,2026-01-03 13:00:00,,71.0
,False,t-shirt,PH,PH,2026-01-03 14:00:00,,48.0
,False,t-shirt,PH,PH,2026-01-03 15:00:00,,67.0
,False,t-shirt,PH,PH,2026-01-03 16:00:00,,48.0
,False,t-shirt,PH,PH,2026-01-03 17:00:00,,35.0
,False,t-shirt,PH,PH,2026-01-03 18:00:00,,82.0
,False,t-shirt,PH,PH,2026-01-03 19:00:00,,66.0
,False,t-shirt,PH,PH,2026-01-03 20:00:00,,0.0
,False,t-shirt,PH,PH,2026-01-03 21:00:00,,0.0
,False,t-shirt,PH,PH,2026-01-03 22:00:00,,0.0
,False,t-shirt,PH,PH,2026-01-03 23:00:00,,47.0
,False,t-shirt,PH,PH,2026-01-04 00:00:00,,60.0
,False,t-shirt,PH,PH,2026-01-04 01:00:00,,79.0
,False,t-shirt,PH,PH,2026-01-04 02:00:00,,83.0
,False,t-shirt,PH,PH,2026-01-04 03:00:00,,79.0
,False,t-shirt,PH,PH,2026-01-04 04:00:00,,69.0
,False,t-shirt,PH,PH,2026-01-04 05:00:00,,76.0
,False,t-shirt,PH,PH,2026-01-04 06:00:00,,68.0
,False,t-shirt,PH,PH,2026-01-04 07:00:00,,78.0
,False,t-shirt,PH,PH,2026-01-04 08:00:00,,75.0
,False,t-shirt,PH,PH,2026-01-04 09:00:00,,84.0
,False,t-shirt,PH,PH,2026-01-04 10:00:00,,90.0
,False,t-shirt,PH,PH,2026-01-04 11:00:00,,71.0
,False,t-shirt,PH,PH,2026-01-04 12:00:00,,73.0
,False,t-shirt,PH,PH,2026-01-04 13:00:00,,57.0
,False,t-shirt,PH,PH,2026-01-04 14:00:00,,59.0
,False,t-shirt,PH,PH,2026-01-04 15:00:00,,49.0
,False,t-shirt,PH,PH,2026-01-04 16:00:00,,50.0
,False,t-shirt,PH,PH,2026-01-04 17:00:00,,42.0
,False,t-shirt,PH,PH,2026-01-04 18:00:00,,0.0
,False,t-shirt,PH,PH,2026-01-04 19:00:00,,0.0
,False,t-shirt,PH,PH,2026-01-04 20:00:00,,0.0
,False,t-shirt,PH,PH,2026-01-04 21:00:00,,0.0
,False,t-shirt,PH,PH,2026-01-04 22:00:00,,73.0
,False,t-shirt,PH,PH,2026-01-04 23:00:00,,34.0
,False,t-shirt,PH,PH,2026-01-05 00:00:00,,42.0
,False,t-shirt,PH,PH,2026-01-05 01:00:00,,64.0
,False,t-shirt,PH,PH,2026-01-05 02:00:00,,51.0
,False,t-shirt,PH,PH,2026-01-05 03:00:00,,55.0
,False,t-shirt,PH,PH,2026-01-05 04:00:00,,58.0
,False,t-shirt,PH,PH,2026-01-05 05:00:00,,45.0
,False,t-shirt,PH,PH,2026-01-05 06:00:00,,65.0
,False,t-shirt,PH,PH,2026-01-05 07:00:00,,53.0
,False,t-shirt,PH,PH,2026-01-05 08:00:00,,76.0
,False,t-shirt,PH,PH,2026-01-05 09:00:00,,88.0
,False,t-shirt,PH,PH,2026-01-05 10:00:00,,100.0
,False,t-shirt,PH,PH,2026-01-05 11:00:00,,88.0
,False,t-shirt,PH,PH,2026-01-05 12:00:00,,50.0
,False,t-shirt,PH,PH,2026-01-05 13:00:00,,68.0
,False,t-shirt,PH,PH,2026-01-05 14:00:00,,42.0
,False,t-shirt,PH,PH,2026-01-05 15:00:00,,51.0
,False,t-shirt,PH,PH,2026-01-05 16:00:00,,36.0
,False,t-shirt,PH,PH,2026-01-05 17:00:00,,34.0
,False,t-shirt,PH,PH,2026-01-05 18:00:00,,0.0
,False,t-shirt,PH,PH,2026-01-05 19:00:00,,0.0
,False,t-shirt,PH,PH,2026-01-05 20:00:00,,0.0
,False,t-shirt,PH,PH,2026-01-05 21:00:00,,0.0
,False,t-shirt,PH,PH,2026-01-05 22:00:00,,46.0
,False,t-shirt,PH,PH,2026-01-05 23:00:00,,33.0
,False,t-shirt,PH,PH,2026-01-06 00:00:00,,46.0
,False,t-shirt,PH,PH,2026-01-06 01:00:00,,68.0
,False,t-shirt,PH,PH,2026-01-06 02:00:00,,54.0
,False,t-shirt,PH,PH,2026-01-06 03:00:00,,61.0
,False,t-shirt,PH,PH,2026-01-06 04:00:00,,51.0
,False,t-shirt,PH,PH,2026-01-06 05:00:00,,66.0
,False,t-shirt,PH,PH,2026-01-06 06:00:00,,56.0
,False,t-shirt,PH,PH,2026-01-06 07:00:00,,59.0
,False,t-shirt,PH,PH,2026-01-06 08:00:00,,52.0
,False,t-shirt,PH,PH,2026-01-06 09:00:00,,83.0
,False,t-shirt,PH,PH,2026-01-06 10:00:00,,80.0
,False,t-shirt,PH,PH,2026-01-06 11:00:00,,85.0
,False,t-shirt,PH,PH,2026-01-06 12:00:00,,81.0
,False,t-shirt,PH,PH,2026-01-06 13:00:00,,57.0
,False,t-shirt,PH,PH,2026-01-06 14:00:00,,55.0
,False,t-shirt,PH,PH,2026-01-06 15:00:00,,65.0
,False,t-shirt,PH,PH,2026-01-06 16:00:00,,39.0
,False,t-shirt,PH,PH,2026-01-06 17:00:00,,0.0
,False,t-shirt,PH,PH,2026-01-06 18:00:00,,0.0
,False,t-shirt,PH,PH,2026-01-06 19:00:00,,0.0
,False,t-shirt,PH,PH,2026-01-06 20:00:00,,56.0
,False,t-shirt,PH,PH,2026-01-06 21:00:00,,56.0
,False,t-shirt,PH,PH,2026-01-06 22:00:00,,54.0
,False,t-shirt,PH,PH,2026-01-06 23:00:00,,57.0
,False,t-shirt,PH,PH,2026-01-07 00:00:00,,49.0
,False,t-shirt,PH,PH,2026-01-07 01:00:00,,48.0
,False,t-shirt,PH,PH,2026-01-07 02:00:00,,43.0
,False,t-shirt,PH,PH,2026-01-07 03:00:00,,55.0
,False,t-shirt,PH,PH,2026-01-07 04:00:00,,62.0
,False,t-shirt,PH,PH,2026-01-07 05:00:00,,68.0
,False,t-shirt,PH,PH,2026-01-07 06:00:00,,58.0
,False,t-shirt,PH,PH,2026-01-07 07:00:00,,60.0
,False,t-shirt,PH,PH,2026-01-07 08:00:00,,71.0
,False,t-shirt,PH,PH,2026-01-07 09:00:00,,72.0
,False,t-shirt,PH,PH,2026-01-07 10:00:00,,81.0
,False,t-shirt,PH,PH,2026-01-07 11:00:00,,66.0
,False,t-shirt,PH,PH,2026-01-07 12:00:00,,75.0
,False,t-shirt,PH,PH,2026-01-07 13:00:00,,69.0
,False,t-shirt,PH,PH,2026-01-07 14:00:00,,57.0
,False,t-shirt,PH,PH,2026-01-07 15:00:00,,41.0
,False,t-shirt,PH,PH,2026-01-07 16:00:00,,41.0
,False,t-shirt,PH,PH,2026-01-07 17:00:00,,37.0
,False,t-shirt,PH,PH,2026-01-07 18:00:00,,0.0
,False,t-shirt,PH,PH,2026-01-07 19:00:00,,69.0
,False,t-shirt,PH,PH,2026-01-07 20:00:00,,0.0
,False,t-shirt,PH,PH,2026-01-07 21:00:00,,42.0
,False,t-shirt,PH,PH,2026-01-07 22:00:00,,61.0
,False,t-shirt,PH,PH,2026-01-07 23:00:00,,64.0
,False,t-shirt,PH,PH,2026-01-08 00:00:00,,53.0
,False,t-shirt,PH,PH,2026-01-08 01:00:00,,49.0
,False,t-shirt,PH,PH,2026-01-08 02:00:00,,54.0
,False,t-shirt,PH,PH,2026-01-08 03:00:00,,55.0
,False,t-shirt,PH,PH,2026-01-08 04:00:00,,40.0
,False,t-shirt,PH,PH,2026-01-08 05:00:00,,55.0
,False,t-shirt,PH,PH,2026-01-08 06:00:00,,61.0
,False,t-shirt,PH,PH,2026-01-08 07:00:00,,71.0
,False,t-shirt,PH,PH,2026-01-08 08:00:00,,76.0
,False,t-shirt,PH,PH,2026-01-08 09:00:00,,91.0
,False,t-shirt,PH,PH,2026-01-08 10:00:00,,90.0
,False,t-shirt,PH,PH,2026-01-08 11:00:00,,97.0
,False,t-shirt,PH,PH,2026-01-08 12:00:00,,83.0
,False,t-shirt,PH,PH,2026-01-08 13:00:00,,68.0
,False,t-shirt,PH,PH,2026-01-08 14:00:00,,53.0
,False,t-shirt,PH,PH,2026-01-08 15:00:00,,66.0
,False,t-shirt,PH,PH,2026-01-08 16:00:00,,46.0
,False,t-shirt,PH,PH,2026-01-08 17:00:00,,64.0
,False,t-shirt,PH,PH,2026-01-08 18:00:00,,46.0
,False,t-shirt,PH,PH,2026-01-08 19:00:00,,61.0
,False,t-shirt,PH,PH,2026-01-08 20:00:00,,0.0
,False,t-shirt,PH,PH,2026-01-08 21:00:00,,57.0
,False,t-shirt,PH,PH,2026-01-08 22:00:00,,52.0
,False,t-shirt,PH,PH,2026-01-08 23:00:00,,46.0
,False,t-shirt,PH,PH,2026-01-09 00:00:00,,52.0
,False,t-shirt,PH,PH,2026-01-09 01:00:00,,60.0
,False,t-shirt,PH,PH,2026-01-09 02:00:00,,62.0
,False,t-shirt,PH,PH,2026-01-09 03:00:00,,60.0
,False,t-shirt,PH,PH,2026-01-09 04:00:00,,56.0
,False,t-shirt,PH,PH,2026-01-09 05:00:00,,59.0
,False,t-shirt,PH,PH,2026-01-09 06:00:00,,66.0
,False,t-shirt,PH,PH,2026-01-09 07:00:00,,66.0
,False,t-shirt,PH,PH,2026-01-09 08:00:00,,85.0
,False,t-shirt,PH,PH,2026-01-09 09:00:00,,80.0
,False,t-shirt,PH,PH,2026-01-09 10:00:00,,85.0
,False,t-shirt,PH,PH,2026-01-09 11:00:00,,86.0
,False,t-shirt,PH,PH,2026-01-09 12:00:00,,90.0
,False,t-shirt,PH,PH,2026-01-09 13:00:00,,71.0
,False,t-shirt,PH,PH,2026-01-09 14:00:00,,66.0
,False,t-shirt,PH,PH,2026-01-09 15:00:00,,61.0
,False,t-shirt,PH,PH,2026-01-09 16:00:00,,61.0
,False,t-shirt,PH,PH,2026-01-09 17:00:00,,48.0
,False,t-shirt,PH,PH,2026-01-09 18:00:00,,0.0
,False,t-shirt,PH,PH,2026-01-09 19:00:00,,80.0
,False,t-shirt,PH,PH,2026-01-09 20:00:00,,0.0
,False,t-shirt,PH,PH,2026-01-09 21:00:00,,0.0
,False,t-shirt,PH,PH,2026-01-09 22:00:00,,41.0
,False,t-shirt,PH,PH,2026-01-09 23:00:00,,56.0
,False,t-shirt,PH,PH,2026-01-10 00:00:00,,70.0
,False,t-shirt,PH,PH,2026-01-10 01:00:00,,70.0
,False,t-shirt,PH,PH,2026-01-10 02:00:00,,68.0
,False,t-shirt,PH,PH,2026-01-10 03:00:00,,83.0
,False,t-shirt,PH,PH,2026-01-10 04:00:00,,76.0
,False,t-shirt,PH,PH,2026-01-10 05:00:00,,65.0
,False,t-shirt,PH,PH,2026-01-10 06:00:00,,83.0
,False,t-shirt,PH,PH,2026-01-10 07:00:00,,73.0
,False,t-shirt,PH,PH,2026-01-10 08:00:00,,64.0
,False,t-shirt,PH,PH,2026-01-10 09:00:00,,74.0
,False,t-shirt,PH,PH,2026-01-10 10:00:00,,84.0
,False,t-shirt,PH,PH,2026-01-10 11:00:00,,85.0
,False,t-shirt,PH,PH,2026-01-10 12:00:00,,66.0
,True,t-shirt,PH,PH,2026-01-10 13:00:00,,78.0
43.0,False,pant,ID,ID,2026-01-03 13:00:00,,
33.0,False,pant,ID,ID,2026-01-03 14:00:00,,
38.0,False,pant,ID,ID,2026-01-03 15:00:00,,
0.0,False,pant,ID,ID,2026-01-03 16:00:00,,
64.0,False,pant,ID,ID,2026-01-03 17:00:00,,
0.0,False,pant,ID,ID,2026-01-03 18:00:00,,
0.0,False,pant,ID,ID,2026-01-03 19:00:00,,
0.0,False,pant,ID,ID,2026-01-03 20:00:00,,
0.0,False,pant,ID,ID,2026-01-03 21:00:00,,
0.0,False,pant,ID,ID,2026-01-03 22:00:00,,
0.0,False,pant,ID,ID,2026-01-03 23:00:00,,
0.0,False,pant,ID,ID,2026-01-04 00:00:00,,
0.0,False,pant,ID,ID,2026-01-04 01:00:00,,
0.0,False,pant,ID,ID,2026-01-04 02:00:00,,
100.0,False,pant,ID,ID,2026-01-04 03:00:00,,
37.0,False,pant,ID,ID,2026-01-04 04:00:00,,
52.0,False,pant,ID,ID,2026-01-04 05:00:00,,
46.0,False,pant,ID,ID,2026-01-04 06:00:00,,
48.0,False,pant,ID,ID,2026-01-04 07:00:00,,
74.0,False,pant,ID,ID,2026-01-04 08:00:00,,
51.0,False,pant,ID,ID,2026-01-04 09:00:00,,
39.0,False,pant,ID,ID,2026-01-04 10:00:00,,
43.0,False,pant,ID,ID,2026-01-04 11:00:00,,
50.0,False,pant,ID,ID,2026-01-04 12:00:00,,
39.0,False,pant,ID,ID,2026-01-04 13:00:00,,
53.0,False,pant,ID,ID,2026-01-04 14:00:00,,
49.0,False,pant,ID,ID,2026-01-04 15:00:00,,
0.0,False,pant,ID,ID,2026-01-04 16:00:00,,
0.0,False,pant,ID,ID,2026-01-04 17:00:00,,
0.0,False,pant,ID,ID,2026-01-04 18:00:00,,
0.0,False,pant,ID,ID,2026-01-04 19:00:00,,
0.0,False,pant,ID,ID,2026-01-04 20:00:00,,
0.0,False,pant,ID,ID,2026-01-04 21:00:00,,
0.0,False,pant,ID,ID,2026-01-04 22:00:00,,
0.0,False,pant,ID,ID,2026-01-04 23:00:00,,
0.0,False,pant,ID,ID,2026-01-05 00:00:00,,
39.0,False,pant,ID,ID,2026-01-05 01:00:00,,
31.0,False,pant,ID,ID,2026-01-05 02:00:00,,
46.0,False,pant,ID,ID,2026-01-05 03:00:00,,
30.0,False,pant,ID,ID,2026-01-05 04:00:00,,
33.0,False,pant,ID,ID,2026-01-05 05:00:00,,
40.0,False,pant,ID,ID,2026-01-05 06:00:00,,
55.0,False,pant,ID,ID,2026-01-05 07:00:00,,
47.0,False,pant,ID,ID,2026-01-05 08:00:00,,
42.0,False,pant,ID,ID,2026-01-05 09:00:00,,
50.0,False,pant,ID,ID,2026-01-05 10:00:00,,
35.0,False,pant,ID,ID,2026-01-05 11:00:00,,
43.0,False,pant,ID,ID,2026-01-05 12:00:00,,
48.0,False,pant,ID,ID,2026-01-05 13:00:00,,
59.0,False,pant,ID,ID,2026-01-05 14:00:00,,
0.0,False,pant,ID,ID,2026-01-05 15:00:00,,
45.0,False,pant,ID,ID,2026-01-05 16:00:00,,
0.0,False,pant,ID,ID,2026-01-05 17:00:00,,
76.0,False,pant,ID,ID,2026-01-05 18:00:00,,
0.0,False,pant,ID,ID,2026-01-05 19:00:00,,
0.0,False,pant,ID,ID,2026-01-05 20:00:00,,
0.0,False,pant,ID,ID,2026-01-05 21:00:00,,
0.0,False,pant,ID,ID,2026-01-05 22:00:00,,
0.0,False,pant,ID,ID,2026-01-05 23:00:00,,
0.0,False,pant,ID,ID,2026-01-06 00:00:00,,
0.0,False,pant,ID,ID,2026-01-06 01:00:00,,
0.0,False,pant,ID,ID,2026-01-06 02:00:00,,
33.0,False,pant,ID,ID,2026-01-06 03:00:00,,
30.0,False,pant,ID,ID,2026-01-06 04:00:00,,
0.0,False,pant,ID,ID,2026-01-06 05:00:00,,
47.0,False,pant,ID,ID,2026-01-06 06:00:00,,
36.0,False,pant,ID,ID,2026-01-06 07:00:00,,
0.0,False,pant,ID,ID,2026-01-06 08:00:00,,
52.0,False,pant,ID,ID,2026-01-06 09:00:00,,
49.0,False,pant,ID,ID,2026-01-06 10:00:00,,
33.0,False,pant,ID,ID,2026-01-06 11:00:00,,
72.0,False,pant,ID,ID,2026-01-06 12:00:00,,
42.0,False,pant,ID,ID,2026-01-06 13:00:00,,
29.0,False,pant,ID,ID,2026-01-06 14:00:00,,
45.0,False,pant,ID,ID,2026-01-06 15:00:00,,
0.0,False,pant,ID,ID,2026-01-06 16:00:00,,
0.0,False,pant,ID,ID,2026-01-06 17:00:00,,
0.0,False,pant,ID,ID,2026-01-06 18:00:00,,
0.0,False,pant,ID,ID,2026-01-06 19:00:00,,
0.0,False,pant,ID,ID,2026-01-06 20:00:00,,
0.0,False,pant,ID,ID,2026-01-06 21:00:00,,
0.0,False,pant,ID,ID,2026-01-06 22:00:00,,
84.0,False,pant,ID,ID,2026-01-06 23:00:00,,
0.0,False,pant,ID,ID,2026-01-07 00:00:00,,
0.0,False,pant,ID,ID,2026-01-07 01:00:00,,
61.0,False,pant,ID,ID,2026-01-07 02:00:00,,
44.0,False,pant,ID,ID,2026-01-07 03:00:00,,
57.0,False,pant,ID,ID,2026-01-07 04:00:00,,
53.0,False,pant,ID,ID,2026-01-07 05:00:00,,
48.0,False,pant,ID,ID,2026-01-07 06:00:00,,
38.0,False,pant,ID,ID,2026-01-07 07:00:00,,
50.0,False,pant,ID,ID,2026-01-07 08:00:00,,
0.0,False,pant,ID,ID,2026-01-07 09:00:00,,
44.0,False,pant,ID,ID,2026-01-07 10:00:00,,
57.0,False,pant,ID,ID,2026-01-07 11:00:00,,
55.0,False,pant,ID,ID,2026-01-07 12:00:00,,
41.0,False,pant,ID,ID,2026-01-07 13:00:00,,
64.0,False,pant,ID,ID,2026-01-07 14:00:00,,
40.0,False,pant,ID,ID,2026-01-07 15:00:00,,
0.0,False,pant,ID,ID,2026-01-07 16:00:00,,
0.0,False,pant,ID,ID,2026-01-07 17:00:00,,
73.0,False,pant,ID,ID,2026-01-07 18:00:00,,
0.0,False,pant,ID,ID,2026-01-07 19:00:00,,
0.0,False,pant,ID,ID,2026-01-07 20:00:00,,
0.0,False,pant,ID,ID,2026-01-07 21:00:00,,
0.0,False,pant,ID,ID,2026-01-07 22:00:00,,
0.0,False,pant,ID,ID,2026-01-07 23:00:00,,
0.0,False,pant,ID,ID,2026-01-08 00:00:00,,
0.0,False,pant,ID,ID,2026-01-08 01:00:00,,
45.0,False,pant,ID,ID,2026-01-08 02:00:00,,
0.0,False,pant,ID,ID,2026-01-08 03:00:00,,
50.0,False,pant,ID,ID,2026-01-08 04:00:00,,
0.0,False,pant,ID,ID,2026-01-08 05:00:00,,
0.0,False,pant,ID,ID,2026-01-08 06:00:00,,
29.0,False,pant,ID,ID,2026-01-08 07:00:00,,
0.0,False,pant,ID,ID,2026-01-08 08:00:00,,
33.0,False,pant,ID,ID,2026-01-08 09:00:00,,
0.0,False,pant,ID,ID,2026-01-08 10:00:00,,
43.0,False,pant,ID,ID,2026-01-08 11:00:00,,
66.0,False,pant,ID,ID,2026-01-08 12:00:00,,
28.0,False,pant,ID,ID,2026-01-08 13:00:00,,
48.0,False,pant,ID,ID,2026-01-08 14:00:00,,
34.0,False,pant,ID,ID,2026-01-08 15:00:00,,
0.0,False,pant,ID,ID,2026-01-08 16:00:00,,
0.0,False,pant,ID,ID,2026-01-08 17:00:00,,
0.0,False,pant,ID,ID,2026-01-08 18:00:00,,
0.0,False,pant,ID,ID,2026-01-08 19:00:00,,
0.0,False,pant,ID,ID,2026-01-08 20:00:00,,
0.0,False,pant,ID,ID,2026-01-08 21:00:00,,
0.0,False,pant,ID,ID,2026-01-08 22:00:00,,
0.0,False,pant,ID,ID,2026-01-08 23:00:00,,
0.0,False,pant,ID,ID,2026-01-09 00:00:00,,
42.0,False,pant,ID,ID,2026-01-09 01:00:00,,
0.0,False,pant,ID,ID,2026-01-09 02:00:00,,
41.0,False,pant,ID,ID,2026-01-09 03:00:00,,
44.0,False,pant,ID,ID,2026-01-09 04:00:00,,
48.0,False,pant,ID,ID,2026-01-09 05:00:00,,
42.0,False,pant,ID,ID,2026-01-09 06:00:00,,
62.0,False,pant,ID,ID,2026-01-09 07:00:00,,
45.0,False,pant,ID,ID,2026-01-09 08:00:00,,
48.0,False,pant,ID,ID,2026-01-09 09:00:00,,
50.0,False,pant,ID,ID,2026-01-09 10:00:00,,
32.0,False,pant,ID,ID,2026-01-09 11:00:00,,
33.0,False,pant,ID,ID,2026-01-09 12:00:00,,
0.0,False,pant,ID,ID,2026-01-09 13:00:00,,
30.0,False,pant,ID,ID,2026-01-09 14:00:00,,
0.0,False,pant,ID,ID,2026-01-09 15:00:00,,
0.0,False,pant,ID,ID,2026-01-09 16:00:00,,
61.0,False,pant,ID,ID,2026-01-09 17:00:00,,
0.0,False,pant,ID,ID,2026-01-09 18:00:00,,
0.0,False,pant,ID,ID,2026-01-09 19:00:00,,
0.0,False,pant,ID,ID,2026-01-09 20:00:00,,
0.0,False,pant,ID,ID,2026-01-09 21:00:00,,
0.0,False,pant,ID,ID,2026-01-09 22:00:00,,
0.0,False,pant,ID,ID,2026-01-09 23:00:00,,
0.0,False,pant,ID,ID,2026-01-10 00:00:00,,
0.0,False,pant,ID,ID,2026-01-10 01:00:00,,
47.0,False,pant,ID,ID,2026-01-10 02:00:00,,
57.0,False,pant,ID,ID,2026-01-10 03:00:00,,
58.0,False,pant,ID,ID,2026-01-10 04:00:00,,
54.0,False,pant,ID,ID,2026-01-10 05:00:00,,
57.0,False,pant,ID,ID,2026-01-10 06:00:00,,
0.0,False,pant,ID,ID,2026-01-10 07:00:00,,
81.0,False,pant,ID,ID,2026-01-10 08:00:00,,
39.0,False,pant,ID,ID,2026-01-10 09:00:00,,
61.0,False,pant,ID,ID,2026-01-10 10:00:00,,
0.0,False,pant,ID,ID,2026-01-10 11:00:00,,
33.0,False,pant,ID,ID,2026-01-10 12:00:00,,
47.0,True,pant,ID,ID,2026-01-10 13:00:00,,
,False,dress,ID,ID,2026-01-03 13:00:00,81.0,
,False,dress,ID,ID,2026-01-03 14:00:00,86.0,
,False,dress,ID,ID,2026-01-03 15:00:00,75.0,
,False,dress,ID,ID,2026-01-03 16:00:00,70.0,
,False,dress,ID,ID,2026-01-03 17:00:00,67.0,
,False,dress,ID,ID,2026-01-03 18:00:00,67.0,
,False,dress,ID,ID,2026-01-03 19:00:00,48.0,
,False,dress,ID,ID,2026-01-03 20:00:00,69.0,
,False,dress,ID,ID,2026-01-03 21:00:00,66.0,
,False,dress,ID,ID,2026-01-03 22:00:00,76.0,
,False,dress,ID,ID,2026-01-03 23:00:00,66.0,
,False,dress,ID,ID,2026-01-04 00:00:00,85.0,
,False,dress,ID,ID,2026-01-04 01:00:00,83.0,
,False,dress,ID,ID,2026-01-04 02:00:00,80.0,
,False,dress,ID,ID,2026-01-04 03:00:00,82.0,
,False,dress,ID,ID,2026-01-04 04:00:00,86.0,
,False,dress,ID,ID,2026-01-04 05:00:00,84.0,
,False,dress,ID,ID,2026-01-04 06:00:00,92.0,
,False,dress,ID,ID,2026-01-04 07:00:00,96.0,
,False,dress,ID,ID,2026-01-04 08:00:00,100.0,
,False,dress,ID,ID,2026-01-04 09:00:00,98.0,
,False,dress,ID,ID,2026-01-04 10:00:00,100.0,
,False,dress,ID,ID,2026-01-04 11:00:00,72.0,
,False,dress,ID,ID,2026-01-04 12:00:00,85.0,
,False,dress,ID,ID,2026-01-04 13:00:00,76.0,
,False,dress,ID,ID,2026-01-04 14:00:00,71.0,
,False,dress,ID,ID,2026-01-04 15:00:00,68.0,
,False,dress,ID,ID,2026-01-04 16:00:00,74.0,
,False,dress,ID,ID,2026-01-04 17:00:00,79.0,
,False,dress,ID,ID,2026-01-04 18:00:00,70.0,
,False,dress,ID,ID,2026-01-04 19:00:00,71.0,
,False,dress,ID,ID,2026-01-04 20:00:00,68.0,
,False,dress,ID,ID,2026-01-04 21:00:00,71.0,
,False,dress,ID,ID,2026-01-04 22:00:00,56.0,
,False,dress,ID,ID,2026-01-04 23:00:00,60.0,
,False,dress,ID,ID,2026-01-05 00:00:00,65.0,
,False,dress,ID,ID,2026-01-05 01:00:00,57.0,
,False,dress,ID,ID,2026-01-05 02:00:00,65.0,
,False,dress,ID,ID,2026-01-05 03:00:00,73.0,
,False,dress,ID,ID,2026-01-05 04:00:00,67.0,
,False,dress,ID,ID,2026-01-05 05:00:00,81.0,
,False,dress,ID,ID,2026-01-05 06:00:00,74.0,
,False,dress,ID,ID,2026-01-05 07:00:00,82.0,
,False,dress,ID,ID,2026-01-05 08:00:00,82.0,
,False,dress,ID,ID,2026-01-05 09:00:00,92.0,
,False,dress,ID,ID,2026-01-05 10:00:00,83.0,
,False,dress,ID,ID,2026-01-05 11:00:00,82.0,
,False,dress,ID,ID,2026-01-05 12:00:00,72.0,
,False,dress,ID,ID,2026-01-05 13:00:00,82.0,
,False,dress,ID,ID,2026-01-05 14:00:00,80.0,
,False,dress,ID,ID,2026-01-05 15:00:00,73.0,
,False,dress,ID,ID,2026-01-05 16:00:00,70.0,
,False,dress,ID,ID,2026-01-05 17:00:00,74.0,
,False,dress,ID,ID,2026-01-05 18:00:00,69.0,
,False,dress,ID,ID,2026-01-05 19:00:00,69.0,
,False,dress,ID,ID,2026-01-05 20:00:00,73.0,
,False,dress,ID,ID,2026-01-05 21:00:00,67.0,
,False,dress,ID,ID,2026-01-05 22:00:00,64.0,
,False,dress,ID,ID,2026-01-05 23:00:00,65.0,
,False,dress,ID,ID,2026-01-06 00:00:00,52.0,
,False,dress,ID,ID,2026-01-06 01:00:00,61.0,
,False,dress,ID,ID,2026-01-06 02:00:00,64.0,
,False,dress,ID,ID,2026-01-06 03:00:00,80.0,
,False,dress,ID,ID,2026-01-06 04:00:00,86.0,
,False,dress,ID,ID,2026-01-06 05:00:00,84.0,
,False,dress,ID,ID,2026-01-06 06:00:00,81.0,
,False,dress,ID,ID,2026-01-06 07:00:00,81.0,
,False,dress,ID,ID,2026-01-06 08:00:00,80.0,
,False,dress,ID,ID,2026-01-06 09:00:00,93.0,
,False,dress,ID,ID,2026-01-06 10:00:00,90.0,
,False,dress,ID,ID,2026-01-06 11:00:00,85.0,
,False,dress,ID,ID,2026-01-06 12:00:00,85.0,
,False,dress,ID,ID,2026-01-06 13:00:00,75.0,
,False,dress,ID,ID,2026-01-06 14:00:00,84.0,
,False,dress,ID,ID,2026-01-06 15:00:00,80.0,
,False,dress,ID,ID,2026-01-06 16:00:00,70.0,
,False,dress,ID,ID,2026-01-06 17:00:00,73.0,
,False,dress,ID,ID,2026-01-06 18:00:00,69.0,
,False,dress,ID,ID,2026-01-06 19:00:00,72.0,
,False,dress,ID,ID,2026-01-06 20:00:00,58.0,
,False,dress,ID,ID,2026-01-06 21:00:00,83.0,
,False,dress,ID,ID,2026-01-06 22:00:00,62.0,
,False,dress,ID,ID,2026-01-06 23:00:00,63.0,
,False,dress,ID,ID,2026-01-07 00:00:00,54.0,
,False,dress,ID,ID,2026-01-07 01:00:00,55.0,
,False,dress,ID,ID,2026-01-07 02:00:00,68.0,
,False,dress,ID,ID,2026-01-07 03:00:00,65.0,
,False,dress,ID,ID,2026-01-07 04:00:00,84.0,
,False,dress,ID,ID,2026-01-07 05:00:00,74.0,
,False,dress,ID,ID,2026-01-07 06:00:00,83.0,
,False,dress,ID,ID,2026-01-07 07:00:00,82.0,
,False,dress,ID,ID,2026-01-07 08:00:00,70.0,
,False,dress,ID,ID,2026-01-07 09:00:00,93.0,
,False,dress,ID,ID,2026-01-07 10:00:00,94.0,
,False,dress,ID,ID,2026-01-07 11:00:00,84.0,
,False,dress,ID,ID,2026-01-07 12:00:00,85.0,
,False,dress,ID,ID,2026-01-07 13:00:00,77.0,
,False,dress,ID,ID,2026-01-07 14:00:00,89.0,
,False,dress,ID,ID,2026-01-07 15:00:00,81.0,
,False,dress,ID,ID,2026-01-07 16:00:00,75.0,
,False,dress,ID,ID,2026-01-07 17:00:00,74.0,
,False,dress,ID,ID,2026-01-07 18:00:00,72.0,
,False,dress,ID,ID,2026-01-07 19:00:00,57.0,
,False,dress,ID,ID,2026-01-07 20:00:00,63.0,
,False,dress,ID,ID,2026-01-07 21:00:00,54.0,
,False,dress,ID,ID,2026-01-07 22:00:00,50.0,
,False,dress,ID,ID,2026-01-07 23:00:00,64.0,
,False,dress,ID,ID,2026-01-08 00:00:00,57.0,
,False,dress,ID,ID,2026-01-08 01:00:00,70.0,
,False,dress,ID,ID,2026-01-08 02:00:00,68.0,
,False,dress,ID,ID,2026-01-08 03:00:00,78.0,
,False,dress,ID,ID,2026-01-08 04:00:00,80.0,
,False,dress,ID,ID,2026-01-08 05:00:00,82.0,
,False,dress,ID,ID,2026-01-08 06:00:00,82.0,
,False,dress,ID,ID,2026-01-08 07:00:00,81.0,
,False,dress,ID,ID,2026-01-08 08:00:00,90.0,
,False,dress,ID,ID,2026-01-08 09:00:00,96.0,
,False,dress,ID,ID,2026-01-08 10:00:00,91.0,
,False,dress,ID,ID,2026-01-08 11:00:00,82.0,
,False,dress,ID,ID,2026-01-08 12:00:00,83.0,
,False,dress,ID,ID,2026-01-08 13:00:00,84.0,
,False,dress,ID,ID,2026-01-08 14:00:00,88.0,
,False,dress,ID,ID,2026-01-08 15:00:00,83.0,
,False,dress,ID,ID,2026-01-08 16:00:00,79.0,
,False,dress,ID,ID,2026-01-08 17:00:00,75.0,
,False,dress,ID,ID,2026-01-08 18:00:00,73.0,
,False,dress,ID,ID,2026-01-08 19:00:00,61.0,
,False,dress,ID,ID,2026-01-08 20:00:00,76.0,
,False,dress,ID,ID,2026-01-08 21:00:00,61.0,
,False,dress,ID,ID,2026-01-08 22:00:00,68.0,
,False,dress,ID,ID,2026-01-08 23:00:00,55.0,
,False,dress,ID,ID,2026-01-09 00:00:00,63.0,
,False,dress,ID,ID,2026-01-09 01:00:00,57.0,
,False,dress,ID,ID,2026-01-09 02:00:00,73.0,
,False,dress,ID,ID,2026-01-09 03:00:00,76.0,
,False,dress,ID,ID,2026-01-09 04:00:00,77.0,
,False,dress,ID,ID,2026-01-09 05:00:00,75.0,
,False,dress,ID,ID,2026-01-09 06:00:00,75.0,
,False,dress,ID,ID,2026-01-09 07:00:00,87.0,
,False,dress,ID,ID,2026-01-09 08:00:00,89.0,
,False,dress,ID,ID,2026-01-09 09:00:00,94.0,
,False,dress,ID,ID,2026-01-09 10:00:00,85.0,
,False,dress,ID,ID,2026-01-09 11:00:00,91.0,
,False,dress,ID,ID,2026-01-09 12:00:00,85.0,
,False,dress,ID,ID,2026-01-09 13:00:00,80.0,
,False,dress,ID,ID,2026-01-09 14:00:00,75.0,
,False,dress,ID,ID,2026-01-09 15:00:00,72.0,
,False,dress,ID,ID,2026-01-09 16:00:00,79.0,
,False,dress,ID,ID,2026-01-09 17:00:00,81.0,
,False,dress,ID,ID,2026-01-09 18:00:00,60.0,
,False,dress,ID,ID,2026-01-09 19:00:00,66.0,
,False,dress,ID,ID,2026-01-09 20:00:00,57.0,
,False,dress,ID,ID,2026-01-09 21:00:00,59.0,
,False,dress,ID,ID,2026-01-09 22:00:00,81.0,
,False,dress,ID,ID,2026-01-09 23:00:00,69.0,
,False,dress,ID,ID,2026-01-10 00:00:00,72.0,
,False,dress,ID,ID,2026-01-10 01:00:00,69.0,
,False,dress,ID,ID,2026-01-10 02:00:00,85.0,
,False,dress,ID,ID,2026-01-10 03:00:00,80.0,
,False,dress,ID,ID,2026-01-10 04:00:00,91.0,
,False,dress,ID,ID,2026-01-10 05:00:00,84.0,
,False,dress,ID,ID,2026-01-10 06:00:00,96.0,
,False,dress,ID,ID,2026-01-10 07:00:00,89.0,
,False,dress,ID,ID,2026-01-10 08:00:00,82.0,
,False,dress,ID,ID,2026-01-10 09:00:00,99.0,
,False,dress,ID,ID,2026-01-10 10:00:00,92.0,
,False,dress,ID,ID,2026-01-10 11:00:00,86.0,
,False,dress,ID,ID,2026-01-10 12:00:00,76.0,
,True,dress,ID,ID,2026-01-10 13:00:00,82.0,
,False,t-shirt,ID,ID,2026-01-03 13:00:00,,68.0
,False,t-shirt,ID,ID,2026-01-03 14:00:00,,58.0
,False,t-shirt,ID,ID,2026-01-03 15:00:00,,41.0
,False,t-shirt,ID,ID,2026-01-03 16:00:00,,17.0
,False,t-shirt,ID,ID,2026-01-03 17:00:00,,26.0
,False,t-shirt,ID,ID,2026-01-03 18:00:00,,0.0
,False,t-shirt,ID,ID,2026-01-03 19:00:00,,0.0
,False,t-shirt,ID,ID,2026-01-03 20:00:00,,0.0
,False,t-shirt,ID,ID,2026-01-03 21:00:00,,0.0
,False,t-shirt,ID,ID,2026-01-03 22:00:00,,43.0
,False,t-shirt,ID,ID,2026-01-03 23:00:00,,63.0
,False,t-shirt,ID,ID,2026-01-04 00:00:00,,68.0
,False,t-shirt,ID,ID,2026-01-04 01:00:00,,76.0
,False,t-shirt,ID,ID,2026-01-04 02:00:00,,100.0
,False,t-shirt,ID,ID,2026-01-04 03:00:00,,75.0
,False,t-shirt,ID,ID,2026-01-04 04:00:00,,67.0
,False,t-shirt,ID,ID,2026-01-04 05:00:00,,70.0
,False,t-shirt,ID,ID,2026-01-04 06:00:00,,69.0
,False,t-shirt,ID,ID,2026-01-04 07:00:00,,57.0
,False,t-shirt,ID,ID,2026-01-04 08:00:00,,70.0
,False,t-shirt,ID,ID,2026-01-04 09:00:00,,80.0
,False,t-shirt,ID,ID,2026-01-04 10:00:00,,64.0
,False,t-shirt,ID,ID,2026-01-04 11:00:00,,61.0
,False,t-shirt,ID,ID,2026-01-04 12:00:00,,54.0
,False,t-shirt,ID,ID,2026-01-04 13:00:00,,68.0
,False,t-shirt,ID,ID,2026-01-04 14:00:00,,42.0
,False,t-shirt,ID,ID,2026-01-04 15:00:00,,44.0
,False,t-shirt,ID,ID,2026-01-04 16:00:00,,33.0
,False,t-shirt,ID,ID,2026-01-04 17:00:00,,0.0
,False,t-shirt,ID,ID,2026-01-04 18:00:00,,0.0
,False,t-shirt,ID,ID,2026-01-04 19:00:00,,0.0
,False,t-shirt,ID,ID,2026-01-04 20:00:00,,0.0
,False,t-shirt,ID,ID,2026-01-04 21:00:00,,0.0
,False,t-shirt,ID,ID,2026-01-04 22:00:00,,0.0
,False,t-shirt,ID,ID,2026-01-04 23:00:00,,0.0
,False,t-shirt,ID,ID,2026-01-05 00:00:00,,26.0
,False,t-shirt,ID,ID,2026-01-05 01:00:00,,38.0
,False,t-shirt,ID,ID,2026-01-05 02:00:00,,42.0
,False,t-shirt,ID,ID,2026-01-05 03:00:00,,43.0
,False,t-shirt,ID,ID,2026-01-05 04:00:00,,42.0
,False,t-shirt,ID,ID,2026-01-05 05:00:00,,47.0
,False,t-shirt,ID,ID,2026-01-05 06:00:00,,67.0
,False,t-shirt,ID,ID,2026-01-05 07:00:00,,65.0
,False,t-shirt,ID,ID,2026-01-05 08:00:00,,62.0
,False,t-shirt,ID,ID,2026-01-05 09:00:00,,54.0
,False,t-shirt,ID,ID,2026-01-05 10:00:00,,59.0
,False,t-shirt,ID,ID,2026-01-05 11:00:00,,56.0
,False,t-shirt,ID,ID,2026-01-05 12:00:00,,59.0
,False,t-shirt,ID,ID,2026-01-05 13:00:00,,44.0
,False,t-shirt,ID,ID,2026-01-05 14:00:00,,38.0
,False,t-shirt,ID,ID,2026-01-05 15:00:00,,29.0
,False,t-shirt,ID,ID,2026-01-05 16:00:00,,20.0
,False,t-shirt,ID,ID,2026-01-05 17:00:00,,29.0
,False,t-shirt,ID,ID,2026-01-05 18:00:00,,0.0
,False,t-shirt,ID,ID,2026-01-05 19:00:00,,0.0
,False,t-shirt,ID,ID,2026-01-05 20:00:00,,0.0
,False,t-shirt,ID,ID,2026-01-05 21:00:00,,0.0
,False,t-shirt,ID,ID,2026-01-05 22:00:00,,0.0
,False,t-shirt,ID,ID,2026-01-05 23:00:00,,57.0
,False,t-shirt,ID,ID,2026-01-06 00:00:00,,0.0
,False,t-shirt,ID,ID,2026-01-06 01:00:00,,40.0
,False,t-shirt,ID,ID,2026-01-06 02:00:00,,32.0
,False,t-shirt,ID,ID,2026-01-06 03:00:00,,38.0
,False,t-shirt,ID,ID,2026-01-06 04:00:00,,37.0
,False,t-shirt,ID,ID,2026-01-06 05:00:00,,58.0
,False,t-shirt,ID,ID,2026-01-06 06:00:00,,58.0
,False,t-shirt,ID,ID,2026-01-06 07:00:00,,46.0
,False,t-shirt,ID,ID,2026-01-06 08:00:00,,58.0
,False,t-shirt,ID,ID,2026-01-06 09:00:00,,62.0
,False,t-shirt,ID,ID,2026-01-06 10:00:00,,60.0
,False,t-shirt,ID,ID,2026-01-06 11:00:00,,51.0
,False,t-shirt,ID,ID,2026-01-06 12:00:00,,53.0
,False,t-shirt,ID,ID,2026-01-06 13:00:00,,54.0
,False,t-shirt,ID,ID,2026-01-06 14:00:00,,34.0
,False,t-shirt,ID,ID,2026-01-06 15:00:00,,37.0
,False,t-shirt,ID,ID,2026-01-06 16:00:00,,34.0
,False,t-shirt,ID,ID,2026-01-06 17:00:00,,31.0
,False,t-shirt,ID,ID,2026-01-06 18:00:00,,30.0
,False,t-shirt,ID,ID,2026-01-06 19:00:00,,0.0
,False,t-shirt,ID,ID,2026-01-06 20:00:00,,0.0
,False,t-shirt,ID,ID,2026-01-06 21:00:00,,0.0
,False,t-shirt,ID,ID,2026-01-06 22:00:00,,0.0
,False,t-shirt,ID,ID,2026-01-06 23:00:00,,33.0
,False,t-shirt,ID,ID,2026-01-07 00:00:00,,26.0
,False,t-shirt,ID,ID,2026-01-07 01:00:00,,28.0
,False,t-shirt,ID,ID,2026-01-07 02:00:00,,33.0
,False,t-shirt,ID,ID,2026-01-07 03:00:00,,49.0
,False,t-shirt,ID,ID,2026-01-07 04:00:00,,25.0
,False,t-shirt,ID,ID,2026-01-07 05:00:00,,61.0
,False,t-shirt,ID,ID,2026-01-07 06:00:00,,61.0
,False,t-shirt,ID,ID,2026-01-07 07:00:00,,51.0
,False,t-shirt,ID,ID,2026-01-07 08:00:00,,42.0
,False,t-shirt,ID,ID,2026-01-07 09:00:00,,55.0
,False,t-shirt,ID,ID,2026-01-07 10:00:00,,68.0
,False,t-shirt,ID,ID,2026-01-07 11:00:00,,45.0
,False,t-shirt,ID,ID,2026-01-07 12:00:00,,55.0
,False,t-shirt,ID,ID,2026-01-07 13:00:00,,56.0
,False,t-shirt,ID,ID,2026-01-07 14:00:00,,52.0
,False,t-shirt,ID,ID,2026-01-07 15:00:00,,27.0
,False,t-shirt,ID,ID,2026-01-07 16:00:00,,26.0
,False,t-shirt,ID,ID,2026-01-07 17:00:00,,27.0
,False,t-shirt,ID,ID,2026-01-07 18:00:00,,38.0
,False,t-shirt,ID,ID,2026-01-07 19:00:00,,0.0
,False,t-shirt,ID,ID,2026-01-07 20:00:00,,0.0
,False,t-shirt,ID,ID,2026-01-07 21:00:00,,0.0
,False,t-shirt,ID,ID,2026-01-07 22:00:00,,0.0
,False,t-shirt,ID,ID,2026-01-07 23:00:00,,0.0
,False,t-shirt,ID,ID,2026-01-08 00:00:00,,20.0
,False,t-shirt,ID,ID,2026-01-08 01:00:00,,25.0
,False,t-shirt,ID,ID,2026-01-08 02:00:00,,27.0
,False,t-shirt,ID,ID,2026-01-08 03:00:00,,31.0
,False,t-shirt,ID,ID,2026-01-08 04:00:00,,43.0
,False,t-shirt,ID,ID,2026-01-08 05:00:00,,42.0
,False,t-shirt,ID,ID,2026-01-08 06:00:00,,49.0
,False,t-shirt,ID,ID,2026-01-08 07:00:00,,47.0
,False,t-shirt,ID,ID,2026-01-08 08:00:00,,57.0
,False,t-shirt,ID,ID,2026-01-08 09:00:00,,58.0
,False,t-shirt,ID,ID,2026-01-08 10:00:00,,36.0
,False,t-shirt,ID,ID,2026-01-08 11:00:00,,50.0
,False,t-shirt,ID,ID,2026-01-08 12:00:00,,53.0
,False,t-shirt,ID,ID,2026-01-08 13:00:00,,67.0
,False,t-shirt,ID,ID,2026-01-08 14:00:00,,41.0
,False,t-shirt,ID,ID,2026-01-08 15:00:00,,36.0
,False,t-shirt,ID,ID,2026-01-08 16:00:00,,29.0
,False,t-shirt,ID,ID,2026-01-08 17:00:00,,28.0
,False,t-shirt,ID,ID,2026-01-08 18:00:00,,40.0
,False,t-shirt,ID,ID,2026-01-08 19:00:00,,0.0
,False,t-shirt,ID,ID,2026-01-08 20:00:00,,0.0
,False,t-shirt,ID,ID,2026-01-08 21:00:00,,0.0
,False,t-shirt,ID,ID,2026-01-08 22:00:00,,52.0
,False,t-shirt,ID,ID,2026-01-08 23:00:00,,27.0
,False,t-shirt,ID,ID,2026-01-09 00:00:00,,32.0
,False,t-shirt,ID,ID,2026-01-09 01:00:00,,28.0
,False,t-shirt,ID,ID,2026-01-09 02:00:00,,34.0
,False,t-shirt,ID,ID,2026-01-09 03:00:00,,44.0
,False,t-shirt,ID,ID,2026-01-09 04:00:00,,51.0
,False,t-shirt,ID,ID,2026-01-09 05:00:00,,45.0
,False,t-shirt,ID,ID,2026-01-09 06:00:00,,58.0
,False,t-shirt,ID,ID,2026-01-09 07:00:00,,47.0
,False,t-shirt,ID,ID,2026-01-09 08:00:00,,58.0
,False,t-shirt,ID,ID,2026-01-09 09:00:00,,57.0
,False,t-shirt,ID,ID,2026-01-09 10:00:00,,56.0
,False,t-shirt,ID,ID,2026-01-09 11:00:00,,60.0
,False,t-shirt,ID,ID,2026-01-09 12:00:00,,62.0
,False,t-shirt,ID,ID,2026-01-09 13:00:00,,51.0
,False,t-shirt,ID,ID,2026-01-09 14:00:00,,46.0
,False,t-shirt,ID,ID,2026-01-09 15:00:00,,32.0
,False,t-shirt,ID,ID,2026-01-09 16:00:00,,27.0
,False,t-shirt,ID,ID,2026-01-09 17:00:00,,24.0
,False,t-shirt,ID,ID,2026-01-09 18:00:00,,0.0
,False,t-shirt,ID,ID,2026-01-09 19:00:00,,0.0
,False,t-shirt,ID,ID,2026-01-09 20:00:00,,0.0
,False,t-shirt,ID,ID,2026-01-09 21:00:00,,0.0
,False,t-shirt,ID,ID,2026-01-09 22:00:00,,0.0
,False,t-shirt,ID,ID,2026-01-09 23:00:00,,53.0
,False,t-shirt,ID,ID,2026-01-10 00:00:00,,36.0
,False,t-shirt,ID,ID,2026-01-10 01:00:00,,47.0
,False,t-shirt,ID,ID,2026-01-10 02:00:00,,35.0
,False,t-shirt,ID,ID,2026-01-10 03:00:00,,65.0
,False,t-shirt,ID,ID,2026-01-10 04:00:00,,64.0
,False,t-shirt,ID,ID,2026-01-10 05:00:00,,72.0
,False,t-shirt,ID,ID,2026-01-10 06:00:00,,69.0
,False,t-shirt,ID,ID,2026-01-10 07:00:00,,62.0
,False,t-shirt,ID,ID,2026-01-10 08:00:00,,49.0
,False,t-shirt,ID,ID,2026-01-10 09:00:00,,52.0
,False,t-shirt,ID,ID,2026-01-10 10:00:00,,51.0
,False,t-shirt,ID,ID,2026-01-10 11:00:00,,68.0
,False,t-shirt,ID,ID,2026-01-10 12:00:00,,50.0
,True,t-shirt,ID,ID,2026-01-10 13:00:00,,51.0
86.0,False,pant,IN,IN,2026-01-03 13:00:00,,
99.0,False,pant,IN,IN,2026-01-03 14:00:00,,
88.0,False,pant,IN,IN,2026-01-03 15:00:00,,
79.0,False,pant,IN,IN,2026-01-03 16:00:00,,
71.0,False,pant,IN,IN,2026-01-03 17:00:00,,
66.0,False,pant,IN,IN,2026-01-03 18:00:00,,
60.0,False,pant,IN,IN,2026-01-03 19:00:00,,
56.0,False,pant,IN,IN,2026-01-03 20:00:00,,
48.0,False,pant,IN,IN,2026-01-03 21:00:00,,
48.0,False,pant,IN,IN,2026-01-03 22:00:00,,
36.0,False,pant,IN,IN,2026-01-03 23:00:00,,
34.0,False,pant,IN,IN,2026-01-04 00:00:00,,
50.0,False,pant,IN,IN,2026-01-04 01:00:00,,
57.0,False,pant,IN,IN,2026-01-04 02:00:00,,
77.0,False,pant,IN,IN,2026-01-04 03:00:00,,
75.0,False,pant,IN,IN,2026-01-04 04:00:00,,
80.0,False,pant,IN,IN,2026-01-04 05:00:00,,
96.0,False,pant,IN,IN,2026-01-04 06:00:00,,
87.0,False,pant,IN,IN,2026-01-04 07:00:00,,
87.0,False,pant,IN,IN,2026-01-04 08:00:00,,
86.0,False,pant,IN,IN,2026-01-04 09:00:00,,
89.0,False,pant,IN,IN,2026-01-04 10:00:00,,
93.0,False,pant,IN,IN,2026-01-04 11:00:00,,
97.0,False,pant,IN,IN,2026-01-04 12:00:00,,
97.0,False,pant,IN,IN,2026-01-04 13:00:00,,
94.0,False,pant,IN,IN,2026-01-04 14:00:00,,
85.0,False,pant,IN,IN,2026-01-04 15:00:00,,
80.0,False,pant,IN,IN,2026-01-04 16:00:00,,
75.0,False,pant,IN,IN,2026-01-04 17:00:00,,
72.0,False,pant,IN,IN,2026-01-04 18:00:00,,
67.0,False,pant,IN,IN,2026-01-04 19:00:00,,
60.0,False,pant,IN,IN,2026-01-04 20:00:00,,
53.0,False,pant,IN,IN,2026-01-04 21:00:00,,
43.0,False,pant,IN,IN,2026-01-04 22:00:00,,
30.0,False,pant,IN,IN,2026-01-04 23:00:00,,
36.0,False,pant,IN,IN,2026-01-05 00:00:00,,
48.0,False,pant,IN,IN,2026-01-05 01:00:00,,
58.0,False,pant,IN,IN,2026-01-05 02:00:00,,
62.0,False,pant,IN,IN,2026-01-05 03:00:00,,
58.0,False,pant,IN,IN,2026-01-05 04:00:00,,
55.0,False,pant,IN,IN,2026-01-05 05:00:00,,
57.0,False,pant,IN,IN,2026-01-05 06:00:00,,
57.0,False,pant,IN,IN,2026-01-05 07:00:00,,
63.0,False,pant,IN,IN,2026-01-05 08:00:00,,
59.0,False,pant,IN,IN,2026-01-05 09:00:00,,
61.0,False,pant,IN,IN,2026-01-05 10:00:00,,
66.0,False,pant,IN,IN,2026-01-05 11:00:00,,
68.0,False,pant,IN,IN,2026-01-05 12:00:00,,
74.0,False,pant,IN,IN,2026-01-05 13:00:00,,
77.0,False,pant,IN,IN,2026-01-05 14:00:00,,
80.0,False,pant,IN,IN,2026-01-05 15:00:00,,
73.0,False,pant,IN,IN,2026-01-05 16:00:00,,
68.0,False,pant,IN,IN,2026-01-05 17:00:00,,
64.0,False,pant,IN,IN,2026-01-05 18:00:00,,
60.0,False,pant,IN,IN,2026-01-05 19:00:00,,
55.0,False,pant,IN,IN,2026-01-05 20:00:00,,
43.0,False,pant,IN,IN,2026-01-05 21:00:00,,
43.0,False,pant,IN,IN,2026-01-05 22:00:00,,
35.0,False,pant,IN,IN,2026-01-05 23:00:00,,
40.0,False,pant,IN,IN,2026-01-06 00:00:00,,
50.0,False,pant,IN,IN,2026-01-06 01:00:00,,
60.0,False,pant,IN,IN,2026-01-06 02:00:00,,
62.0,False,pant,IN,IN,2026-01-06 03:00:00,,
56.0,False,pant,IN,IN,2026-01-06 04:00:00,,
56.0,False,pant,IN,IN,2026-01-06 05:00:00,,
54.0,False,pant,IN,IN,2026-01-06 06:00:00,,
61.0,False,pant,IN,IN,2026-01-06 07:00:00,,
63.0,False,pant,IN,IN,2026-01-06 08:00:00,,
59.0,False,pant,IN,IN,2026-01-06 09:00:00,,
61.0,False,pant,IN,IN,2026-01-06 10:00:00,,
69.0,False,pant,IN,IN,2026-01-06 11:00:00,,
73.0,False,pant,IN,IN,2026-01-06 12:00:00,,
74.0,False,pant,IN,IN,2026-01-06 13:00:00,,
79.0,False,pant,IN,IN,2026-01-06 14:00:00,,
73.0,False,pant,IN,IN,2026-01-06 15:00:00,,
70.0,False,pant,IN,IN,2026-01-06 16:00:00,,
69.0,False,pant,IN,IN,2026-01-06 17:00:00,,
67.0,False,pant,IN,IN,2026-01-06 18:00:00,,
59.0,False,pant,IN,IN,2026-01-06 19:00:00,,
53.0,False,pant,IN,IN,2026-01-06 20:00:00,,
47.0,False,pant,IN,IN,2026-01-06 21:00:00,,
46.0,False,pant,IN,IN,2026-01-06 22:00:00,,
39.0,False,pant,IN,IN,2026-01-06 23:00:00,,
34.0,False,pant,IN,IN,2026-01-07 00:00:00,,
51.0,False,pant,IN,IN,2026-01-07 01:00:00,,
64.0,False,pant,IN,IN,2026-01-07 02:00:00,,
70.0,False,pant,IN,IN,2026-01-07 03:00:00,,
57.0,False,pant,IN,IN,2026-01-07 04:00:00,,
56.0,False,pant,IN,IN,2026-01-07 05:00:00,,
55.0,False,pant,IN,IN,2026-01-07 06:00:00,,
61.0,False,pant,IN,IN,2026-01-07 07:00:00,,
61.0,False,pant,IN,IN,2026-01-07 08:00:00,,
57.0,False,pant,IN,IN,2026-01-07 09:00:00,,
62.0,False,pant,IN,IN,2026-01-07 10:00:00,,
70.0,False,pant,IN,IN,2026-01-07 11:00:00,,
73.0,False,pant,IN,IN,2026-01-07 12:00:00,,
77.0,False,pant,IN,IN,2026-01-07 13:00:00,,
81.0,False,pant,IN,IN,2026-01-07 14:00:00,,
78.0,False,pant,IN,IN,2026-01-07 15:00:00,,
80.0,False,pant,IN,IN,2026-01-07 16:00:00,,
69.0,False,pant,IN,IN,2026-01-07 17:00:00,,
65.0,False,pant,IN,IN,2026-01-07 18:00:00,,
61.0,False,pant,IN,IN,2026-01-07 19:00:00,,
53.0,False,pant,IN,IN,2026-01-07 20:00:00,,
46.0,False,pant,IN,IN,2026-01-07 21:00:00,,
38.0,False,pant,IN,IN,2026-01-07 22:00:00,,
35.0,False,pant,IN,IN,2026-01-07 23:00:00,,
37.0,False,pant,IN,IN,2026-01-08 00:00:00,,
50.0,False,pant,IN,IN,2026-01-08 01:00:00,,
63.0,False,pant,IN,IN,2026-01-08 02:00:00,,
65.0,False,pant,IN,IN,2026-01-08 03:00:00,,
60.0,False,pant,IN,IN,2026-01-08 04:00:00,,
57.0,False,pant,IN,IN,2026-01-08 05:00:00,,
57.0,False,pant,IN,IN,2026-01-08 06:00:00,,
62.0,False,pant,IN,IN,2026-01-08 07:00:00,,
61.0,False,pant,IN,IN,2026-01-08 08:00:00,,
62.0,False,pant,IN,IN,2026-01-08 09:00:00,,
64.0,False,pant,IN,IN,2026-01-08 10:00:00,,
68.0,False,pant,IN,IN,2026-01-08 11:00:00,,
75.0,False,pant,IN,IN,2026-01-08 12:00:00,,
85.0,False,pant,IN,IN,2026-01-08 13:00:00,,
95.0,False,pant,IN,IN,2026-01-08 14:00:00,,
84.0,False,pant,IN,IN,2026-01-08 15:00:00,,
79.0,False,pant,IN,IN,2026-01-08 16:00:00,,
71.0,False,pant,IN,IN,2026-01-08 17:00:00,,
62.0,False,pant,IN,IN,2026-01-08 18:00:00,,
56.0,False,pant,IN,IN,2026-01-08 19:00:00,,
56.0,False,pant,IN,IN,2026-01-08 20:00:00,,
45.0,False,pant,IN,IN,2026-01-08 21:00:00,,
39.0,False,pant,IN,IN,2026-01-08 22:00:00,,
34.0,False,pant,IN,IN,2026-01-08 23:00:00,,
39.0,False,pant,IN,IN,2026-01-09 00:00:00,,
53.0,False,pant,IN,IN,2026-01-09 01:00:00,,
67.0,False,pant,IN,IN,2026-01-09 02:00:00,,
69.0,False,pant,IN,IN,2026-01-09 03:00:00,,
60.0,False,pant,IN,IN,2026-01-09 04:00:00,,
56.0,False,pant,IN,IN,2026-01-09 05:00:00,,
61.0,False,pant,IN,IN,2026-01-09 06:00:00,,
57.0,False,pant,IN,IN,2026-01-09 07:00:00,,
67.0,False,pant,IN,IN,2026-01-09 08:00:00,,
66.0,False,pant,IN,IN,2026-01-09 09:00:00,,
64.0,False,pant,IN,IN,2026-01-09 10:00:00,,
77.0,False,pant,IN,IN,2026-01-09 11:00:00,,
76.0,False,pant,IN,IN,2026-01-09 12:00:00,,
84.0,False,pant,IN,IN,2026-01-09 13:00:00,,
85.0,False,pant,IN,IN,2026-01-09 14:00:00,,
85.0,False,pant,IN,IN,2026-01-09 15:00:00,,
73.0,False,pant,IN,IN,2026-01-09 16:00:00,,
69.0,False,pant,IN,IN,2026-01-09 17:00:00,,
62.0,False,pant,IN,IN,2026-01-09 18:00:00,,
65.0,False,pant,IN,IN,2026-01-09 19:00:00,,
54.0,False,pant,IN,IN,2026-01-09 20:00:00,,
43.0,False,pant,IN,IN,2026-01-09 21:00:00,,
39.0,False,pant,IN,IN,2026-01-09 22:00:00,,
33.0,False,pant,IN,IN,2026-01-09 23:00:00,,
38.0,False,pant,IN,IN,2026-01-10 00:00:00,,
51.0,False,pant,IN,IN,2026-01-10 01:00:00,,
64.0,False,pant,IN,IN,2026-01-10 02:00:00,,
65.0,False,pant,IN,IN,2026-01-10 03:00:00,,
71.0,False,pant,IN,IN,2026-01-10 04:00:00,,
70.0,False,pant,IN,IN,2026-01-10 05:00:00,,
77.0,False,pant,IN,IN,2026-01-10 06:00:00,,
78.0,False,pant,IN,IN,2026-01-10 07:00:00,,
81.0,False,pant,IN,IN,2026-01-10 08:00:00,,
76.0,False,pant,IN,IN,2026-01-10 09:00:00,,
81.0,False,pant,IN,IN,2026-01-10 10:00:00,,
85.0,False,pant,IN,IN,2026-01-10 11:00:00,,
90.0,False,pant,IN,IN,2026-01-10 12:00:00,,
100.0,True,pant,IN,IN,2026-01-10 13:00:00,,
,False,dress,IN,IN,2026-01-03 13:00:00,81.0,
,False,dress,IN,IN,2026-01-03 14:00:00,83.0,
,False,dress,IN,IN,2026-01-03 15:00:00,79.0,
,False,dress,IN,IN,2026-01-03 16:00:00,84.0,
,False,dress,IN,IN,2026-01-03 17:00:00,90.0,
,False,dress,IN,IN,2026-01-03 18:00:00,95.0,
,False,dress,IN,IN,2026-01-03 19:00:00,95.0,
,False,dress,IN,IN,2026-01-03 20:00:00,96.0,
,False,dress,IN,IN,2026-01-03 21:00:00,79.0,
,False,dress,IN,IN,2026-01-03 22:00:00,64.0,
,False,dress,IN,IN,2026-01-03 23:00:00,49.0,
,False,dress,IN,IN,2026-01-04 00:00:00,43.0,
,False,dress,IN,IN,2026-01-04 01:00:00,45.0,
,False,dress,IN,IN,2026-01-04 02:00:00,56.0,
,False,dress,IN,IN,2026-01-04 03:00:00,61.0,
,False,dress,IN,IN,2026-01-04 04:00:00,71.0,
,False,dress,IN,IN,2026-01-04 05:00:00,73.0,
,False,dress,IN,IN,2026-01-04 06:00:00,84.0,
,False,dress,IN,IN,2026-01-04 07:00:00,86.0,
,False,dress,IN,IN,2026-01-04 08:00:00,89.0,
,False,dress,IN,IN,2026-01-04 09:00:00,90.0,
,False,dress,IN,IN,2026-01-04 10:00:00,95.0,
,False,dress,IN,IN,2026-01-04 11:00:00,100.0,
,False,dress,IN,IN,2026-01-04 12:00:00,93.0,
,False,dress,IN,IN,2026-01-04 13:00:00,91.0,
,False,dress,IN,IN,2026-01-04 14:00:00,87.0,
,False,dress,IN,IN,2026-01-04 15:00:00,84.0,
,False,dress,IN,IN,2026-01-04 16:00:00,93.0,
,False,dress,IN,IN,2026-01-04 17:00:00,96.0,
,False,dress,IN,IN,2026-01-04 18:00:00,100.0,
,False,dress,IN,IN,2026-01-04 19:00:00,96.0,
,False,dress,IN,IN,2026-01-04 20:00:00,92.0,
,False,dress,IN,IN,2026-01-04 21:00:00,77.0,
,False,dress,IN,IN,2026-01-04 22:00:00,56.0,
,False,dress,IN,IN,2026-01-04 23:00:00,44.0,
,False,dress,IN,IN,2026-01-05 00:00:00,43.0,
,False,dress,IN,IN,2026-01-05 01:00:00,45.0,
,False,dress,IN,IN,2026-01-05 02:00:00,51.0,
,False,dress,IN,IN,2026-01-05 03:00:00,52.0,
,False,dress,IN,IN,2026-01-05 04:00:00,54.0,
,False,dress,IN,IN,2026-01-05 05:00:00,56.0,
,False,dress,IN,IN,2026-01-05 06:00:00,59.0,
,False,dress,IN,IN,2026-01-05 07:00:00,60.0,
,False,dress,IN,IN,2026-01-05 08:00:00,63.0,
,False,dress,IN,IN,2026-01-05 09:00:00,65.0,
,False,dress,IN,IN,2026-01-05 10:00:00,69.0,
,False,dress,IN,IN,2026-01-05 11:00:00,74.0,
,False,dress,IN,IN,2026-01-05 12:00:00,74.0,
,False,dress,IN,IN,2026-01-05 13:00:00,78.0,
,False,dress,IN,IN,2026-01-05 14:00:00,79.0,
,False,dress,IN,IN,2026-01-05 15:00:00,77.0,
,False,dress,IN,IN,2026-01-05 16:00:00,83.0,
,False,dress,IN,IN,2026-01-05 17:00:00,90.0,
,False,dress,IN,IN,2026-01-05 18:00:00,95.0,
,False,dress,IN,IN,2026-01-05 19:00:00,90.0,
,False,dress,IN,IN,2026-01-05 20:00:00,88.0,
,False,dress,IN,IN,2026-01-05 21:00:00,77.0,
,False,dress,IN,IN,2026-01-05 22:00:00,55.0,
,False,dress,IN,IN,2026-01-05 23:00:00,45.0,
,False,dress,IN,IN,2026-01-06 00:00:00,47.0,
,False,dress,IN,IN,2026-01-06 01:00:00,46.0,
,False,dress,IN,IN,2026-01-06 02:00:00,51.0,
,False,dress,IN,IN,2026-01-06 03:00:00,54.0,
,False,dress,IN,IN,2026-01-06 04:00:00,52.0,
,False,dress,IN,IN,2026-01-06 05:00:00,57.0,
,False,dress,IN,IN,2026-01-06 06:00:00,59.0,
,False,dress,IN,IN,2026-01-06 07:00:00,62.0,
,False,dress,IN,IN,2026-01-06 08:00:00,67.0,
,False,dress,IN,IN,2026-01-06 09:00:00,68.0,
,False,dress,IN,IN,2026-01-06 10:00:00,69.0,
,False,dress,IN,IN,2026-01-06 11:00:00,71.0,
,False,dress,IN,IN,2026-01-06 12:00:00,75.0,
,False,dress,IN,IN,2026-01-06 13:00:00,82.0,
,False,dress,IN,IN,2026-01-06 14:00:00,77.0,
,False,dress,IN,IN,2026-01-06 15:00:00,73.0,
,False,dress,IN,IN,2026-01-06 16:00:00,78.0,
,False,dress,IN,IN,2026-01-06 17:00:00,85.0,
,False,dress,IN,IN,2026-01-06 18:00:00,97.0,
,False,dress,IN,IN,2026-01-06 19:00:00,91.0,
,False,dress,IN,IN,2026-01-06 20:00:00,83.0,
,False,dress,IN,IN,2026-01-06 21:00:00,71.0,
,False,dress,IN,IN,2026-01-06 22:00:00,62.0,
,False,dress,IN,IN,2026-01-06 23:00:00,45.0,
,False,dress,IN,IN,2026-01-07 00:00:00,45.0,
,False,dress,IN,IN,2026-01-07 01:00:00,48.0,
,False,dress,IN,IN,2026-01-07 02:00:00,55.0,
,False,dress,IN,IN,2026-01-07 03:00:00,59.0,
,False,dress,IN,IN,2026-01-07 04:00:00,53.0,
,False,dress,IN,IN,2026-01-07 05:00:00,59.0,
,False,dress,IN,IN,2026-01-07 06:00:00,60.0,
,False,dress,IN,IN,2026-01-07 07:00:00,63.0,
,False,dress,IN,IN,2026-01-07 08:00:00,68.0,
,False,dress,IN,IN,2026-01-07 09:00:00,69.0,
,False,dress,IN,IN,2026-01-07 10:00:00,72.0,
,False,dress,IN,IN,2026-01-07 11:00:00,76.0,
,False,dress,IN,IN,2026-01-07 12:00:00,77.0,
,False,dress,IN,IN,2026-01-07 13:00:00,80.0,
,False,dress,IN,IN,2026-01-07 14:00:00,81.0,
,False,dress,IN,IN,2026-01-07 15:00:00,86.0,
,False,dress,IN,IN,2026-01-07 16:00:00,84.0,
,False,dress,IN,IN,2026-01-07 17:00:00,88.0,
,False,dress,IN,IN,2026-01-07 18:00:00,96.0,
,False,dress,IN,IN,2026-01-07 19:00:00,93.0,
,False,dress,IN,IN,2026-01-07 20:00:00,82.0,
,False,dress,IN,IN,2026-01-07 21:00:00,68.0,
,False,dress,IN,IN,2026-01-07 22:00:00,57.0,
,False,dress,IN,IN,2026-01-07 23:00:00,45.0,
,False,dress,IN,IN,2026-01-08 00:00:00,41.0,
,False,dress,IN,IN,2026-01-08 01:00:00,51.0,
,False,dress,IN,IN,2026-01-08 02:00:00,56.0,
,False,dress,IN,IN,2026-01-08 03:00:00,56.0,
,False,dress,IN,IN,2026-01-08 04:00:00,57.0,
,False,dress,IN,IN,2026-01-08 05:00:00,60.0,
,False,dress,IN,IN,2026-01-08 06:00:00,63.0,
,False,dress,IN,IN,2026-01-08 07:00:00,65.0,
,False,dress,IN,IN,2026-01-08 08:00:00,68.0,
,False,dress,IN,IN,2026-01-08 09:00:00,69.0,
,False,dress,IN,IN,2026-01-08 10:00:00,74.0,
,False,dress,IN,IN,2026-01-08 11:00:00,78.0,
,False,dress,IN,IN,2026-01-08 12:00:00,80.0,
,False,dress,IN,IN,2026-01-08 13:00:00,86.0,
,False,dress,IN,IN,2026-01-08 14:00:00,90.0,
,False,dress,IN,IN,2026-01-08 15:00:00,86.0,
,False,dress,IN,IN,2026-01-08 16:00:00,85.0,
,False,dress,IN,IN,2026-01-08 17:00:00,92.0,
,False,dress,IN,IN,2026-01-08 18:00:00,91.0,
,False,dress,IN,IN,2026-01-08 19:00:00,89.0,
,False,dress,IN,IN,2026-01-08 20:00:00,89.0,
,False,dress,IN,IN,2026-01-08 21:00:00,75.0,
,False,dress,IN,IN,2026-01-08 22:00:00,61.0,
,False,dress,IN,IN,2026-01-08 23:00:00,44.0,
,False,dress,IN,IN,2026-01-09 00:00:00,48.0,
,False,dress,IN,IN,2026-01-09 01:00:00,53.0,
,False,dress,IN,IN,2026-01-09 02:00:00,59.0,
,False,dress,IN,IN,2026-01-09 03:00:00,58.0,
,False,dress,IN,IN,2026-01-09 04:00:00,59.0,
,False,dress,IN,IN,2026-01-09 05:00:00,60.0,
,False,dress,IN,IN,2026-01-09 06:00:00,63.0,
,False,dress,IN,IN,2026-01-09 07:00:00,63.0,
,False,dress,IN,IN,2026-01-09 08:00:00,69.0,
,False,dress,IN,IN,2026-01-09 09:00:00,69.0,
,False,dress,IN,IN,2026-01-09 10:00:00,76.0,
,False,dress,IN,IN,2026-01-09 11:00:00,75.0,
,False,dress,IN,IN,2026-01-09 12:00:00,80.0,
,False,dress,IN,IN,2026-01-09 13:00:00,85.0,
,False,dress,IN,IN,2026-01-09 14:00:00,84.0,
,False,dress,IN,IN,2026-01-09 15:00:00,83.0,
,False,dress,IN,IN,2026-01-09 16:00:00,82.0,
,False,dress,IN,IN,2026-01-09 17:00:00,87.0,
,False,dress,IN,IN,2026-01-09 18:00:00,92.0,
,False,dress,IN,IN,2026-01-09 19:00:00,90.0,
,False,dress,IN,IN,2026-01-09 20:00:00,87.0,
,False,dress,IN,IN,2026-01-09 21:00:00,75.0,
,False,dress,IN,IN,2026-01-09 22:00:00,61.0,
,False,dress,IN,IN,2026-01-09 23:00:00,46.0,
,False,dress,IN,IN,2026-01-10 00:00:00,44.0,
,False,dress,IN,IN,2026-01-10 01:00:00,50.0,
,False,dress,IN,IN,2026-01-10 02:00:00,58.0,
,False,dress,IN,IN,2026-01-10 03:00:00,59.0,
,False,dress,IN,IN,2026-01-10 04:00:00,68.0,
,False,dress,IN,IN,2026-01-10 05:00:00,67.0,
,False,dress,IN,IN,2026-01-10 06:00:00,75.0,
,False,dress,IN,IN,2026-01-10 07:00:00,79.0,
,False,dress,IN,IN,2026-01-10 08:00:00,80.0,
,False,dress,IN,IN,2026-01-10 09:00:00,85.0,
,False,dress,IN,IN,2026-01-10 10:00:00,86.0,
,False,dress,IN,IN,2026-01-10 11:00:00,88.0,
,False,dress,IN,IN,2026-01-10 12:00:00,90.0,
,True,dress,IN,IN,2026-01-10 13:00:00,85.0,
,False,t-shirt,IN,IN,2026-01-03 13:00:00,,91.0
,False,t-shirt,IN,IN,2026-01-03 14:00:00,,95.0
,False,t-shirt,IN,IN,2026-01-03 15:00:00,,90.0
,False,t-shirt,IN,IN,2026-01-03 16:00:00,,89.0
,False,t-shirt,IN,IN,2026-01-03 17:00:00,,86.0
,False,t-shirt,IN,IN,2026-01-03 18:00:00,,80.0
,False,t-shirt,IN,IN,2026-01-03 19:00:00,,82.0
,False,t-shirt,IN,IN,2026-01-03 20:00:00,,69.0
,False,t-shirt,IN,IN,2026-01-03 21:00:00,,83.0
,False,t-shirt,IN,IN,2026-01-03 22:00:00,,64.0
,False,t-shirt,IN,IN,2026-01-03 23:00:00,,70.0
,False,t-shirt,IN,IN,2026-01-04 00:00:00,,48.0
,False,t-shirt,IN,IN,2026-01-04 01:00:00,,54.0
,False,t-shirt,IN,IN,2026-01-04 02:00:00,,68.0
,False,t-shirt,IN,IN,2026-01-04 03:00:00,,72.0
,False,t-shirt,IN,IN,2026-01-04 04:00:00,,88.0
,False,t-shirt,IN,IN,2026-01-04 05:00:00,,84.0
,False,t-shirt,IN,IN,2026-01-04 06:00:00,,94.0
,False,t-shirt,IN,IN,2026-01-04 07:00:00,,92.0
,False,t-shirt,IN,IN,2026-01-04 08:00:00,,90.0
,False,t-shirt,IN,IN,2026-01-04 09:00:00,,89.0
,False,t-shirt,IN,IN,2026-01-04 10:00:00,,93.0
,False,t-shirt,IN,IN,2026-01-04 11:00:00,,89.0
,False,t-shirt,IN,IN,2026-01-04 12:00:00,,83.0
,False,t-shirt,IN,IN,2026-01-04 13:00:00,,100.0
,False,t-shirt,IN,IN,2026-01-04 14:00:00,,88.0
,False,t-shirt,IN,IN,2026-01-04 15:00:00,,100.0
,False,t-shirt,IN,IN,2026-01-04 16:00:00,,83.0
,False,t-shirt,IN,IN,2026-01-04 17:00:00,,95.0
,False,t-shirt,IN,IN,2026-01-04 18:00:00,,89.0
,False,t-shirt,IN,IN,2026-01-04 19:00:00,,86.0
,False,t-shirt,IN,IN,2026-01-04 20:00:00,,65.0
,False,t-shirt,IN,IN,2026-01-04 21:00:00,,84.0
,False,t-shirt,IN,IN,2026-01-04 22:00:00,,57.0
,False,t-shirt,IN,IN,2026-01-04 23:00:00,,43.0
,False,t-shirt,IN,IN,2026-01-05 00:00:00,,42.0
,False,t-shirt,IN,IN,2026-01-05 01:00:00,,55.0
,False,t-shirt,IN,IN,2026-01-05 02:00:00,,60.0
,False,t-shirt,IN,IN,2026-01-05 03:00:00,,68.0
,False,t-shirt,IN,IN,2026-01-05 04:00:00,,66.0
,False,t-shirt,IN,IN,2026-01-05 05:00:00,,66.0
,False,t-shirt,IN,IN,2026-01-05 06:00:00,,66.0
,False,t-shirt,IN,IN,2026-01-05 07:00:00,,71.0
,False,t-shirt,IN,IN,2026-01-05 08:00:00,,71.0
,False,t-shirt,IN,IN,2026-01-05 09:00:00,,65.0
,False,t-shirt,IN,IN,2026-01-05 10:00:00,,72.0
,False,t-shirt,IN,IN,2026-01-05 11:00:00,,66.0
,False,t-shirt,IN,IN,2026-01-05 12:00:00,,77.0
,False,t-shirt,IN,IN,2026-01-05 13:00:00,,84.0
,False,t-shirt,IN,IN,2026-01-05 14:00:00,,87.0
,False,t-shirt,IN,IN,2026-01-05 15:00:00,,87.0
,False,t-shirt,IN,IN,2026-01-05 16:00:00,,83.0
,False,t-shirt,IN,IN,2026-01-05 17:00:00,,96.0
,False,t-shirt,IN,IN,2026-01-05 18:00:00,,77.0
,False,t-shirt,IN,IN,2026-01-05 19:00:00,,81.0
,False,t-shirt,IN,IN,2026-01-05 20:00:00,,82.0
,False,t-shirt,IN,IN,2026-01-05 21:00:00,,71.0
,False,t-shirt,IN,IN,2026-01-05 22:00:00,,58.0
,False,t-shirt,IN,IN,2026-01-05 23:00:00,,61.0
,False,t-shirt,IN,IN,2026-01-06 00:00:00,,52.0
,False,t-shirt,IN,IN,2026-01-06 01:00:00,,59.0
,False,t-shirt,IN,IN,2026-01-06 02:00:00,,59.0
,False,t-shirt,IN,IN,2026-01-06 03:00:00,,58.0
,False,t-shirt,IN,IN,2026-01-06 04:00:00,,65.0
,False,t-shirt,IN,IN,2026-01-06 05:00:00,,55.0
,False,t-shirt,IN,IN,2026-01-06 06:00:00,,65.0
,False,t-shirt,IN,IN,2026-01-06 07:00:00,,70.0
,False,t-shirt,IN,IN,2026-01-06 08:00:00,,73.0
,False,t-shirt,IN,IN,2026-01-06 09:00:00,,67.0
,False,t-shirt,IN,IN,2026-01-06 10:00:00,,71.0
,False,t-shirt,IN,IN,2026-01-06 11:00:00,,71.0
,False,t-shirt,IN,IN,2026-01-06 12:00:00,,72.0
,False,t-shirt,IN,IN,2026-01-06 13:00:00,,81.0
,False,t-shirt,IN,IN,2026-01-06 14:00:00,,82.0
,False,t-shirt,IN,IN,2026-01-06 15:00:00,,78.0
,False,t-shirt,IN,IN,2026-01-06 16:00:00,,81.0
,False,t-shirt,IN,IN,2026-01-06 17:00:00,,73.0
,False,t-shirt,IN,IN,2026-01-06 18:00:00,,86.0
,False,t-shirt,IN,IN,2026-01-06 19:00:00,,87.0
,False,t-shirt,IN,IN,2026-01-06 20:00:00,,74.0
,False,t-shirt,IN,IN,2026-01-06 21:00:00,,65.0
,False,t-shirt,IN,IN,2026-01-06 22:00:00,,87.0
,False,t-shirt,IN,IN,2026-01-06 23:00:00,,62.0
,False,t-shirt,IN,IN,2026-01-07 00:00:00,,54.0
,False,t-shirt,IN,IN,2026-01-07 01:00:00,,58.0
,False,t-shirt,IN,IN,2026-01-07 02:00:00,,60.0
,False,t-shirt,IN,IN,2026-01-07 03:00:00,,68.0
,False,t-shirt,IN,IN,2026-01-07 04:00:00,,66.0
,False,t-shirt,IN,IN,2026-01-07 05:00:00,,67.0
,False,t-shirt,IN,IN,2026-01-07 06:00:00,,64.0
,False,t-shirt,IN,IN,2026-01-07 07:00:00,,73.0
,False,t-shirt,IN,IN,2026-01-07 08:00:00,,69.0
,False,t-shirt,IN,IN,2026-01-07 09:00:00,,69.0
,False,t-shirt,IN,IN,2026-01-07 10:00:00,,67.0
,False,t-shirt,IN,IN,2026-01-07 11:00:00,,77.0
,False,t-shirt,IN,IN,2026-01-07 12:00:00,,77.0
,False,t-shirt,IN,IN,2026-01-07 13:00:00,,86.0
,False,t-shirt,IN,IN,2026-01-07 14:00:00,,80.0
,False,t-shirt,IN,IN,2026-01-07 15:00:00,,88.0
,False,t-shirt,IN,IN,2026-01-07 16:00:00,,83.0
,False,t-shirt,IN,IN,2026-01-07 17:00:00,,84.0
,False,t-shirt,IN,IN,2026-01-07 18:00:00,,76.0
,False,t-shirt,IN,IN,2026-01-07 19:00:00,,75.0
,False,t-shirt,IN,IN,2026-01-07 20:00:00,,91.0
,False,t-shirt,IN,IN,2026-01-07 21:00:00,,88.0
,False,t-shirt,IN,IN,2026-01-07 22:00:00,,44.0
,False,t-shirt,IN,IN,2026-01-07 23:00:00,,43.0
,False,t-shirt,IN,IN,2026-01-08 00:00:00,,46.0
,False,t-shirt,IN,IN,2026-01-08 01:00:00,,55.0
,False,t-shirt,IN,IN,2026-01-08 02:00:00,,63.0
,False,t-shirt,IN,IN,2026-01-08 03:00:00,,60.0
,False,t-shirt,IN,IN,2026-01-08 04:00:00,,65.0
,False,t-shirt,IN,IN,2026-01-08 05:00:00,,67.0
,False,t-shirt,IN,IN,2026-01-08 06:00:00,,65.0
,False,t-shirt,IN,IN,2026-01-08 07:00:00,,73.0
,False,t-shirt,IN,IN,2026-01-08 08:00:00,,73.0
,False,t-shirt,IN,IN,2026-01-08 09:00:00,,77.0
,False,t-shirt,IN,IN,2026-01-08 10:00:00,,79.0
,False,t-shirt,IN,IN,2026-01-08 11:00:00,,70.0
,False,t-shirt,IN,IN,2026-01-08 12:00:00,,75.0
,False,t-shirt,IN,IN,2026-01-08 13:00:00,,83.0
,False,t-shirt,IN,IN,2026-01-08 14:00:00,,87.0
,False,t-shirt,IN,IN,2026-01-08 15:00:00,,87.0
,False,t-shirt,IN,IN,2026-01-08 16:00:00,,78.0
,False,t-shirt,IN,IN,2026-01-08 17:00:00,,81.0
,False,t-shirt,IN,IN,2026-01-08 18:00:00,,84.0
,False,t-shirt,IN,IN,2026-01-08 19:00:00,,90.0
,False,t-shirt,IN,IN,2026-01-08 20:00:00,,80.0
,False,t-shirt,IN,IN,2026-01-08 21:00:00,,66.0
,False,t-shirt,IN,IN,2026-01-08 22:00:00,,55.0
,False,t-shirt,IN,IN,2026-01-08 23:00:00,,39.0
,False,t-shirt,IN,IN,2026-01-09 00:00:00,,53.0
,False,t-shirt,IN,IN,2026-01-09 01:00:00,,55.0
,False,t-shirt,IN,IN,2026-01-09 02:00:00,,63.0
,False,t-shirt,IN,IN,2026-01-09 03:00:00,,68.0
,False,t-shirt,IN,IN,2026-01-09 04:00:00,,69.0
,False,t-shirt,IN,IN,2026-01-09 05:00:00,,68.0
,False,t-shirt,IN,IN,2026-01-09 06:00:00,,59.0
,False,t-shirt,IN,IN,2026-01-09 07:00:00,,69.0
,False,t-shirt,IN,IN,2026-01-09 08:00:00,,75.0
,False,t-shirt,IN,IN,2026-01-09 09:00:00,,71.0
,False,t-shirt,IN,IN,2026-01-09 10:00:00,,73.0
,False,t-shirt,IN,IN,2026-01-09 11:00:00,,74.0
,False,t-shirt,IN,IN,2026-01-09 12:00:00,,85.0
,False,t-shirt,IN,IN,2026-01-09 13:00:00,,81.0
,False,t-shirt,IN,IN,2026-01-09 14:00:00,,79.0
,False,t-shirt,IN,IN,2026-01-09 15:00:00,,86.0
,False,t-shirt,IN,IN,2026-01-09 16:00:00,,86.0
,False,t-shirt,IN,IN,2026-01-09 17:00:00,,71.0
,False,t-shirt,IN,IN,2026-01-09 18:00:00,,77.0
,False,t-shirt,IN,IN,2026-01-09 19:00:00,,87.0
,False,t-shirt,IN,IN,2026-01-09 20:00:00,,71.0
,False,t-shirt,IN,IN,2026-01-09 21:00:00,,72.0
,False,t-shirt,IN,IN,2026-01-09 22:00:00,,72.0
,False,t-shirt,IN,IN,2026-01-09 23:00:00,,43.0
,False,t-shirt,IN,IN,2026-01-10 00:00:00,,40.0
,False,t-shirt,IN,IN,2026-01-10 01:00:00,,61.0
,False,t-shirt,IN,IN,2026-01-10 02:00:00,,66.0
,False,t-shirt,IN,IN,2026-01-10 03:00:00,,74.0
,False,t-shirt,IN,IN,2026-01-10 04:00:00,,67.0
,False,t-shirt,IN,IN,2026-01-10 05:00:00,,75.0
,False,t-shirt,IN,IN,2026-01-10 06:00:00,,84.0
,False,t-shirt,IN,IN,2026-01-10 07:00:00,,79.0
,False,t-shirt,IN,IN,2026-01-10 08:00:00,,89.0
,False,t-shirt,IN,IN,2026-01-10 09:00:00,,81.0
,False,t-shirt,IN,IN,2026-01-10 10:00:00,,88.0
,False,t-shirt,IN,IN,2026-01-10 11:00:00,,79.0
,False,t-shirt,IN,IN,2026-01-10 12:00:00,,87.0
,True,t-shirt,IN,IN,2026-01-10 13:00:00,,97.0
88.0,False,pant,US,US,2026-01-03 13:00:00,,
86.0,False,pant,US,US,2026-01-03 14:00:00,,
79.0,False,pant,US,US,2026-01-03 15:00:00,,
80.0,False,pant,US,US,2026-01-03 16:00:00,,
81.0,False,pant,US,US,2026-01-03 17:00:00,,
86.0,False,pant,US,US,2026-01-03 18:00:00,,
84.0,False,pant,US,US,2026-01-03 19:00:00,,
85.0,False,pant,US,US,2026-01-03 20:00:00,,
78.0,False,pant,US,US,2026-01-03 21:00:00,,
80.0,False,pant,US,US,2026-01-03 22:00:00,,
78.0,False,pant,US,US,2026-01-03 23:00:00,,
73.0,False,pant,US,US,2026-01-04 00:00:00,,
75.0,False,pant,US,US,2026-01-04 01:00:00,,
77.0,False,pant,US,US,2026-01-04 02:00:00,,
80.0,False,pant,US,US,2026-01-04 03:00:00,,
85.0,False,pant,US,US,2026-01-04 04:00:00,,
82.0,False,pant,US,US,2026-01-04 05:00:00,,
78.0,False,pant,US,US,2026-01-04 06:00:00,,
80.0,False,pant,US,US,2026-01-04 07:00:00,,
73.0,False,pant,US,US,2026-01-04 08:00:00,,
68.0,False,pant,US,US,2026-01-04 09:00:00,,
76.0,False,pant,US,US,2026-01-04 10:00:00,,
78.0,False,pant,US,US,2026-01-04 11:00:00,,
78.0,False,pant,US,US,2026-01-04 12:00:00,,
83.0,False,pant,US,US,2026-01-04 13:00:00,,
87.0,False,pant,US,US,2026-01-04 14:00:00,,
86.0,False,pant,US,US,2026-01-04 15:00:00,,
86.0,False,pant,US,US,2026-01-04 16:00:00,,
79.0,False,pant,US,US,2026-01-04 17:00:00,,
76.0,False,pant,US,US,2026-01-04 18:00:00,,
79.0,False,pant,US,US,2026-01-04 19:00:00,,
73.0,False,pant,US,US,2026-01-04 20:00:00,,
75.0,False,pant,US,US,2026-01-04 21:00:00,,
76.0,False,pant,US,US,2026-01-04 22:00:00,,
74.0,False,pant,US,US,2026-01-04 23:00:00,,
73.0,False,pant,US,US,2026-01-05 00:00:00,,
75.0,False,pant,US,US,2026-01-05 01:00:00,,
79.0,False,pant,US,US,2026-01-05 02:00:00,,
77.0,False,pant,US,US,2026-01-05 03:00:00,,
80.0,False,pant,US,US,2026-01-05 04:00:00,,
77.0,False,pant,US,US,2026-01-05 05:00:00,,
76.0,False,pant,US,US,2026-01-05 06:00:00,,
64.0,False,pant,US,US,2026-01-05 07:00:00,,
71.0,False,pant,US,US,2026-01-05 08:00:00,,
70.0,False,pant,US,US,2026-01-05 09:00:00,,
68.0,False,pant,US,US,2026-01-05 10:00:00,,
64.0,False,pant,US,US,2026-01-05 11:00:00,,
70.0,False,pant,US,US,2026-01-05 12:00:00,,
63.0,False,pant,US,US,2026-01-05 13:00:00,,
60.0,False,pant,US,US,2026-01-05 14:00:00,,
53.0,False,pant,US,US,2026-01-05 15:00:00,,
57.0,False,pant,US,US,2026-01-05 16:00:00,,
58.0,False,pant,US,US,2026-01-05 17:00:00,,
56.0,False,pant,US,US,2026-01-05 18:00:00,,
65.0,False,pant,US,US,2026-01-05 19:00:00,,
57.0,False,pant,US,US,2026-01-05 20:00:00,,
58.0,False,pant,US,US,2026-01-05 21:00:00,,
62.0,False,pant,US,US,2026-01-05 22:00:00,,
56.0,False,pant,US,US,2026-01-05 23:00:00,,
60.0,False,pant,US,US,2026-01-06 00:00:00,,
66.0,False,pant,US,US,2026-01-06 01:00:00,,
76.0,False,pant,US,US,2026-01-06 02:00:00,,
80.0,False,pant,US,US,2026-01-06 03:00:00,,
81.0,False,pant,US,US,2026-01-06 04:00:00,,
73.0,False,pant,US,US,2026-01-06 05:00:00,,
80.0,False,pant,US,US,2026-01-06 06:00:00,,
81.0,False,pant,US,US,2026-01-06 07:00:00,,
65.0,False,pant,US,US,2026-01-06 08:00:00,,
57.0,False,pant,US,US,2026-01-06 09:00:00,,
59.0,False,pant,US,US,2026-01-06 10:00:00,,
59.0,False,pant,US,US,2026-01-06 11:00:00,,
64.0,False,pant,US,US,2026-01-06 12:00:00,,
63.0,False,pant,US,US,2026-01-06 13:00:00,,
53.0,False,pant,US,US,2026-01-06 14:00:00,,
52.0,False,pant,US,US,2026-01-06 15:00:00,,
62.0,False,pant,US,US,2026-01-06 16:00:00,,
60.0,False,pant,US,US,2026-01-06 17:00:00,,
56.0,False,pant,US,US,2026-01-06 18:00:00,,
60.0,False,pant,US,US,2026-01-06 19:00:00,,
56.0,False,pant,US,US,2026-01-06 20:00:00,,
57.0,False,pant,US,US,2026-01-06 21:00:00,,
56.0,False,pant,US,US,2026-01-06 22:00:00,,
59.0,False,pant,US,US,2026-01-06 23:00:00,,
64.0,False,pant,US,US,2026-01-07 00:00:00,,
68.0,False,pant,US,US,2026-01-07 01:00:00,,
77.0,False,pant,US,US,2026-01-07 02:00:00,,
86.0,False,pant,US,US,2026-01-07 03:00:00,,
89.0,False,pant,US,US,2026-01-07 04:00:00,,
85.0,False,pant,US,US,2026-01-07 05:00:00,,
81.0,False,pant,US,US,2026-01-07 06:00:00,,
73.0,False,pant,US,US,2026-01-07 07:00:00,,
85.0,False,pant,US,US,2026-01-07 08:00:00,,
72.0,False,pant,US,US,2026-01-07 09:00:00,,
77.0,False,pant,US,US,2026-01-07 10:00:00,,
71.0,False,pant,US,US,2026-01-07 11:00:00,,
74.0,False,pant,US,US,2026-01-07 12:00:00,,
68.0,False,pant,US,US,2026-01-07 13:00:00,,
59.0,False,pant,US,US,2026-01-07 14:00:00,,
56.0,False,pant,US,US,2026-01-07 15:00:00,,
61.0,False,pant,US,US,2026-01-07 16:00:00,,
58.0,False,pant,US,US,2026-01-07 17:00:00,,
57.0,False,pant,US,US,2026-01-07 18:00:00,,
58.0,False,pant,US,US,2026-01-07 19:00:00,,
57.0,False,pant,US,US,2026-01-07 20:00:00,,
56.0,False,pant,US,US,2026-01-07 21:00:00,,
60.0,False,pant,US,US,2026-01-07 22:00:00,,
57.0,False,pant,US,US,2026-01-07 23:00:00,,
66.0,False,pant,US,US,2026-01-08 00:00:00,,
66.0,False,pant,US,US,2026-01-08 01:00:00,,
73.0,False,pant,US,US,2026-01-08 02:00:00,,
80.0,False,pant,US,US,2026-01-08 03:00:00,,
80.0,False,pant,US,US,2026-01-08 04:00:00,,
88.0,False,pant,US,US,2026-01-08 05:00:00,,
94.0,False,pant,US,US,2026-01-08 06:00:00,,
87.0,False,pant,US,US,2026-01-08 07:00:00,,
87.0,False,pant,US,US,2026-01-08 08:00:00,,
77.0,False,pant,US,US,2026-01-08 09:00:00,,
80.0,False,pant,US,US,2026-01-08 10:00:00,,
79.0,False,pant,US,US,2026-01-08 11:00:00,,
84.0,False,pant,US,US,2026-01-08 12:00:00,,
73.0,False,pant,US,US,2026-01-08 13:00:00,,
66.0,False,pant,US,US,2026-01-08 14:00:00,,
68.0,False,pant,US,US,2026-01-08 15:00:00,,
67.0,False,pant,US,US,2026-01-08 16:00:00,,
61.0,False,pant,US,US,2026-01-08 17:00:00,,
61.0,False,pant,US,US,2026-01-08 18:00:00,,
59.0,False,pant,US,US,2026-01-08 19:00:00,,
57.0,False,pant,US,US,2026-01-08 20:00:00,,
54.0,False,pant,US,US,2026-01-08 21:00:00,,
59.0,False,pant,US,US,2026-01-08 22:00:00,,
64.0,False,pant,US,US,2026-01-08 23:00:00,,
58.0,False,pant,US,US,2026-01-09 00:00:00,,
65.0,False,pant,US,US,2026-01-09 01:00:00,,
71.0,False,pant,US,US,2026-01-09 02:00:00,,
86.0,False,pant,US,US,2026-01-09 03:00:00,,
81.0,False,pant,US,US,2026-01-09 04:00:00,,
80.0,False,pant,US,US,2026-01-09 05:00:00,,
83.0,False,pant,US,US,2026-01-09 06:00:00,,
83.0,False,pant,US,US,2026-01-09 07:00:00,,
85.0,False,pant,US,US,2026-01-09 08:00:00,,
74.0,False,pant,US,US,2026-01-09 09:00:00,,
90.0,False,pant,US,US,2026-01-09 10:00:00,,
83.0,False,pant,US,US,2026-01-09 11:00:00,,
81.0,False,pant,US,US,2026-01-09 12:00:00,,
67.0,False,pant,US,US,2026-01-09 13:00:00,,
67.0,False,pant,US,US,2026-01-09 14:00:00,,
59.0,False,pant,US,US,2026-01-09 15:00:00,,
59.0,False,pant,US,US,2026-01-09 16:00:00,,
65.0,False,pant,US,US,2026-01-09 17:00:00,,
59.0,False,pant,US,US,2026-01-09 18:00:00,,
59.0,False,pant,US,US,2026-01-09 19:00:00,,
60.0,False,pant,US,US,2026-01-09 20:00:00,,
63.0,False,pant,US,US,2026-01-09 21:00:00,,
62.0,False,pant,US,US,2026-01-09 22:00:00,,
61.0,False,pant,US,US,2026-01-09 23:00:00,,
61.0,False,pant,US,US,2026-01-10 00:00:00,,
63.0,False,pant,US,US,2026-01-10 01:00:00,,
67.0,False,pant,US,US,2026-01-10 02:00:00,,
70.0,False,pant,US,US,2026-01-10 03:00:00,,
75.0,False,pant,US,US,2026-01-10 04:00:00,,
77.0,False,pant,US,US,2026-01-10 05:00:00,,
77.0,False,pant,US,US,2026-01-10 06:00:00,,
82.0,False,pant,US,US,2026-01-10 07:00:00,,
75.0,False,pant,US,US,2026-01-10 08:00:00,,
77.0,False,pant,US,US,2026-01-10 09:00:00,,
83.0,False,pant,US,US,2026-01-10 10:00:00,,
87.0,False,pant,US,US,2026-01-10 11:00:00,,
94.0,False,pant,US,US,2026-01-10 12:00:00,,
100.0,True,pant,US,US,2026-01-10 13:00:00,,
,False,dress,US,US,2026-01-03 13:00:00,69.0,
,False,dress,US,US,2026-01-03 14:00:00,69.0,
,False,dress,US,US,2026-01-03 15:00:00,73.0,
,False,dress,US,US,2026-01-03 16:00:00,73.0,
,False,dress,US,US,2026-01-03 17:00:00,76.0,
,False,dress,US,US,2026-01-03 18:00:00,78.0,
,False,dress,US,US,2026-01-03 19:00:00,80.0,
,False,dress,US,US,2026-01-03 20:00:00,86.0,
,False,dress,US,US,2026-01-03 21:00:00,84.0,
,False,dress,US,US,2026-01-03 22:00:00,84.0,
,False,dress,US,US,2026-01-03 23:00:00,84.0,
,False,dress,US,US,2026-01-04 00:00:00,83.0,
,False,dress,US,US,2026-01-04 01:00:00,82.0,
,False,dress,US,US,2026-01-04 02:00:00,86.0,
,False,dress,US,US,2026-01-04 03:00:00,88.0,
,False,dress,US,US,2026-01-04 04:00:00,92.0,
,False,dress,US,US,2026-01-04 05:00:00,92.0,
,False,dress,US,US,2026-01-04 06:00:00,84.0,
,False,dress,US,US,2026-01-04 07:00:00,81.0,
,False,dress,US,US,2026-01-04 08:00:00,75.0,
,False,dress,US,US,2026-01-04 09:00:00,67.0,
,False,dress,US,US,2026-01-04 10:00:00,63.0,
,False,dress,US,US,2026-01-04 11:00:00,58.0,
,False,dress,US,US,2026-01-04 12:00:00,60.0,
,False,dress,US,US,2026-01-04 13:00:00,68.0,
,False,dress,US,US,2026-01-04 14:00:00,74.0,
,False,dress,US,US,2026-01-04 15:00:00,72.0,
,False,dress,US,US,2026-01-04 16:00:00,79.0,
,False,dress,US,US,2026-01-04 17:00:00,74.0,
,False,dress,US,US,2026-01-04 18:00:00,75.0,
,False,dress,US,US,2026-01-04 19:00:00,74.0,
,False,dress,US,US,2026-01-04 20:00:00,75.0,
,False,dress,US,US,2026-01-04 21:00:00,75.0,
,False,dress,US,US,2026-01-04 22:00:00,78.0,
,False,dress,US,US,2026-01-04 23:00:00,78.0,
,False,dress,US,US,2026-01-05 00:00:00,79.0,
,False,dress,US,US,2026-01-05 01:00:00,89.0,
,False,dress,US,US,2026-01-05 02:00:00,89.0,
,False,dress,US,US,2026-01-05 03:00:00,89.0,
,False,dress,US,US,2026-01-05 04:00:00,94.0,
,False,dress,US,US,2026-01-05 05:00:00,92.0,
,False,dress,US,US,2026-01-05 06:00:00,84.0,
,False,dress,US,US,2026-01-05 07:00:00,75.0,
,False,dress,US,US,2026-01-05 08:00:00,69.0,
,False,dress,US,US,2026-01-05 09:00:00,64.0,
,False,dress,US,US,2026-01-05 10:00:00,57.0,
,False,dress,US,US,2026-01-05 11:00:00,52.0,
,False,dress,US,US,2026-01-05 12:00:00,50.0,
,False,dress,US,US,2026-01-05 13:00:00,59.0,
,False,dress,US,US,2026-01-05 14:00:00,51.0,
,False,dress,US,US,2026-01-05 15:00:00,54.0,
,False,dress,US,US,2026-01-05 16:00:00,57.0,
,False,dress,US,US,2026-01-05 17:00:00,54.0,
,False,dress,US,US,2026-01-05 18:00:00,56.0,
,False,dress,US,US,2026-01-05 19:00:00,58.0,
,False,dress,US,US,2026-01-05 20:00:00,60.0,
,False,dress,US,US,2026-01-05 21:00:00,61.0,
,False,dress,US,US,2026-01-05 22:00:00,67.0,
,False,dress,US,US,2026-01-05 23:00:00,69.0,
,False,dress,US,US,2026-01-06 00:00:00,70.0,
,False,dress,US,US,2026-01-06 01:00:00,80.0,
,False,dress,US,US,2026-01-06 02:00:00,87.0,
,False,dress,US,US,2026-01-06 03:00:00,97.0,
,False,dress,US,US,2026-01-06 04:00:00,94.0,
,False,dress,US,US,2026-01-06 05:00:00,89.0,
,False,dress,US,US,2026-01-06 06:00:00,85.0,
,False,dress,US,US,2026-01-06 07:00:00,80.0,
,False,dress,US,US,2026-01-06 08:00:00,65.0,
,False,dress,US,US,2026-01-06 09:00:00,61.0,
,False,dress,US,US,2026-01-06 10:00:00,53.0,
,False,dress,US,US,2026-01-06 11:00:00,50.0,
,False,dress,US,US,2026-01-06 12:00:00,59.0,
,False,dress,US,US,2026-01-06 13:00:00,52.0,
,False,dress,US,US,2026-01-06 14:00:00,50.0,
,False,dress,US,US,2026-01-06 15:00:00,55.0,
,False,dress,US,US,2026-01-06 16:00:00,54.0,
,False,dress,US,US,2026-01-06 17:00:00,56.0,
,False,dress,US,US,2026-01-06 18:00:00,60.0,
,False,dress,US,US,2026-01-06 19:00:00,61.0,
,False,dress,US,US,2026-01-06 20:00:00,62.0,
,False,dress,US,US,2026-01-06 21:00:00,65.0,
,False,dress,US,US,2026-01-06 22:00:00,64.0,
,False,dress,US,US,2026-01-06 23:00:00,71.0,
,False,dress,US,US,2026-01-07 00:00:00,76.0,
,False,dress,US,US,2026-01-07 01:00:00,84.0,
,False,dress,US,US,2026-01-07 02:00:00,91.0,
,False,dress,US,US,2026-01-07 03:00:00,96.0,
,False,dress,US,US,2026-01-07 04:00:00,100.0,
,False,dress,US,US,2026-01-07 05:00:00,92.0,
,False,dress,US,US,2026-01-07 06:00:00,90.0,
,False,dress,US,US,2026-01-07 07:00:00,84.0,
,False,dress,US,US,2026-01-07 08:00:00,77.0,
,False,dress,US,US,2026-01-07 09:00:00,69.0,
,False,dress,US,US,2026-01-07 10:00:00,67.0,
,False,dress,US,US,2026-01-07 11:00:00,63.0,
,False,dress,US,US,2026-01-07 12:00:00,65.0,
,False,dress,US,US,2026-01-07 13:00:00,59.0,
,False,dress,US,US,2026-01-07 14:00:00,58.0,
,False,dress,US,US,2026-01-07 15:00:00,59.0,
,False,dress,US,US,2026-01-07 16:00:00,59.0,
,False,dress,US,US,2026-01-07 17:00:00,61.0,
,False,dress,US,US,2026-01-07 18:00:00,61.0,
,False,dress,US,US,2026-01-07 19:00:00,63.0,
,False,dress,US,US,2026-01-07 20:00:00,66.0,
,False,dress,US,US,2026-01-07 21:00:00,66.0,
,False,dress,US,US,2026-01-07 22:00:00,69.0,
,False,dress,US,US,2026-01-07 23:00:00,74.0,
,False,dress,US,US,2026-01-08 00:00:00,76.0,
,False,dress,US,US,2026-01-08 01:00:00,80.0,
,False,dress,US,US,2026-01-08 02:00:00,89.0,
,False,dress,US,US,2026-01-08 03:00:00,93.0,
,False,dress,US,US,2026-01-08 04:00:00,93.0,
,False,dress,US,US,2026-01-08 05:00:00,88.0,
,False,dress,US,US,2026-01-08 06:00:00,87.0,
,False,dress,US,US,2026-01-08 07:00:00,83.0,
,False,dress,US,US,2026-01-08 08:00:00,72.0,
,False,dress,US,US,2026-01-08 09:00:00,67.0,
,False,dress,US,US,2026-01-08 10:00:00,64.0,
,False,dress,US,US,2026-01-08 11:00:00,71.0,
,False,dress,US,US,2026-01-08 12:00:00,67.0,
,False,dress,US,US,2026-01-08 13:00:00,63.0,
,False,dress,US,US,2026-01-08 14:00:00,59.0,
,False,dress,US,US,2026-01-08 15:00:00,59.0,
,False,dress,US,US,2026-01-08 16:00:00,63.0,
,False,dress,US,US,2026-01-08 17:00:00,63.0,
,False,dress,US,US,2026-01-08 18:00:00,62.0,
,False,dress,US,US,2026-01-08 19:00:00,64.0,
,False,dress,US,US,2026-01-08 20:00:00,63.0,
,False,dress,US,US,2026-01-08 21:00:00,66.0,
,False,dress,US,US,2026-01-08 22:00:00,67.0,
,False,dress,US,US,2026-01-08 23:00:00,70.0,
,False,dress,US,US,2026-01-09 00:00:00,77.0,
,False,dress,US,US,2026-01-09 01:00:00,81.0,
,False,dress,US,US,2026-01-09 02:00:00,89.0,
,False,dress,US,US,2026-01-09 03:00:00,94.0,
,False,dress,US,US,2026-01-09 04:00:00,93.0,
,False,dress,US,US,2026-01-09 05:00:00,91.0,
,False,dress,US,US,2026-01-09 06:00:00,87.0,
,False,dress,US,US,2026-01-09 07:00:00,87.0,
,False,dress,US,US,2026-01-09 08:00:00,74.0,
,False,dress,US,US,2026-01-09 09:00:00,77.0,
,False,dress,US,US,2026-01-09 10:00:00,69.0,
,False,dress,US,US,2026-01-09 11:00:00,63.0,
,False,dress,US,US,2026-01-09 12:00:00,66.0,
,False,dress,US,US,2026-01-09 13:00:00,64.0,
,False,dress,US,US,2026-01-09 14:00:00,60.0,
,False,dress,US,US,2026-01-09 15:00:00,60.0,
,False,dress,US,US,2026-01-09 16:00:00,59.0,
,False,dress,US,US,2026-01-09 17:00:00,61.0,
,False,dress,US,US,2026-01-09 18:00:00,62.0,
,False,dress,US,US,2026-01-09 19:00:00,63.0,
,False,dress,US,US,2026-01-09 20:00:00,69.0,
,False,dress,US,US,2026-01-09 21:00:00,69.0,
,False,dress,US,US,2026-01-09 22:00:00,74.0,
,False,dress,US,US,2026-01-09 23:00:00,75.0,
,False,dress,US,US,2026-01-10 00:00:00,78.0,
,False,dress,US,US,2026-01-10 01:00:00,80.0,
,False,dress,US,US,2026-01-10 02:00:00,83.0,
,False,dress,US,US,2026-01-10 03:00:00,86.0,
,False,dress,US,US,2026-01-10 04:00:00,89.0,
,False,dress,US,US,2026-01-10 05:00:00,90.0,
,False,dress,US,US,2026-01-10 06:00:00,82.0,
,False,dress,US,US,2026-01-10 07:00:00,88.0,
,False,dress,US,US,2026-01-10 08:00:00,76.0,
,False,dress,US,US,2026-01-10 09:00:00,69.0,
,False,dress,US,US,2026-01-10 10:00:00,68.0,
,False,dress,US,US,2026-01-10 11:00:00,70.0,
,False,dress,US,US,2026-01-10 12:00:00,78.0,
,True,dress,US,US,2026-01-10 13:00:00,85.0,
,False,t-shirt,US,US,2026-01-03 13:00:00,,70.0
,False,t-shirt,US,US,2026-01-03 14:00:00,,62.0
,False,t-shirt,US,US,2026-01-03 15:00:00,,72.0
,False,t-shirt,US,US,2026-01-03 16:00:00,,71.0
,False,t-shirt,US,US,2026-01-03 17:00:00,,65.0
,False,t-shirt,US,US,2026-01-03 18:00:00,,77.0
,False,t-shirt,US,US,2026-01-03 19:00:00,,62.0
,False,t-shirt,US,US,2026-01-03 20:00:00,,73.0
,False,t-shirt,US,US,2026-01-03 21:00:00,,69.0
,False,t-shirt,US,US,2026-01-03 22:00:00,,65.0
,False,t-shirt,US,US,2026-01-03 23:00:00,,62.0
,False,t-shirt,US,US,2026-01-04 00:00:00,,63.0
,False,t-shirt,US,US,2026-01-04 01:00:00,,65.0
,False,t-shirt,US,US,2026-01-04 02:00:00,,73.0
,False,t-shirt,US,US,2026-01-04 03:00:00,,71.0
,False,t-shirt,US,US,2026-01-04 04:00:00,,80.0
,False,t-shirt,US,US,2026-01-04 05:00:00,,73.0
,False,t-shirt,US,US,2026-01-04 06:00:00,,66.0
,False,t-shirt,US,US,2026-01-04 07:00:00,,71.0
,False,t-shirt,US,US,2026-01-04 08:00:00,,70.0
,False,t-shirt,US,US,2026-01-04 09:00:00,,69.0
,False,t-shirt,US,US,2026-01-04 10:00:00,,71.0
,False,t-shirt,US,US,2026-01-04 11:00:00,,74.0
,False,t-shirt,US,US,2026-01-04 12:00:00,,58.0
,False,t-shirt,US,US,2026-01-04 13:00:00,,66.0
,False,t-shirt,US,US,2026-01-04 14:00:00,,69.0
,False,t-shirt,US,US,2026-01-04 15:00:00,,63.0
,False,t-shirt,US,US,2026-01-04 16:00:00,,68.0
,False,t-shirt,US,US,2026-01-04 17:00:00,,65.0
,False,t-shirt,US,US,2026-01-04 18:00:00,,60.0
,False,t-shirt,US,US,2026-01-04 19:00:00,,64.0
,False,t-shirt,US,US,2026-01-04 20:00:00,,65.0
,False,t-shirt,US,US,2026-01-04 21:00:00,,67.0
,False,t-shirt,US,US,2026-01-04 22:00:00,,69.0
,False,t-shirt,US,US,2026-01-04 23:00:00,,70.0
,False,t-shirt,US,US,2026-01-05 00:00:00,,64.0
,False,t-shirt,US,US,2026-01-05 01:00:00,,71.0
,False,t-shirt,US,US,2026-01-05 02:00:00,,60.0
,False,t-shirt,US,US,2026-01-05 03:00:00,,74.0
,False,t-shirt,US,US,2026-01-05 04:00:00,,78.0
,False,t-shirt,US,US,2026-01-05 05:00:00,,82.0
,False,t-shirt,US,US,2026-01-05 06:00:00,,74.0
,False,t-shirt,US,US,2026-01-05 07:00:00,,86.0
,False,t-shirt,US,US,2026-01-05 08:00:00,,80.0
,False,t-shirt,US,US,2026-01-05 09:00:00,,85.0
,False,t-shirt,US,US,2026-01-05 10:00:00,,74.0
,False,t-shirt,US,US,2026-01-05 11:00:00,,45.0
,False,t-shirt,US,US,2026-01-05 12:00:00,,57.0
,False,t-shirt,US,US,2026-01-05 13:00:00,,51.0
,False,t-shirt,US,US,2026-01-05 14:00:00,,53.0
,False,t-shirt,US,US,2026-01-05 15:00:00,,55.0
,False,t-shirt,US,US,2026-01-05 16:00:00,,52.0
,False,t-shirt,US,US,2026-01-05 17:00:00,,53.0
,False,t-shirt,US,US,2026-01-05 18:00:00,,51.0
,False,t-shirt,US,US,2026-01-05 19:00:00,,57.0
,False,t-shirt,US,US,2026-01-05 20:00:00,,55.0
,False,t-shirt,US,US,2026-01-05 21:00:00,,61.0
,False,t-shirt,US,US,2026-01-05 22:00:00,,57.0
,False,t-shirt,US,US,2026-01-05 23:00:00,,59.0
,False,t-shirt,US,US,2026-01-06 00:00:00,,65.0
,False,t-shirt,US,US,2026-01-06 01:00:00,,67.0
,False,t-shirt,US,US,2026-01-06 02:00:00,,73.0
,False,t-shirt,US,US,2026-01-06 03:00:00,,75.0
,False,t-shirt,US,US,2026-01-06 04:00:00,,71.0
,False,t-shirt,US,US,2026-01-06 05:00:00,,71.0
,False,t-shirt,US,US,2026-01-06 06:00:00,,80.0
,False,t-shirt,US,US,2026-01-06 07:00:00,,72.0
,False,t-shirt,US,US,2026-01-06 08:00:00,,86.0
,False,t-shirt,US,US,2026-01-06 09:00:00,,76.0
,False,t-shirt,US,US,2026-01-06 10:00:00,,50.0
,False,t-shirt,US,US,2026-01-06 11:00:00,,62.0
,False,t-shirt,US,US,2026-01-06 12:00:00,,56.0
,False,t-shirt,US,US,2026-01-06 13:00:00,,55.0
,False,t-shirt,US,US,2026-01-06 14:00:00,,50.0
,False,t-shirt,US,US,2026-01-06 15:00:00,,53.0
,False,t-shirt,US,US,2026-01-06 16:00:00,,59.0
,False,t-shirt,US,US,2026-01-06 17:00:00,,59.0
,False,t-shirt,US,US,2026-01-06 18:00:00,,55.0
,False,t-shirt,US,US,2026-01-06 19:00:00,,59.0
,False,t-shirt,US,US,2026-01-06 20:00:00,,63.0
,False,t-shirt,US,US,2026-01-06 21:00:00,,63.0
,False,t-shirt,US,US,2026-01-06 22:00:00,,59.0
,False,t-shirt,US,US,2026-01-06 23:00:00,,64.0
,False,t-shirt,US,US,2026-01-07 00:00:00,,67.0
,False,t-shirt,US,US,2026-01-07 01:00:00,,66.0
,False,t-shirt,US,US,2026-01-07 02:00:00,,70.0
,False,t-shirt,US,US,2026-01-07 03:00:00,,73.0
,False,t-shirt,US,US,2026-01-07 04:00:00,,80.0
,False,t-shirt,US,US,2026-01-07 05:00:00,,84.0
,False,t-shirt,US,US,2026-01-07 06:00:00,,90.0
,False,t-shirt,US,US,2026-01-07 07:00:00,,72.0
,False,t-shirt,US,US,2026-01-07 08:00:00,,82.0
,False,t-shirt,US,US,2026-01-07 09:00:00,,96.0
,False,t-shirt,US,US,2026-01-07 10:00:00,,71.0
,False,t-shirt,US,US,2026-01-07 11:00:00,,70.0
,False,t-shirt,US,US,2026-01-07 12:00:00,,66.0
,False,t-shirt,US,US,2026-01-07 13:00:00,,57.0
,False,t-shirt,US,US,2026-01-07 14:00:00,,63.0
,False,t-shirt,US,US,2026-01-07 15:00:00,,57.0
,False,t-shirt,US,US,2026-01-07 16:00:00,,65.0
,False,t-shirt,US,US,2026-01-07 17:00:00,,63.0
,False,t-shirt,US,US,2026-01-07 18:00:00,,67.0
,False,t-shirt,US,US,2026-01-07 19:00:00,,53.0
,False,t-shirt,US,US,2026-01-07 20:00:00,,63.0
,False,t-shirt,US,US,2026-01-07 21:00:00,,70.0
,False,t-shirt,US,US,2026-01-07 22:00:00,,63.0
,False,t-shirt,US,US,2026-01-07 23:00:00,,66.0
,False,t-shirt,US,US,2026-01-08 00:00:00,,72.0
,False,t-shirt,US,US,2026-01-08 01:00:00,,70.0
,False,t-shirt,US,US,2026-01-08 02:00:00,,72.0
,False,t-shirt,US,US,2026-01-08 03:00:00,,76.0
,False,t-shirt,US,US,2026-01-08 04:00:00,,75.0
,False,t-shirt,US,US,2026-01-08 05:00:00,,86.0
,False,t-shirt,US,US,2026-01-08 06:00:00,,83.0
,False,t-shirt,US,US,2026-01-08 07:00:00,,100.0
,False,t-shirt,US,US,2026-01-08 08:00:00,,90.0
,False,t-shirt,US,US,2026-01-08 09:00:00,,91.0
,False,t-shirt,US,US,2026-01-08 10:00:00,,93.0
,False,t-shirt,US,US,2026-01-08 11:00:00,,70.0
,False,t-shirt,US,US,2026-01-08 12:00:00,,74.0
,False,t-shirt,US,US,2026-01-08 13:00:00,,60.0
,False,t-shirt,US,US,2026-01-08 14:00:00,,64.0
,False,t-shirt,US,US,2026-01-08 15:00:00,,60.0
,False,t-shirt,US,US,2026-01-08 16:00:00,,65.0
,False,t-shirt,US,US,2026-01-08 17:00:00,,64.0
,False,t-shirt,US,US,2026-01-08 18:00:00,,62.0
,False,t-shirt,US,US,2026-01-08 19:00:00,,56.0
,False,t-shirt,US,US,2026-01-08 20:00:00,,66.0
,False,t-shirt,US,US,2026-01-08 21:00:00,,65.0
,False,t-shirt,US,US,2026-01-08 22:00:00,,68.0
,False,t-shirt,US,US,2026-01-08 23:00:00,,66.0
,False,t-shirt,US,US,2026-01-09 00:00:00,,65.0
,False,t-shirt,US,US,2026-01-09 01:00:00,,71.0
,False,t-shirt,US,US,2026-01-09 02:00:00,,75.0
,False,t-shirt,US,US,2026-01-09 03:00:00,,77.0
,False,t-shirt,US,US,2026-01-09 04:00:00,,74.0
,False,t-shirt,US,US,2026-01-09 05:00:00,,87.0
,False,t-shirt,US,US,2026-01-09 06:00:00,,82.0
,False,t-shirt,US,US,2026-01-09 07:00:00,,82.0
,False,t-shirt,US,US,2026-01-09 08:00:00,,98.0
,False,t-shirt,US,US,2026-01-09 09:00:00,,75.0
,False,t-shirt,US,US,2026-01-09 10:00:00,,85.0
,False,t-shirt,US,US,2026-01-09 11:00:00,,79.0
,False,t-shirt,US,US,2026-01-09 12:00:00,,72.0
,False,t-shirt,US,US,2026-01-09 13:00:00,,64.0
,False,t-shirt,US,US,2026-01-09 14:00:00,,69.0
,False,t-shirt,US,US,2026-01-09 15:00:00,,63.0
,False,t-shirt,US,US,2026-01-09 16:00:00,,67.0
,False,t-shirt,US,US,2026-01-09 17:00:00,,64.0
,False,t-shirt,US,US,2026-01-09 18:00:00,,67.0
,False,t-shirt,US,US,2026-01-09 19:00:00,,66.0
,False,t-shirt,US,US,2026-01-09 20:00:00,,68.0
,False,t-shirt,US,US,2026-01-09 21:00:00,,68.0
,False,t-shirt,US,US,2026-01-09 22:00:00,,68.0
,False,t-shirt,US,US,2026-01-09 23:00:00,,69.0
,False,t-shirt,US,US,2026-01-10 00:00:00,,66.0
,False,t-shirt,US,US,2026-01-10 01:00:00,,70.0
,False,t-shirt,US,US,2026-01-10 02:00:00,,71.0
,False,t-shirt,US,US,2026-01-10 03:00:00,,77.0
,False,t-shirt,US,US,2026-01-10 04:00:00,,77.0
,False,t-shirt,US,US,2026-01-10 05:00:00,,75.0
,False,t-shirt,US,US,2026-01-10 06:00:00,,82.0
,False,t-shirt,US,US,2026-01-10 07:00:00,,88.0
,False,t-shirt,US,US,2026-01-10 08:00:00,,83.0
,False,t-shirt,US,US,2026-01-10 09:00:00,,91.0
,False,t-shirt,US,US,2026-01-10 10:00:00,,75.0
,False,t-shirt,US,US,2026-01-10 11:00:00,,82.0
,False,t-shirt,US,US,2026-01-10 12:00:00,,75.0
,True,t-shirt,US,US,2026-01-10 13:00:00,,77.0
68.0,False,pant,CA,CA,2026-01-03 13:00:00,,
50.0,False,pant,CA,CA,2026-01-03 14:00:00,,
53.0,False,pant,CA,CA,2026-01-03 15:00:00,,
61.0,False,pant,CA,CA,2026-01-03 16:00:00,,
53.0,False,pant,CA,CA,2026-01-03 17:00:00,,
67.0,False,pant,CA,CA,2026-01-03 18:00:00,,
55.0,False,pant,CA,CA,2026-01-03 19:00:00,,
48.0,False,pant,CA,CA,2026-01-03 20:00:00,,
50.0,False,pant,CA,CA,2026-01-03 21:00:00,,
55.0,False,pant,CA,CA,2026-01-03 22:00:00,,
53.0,False,pant,CA,CA,2026-01-03 23:00:00,,
51.0,False,pant,CA,CA,2026-01-04 00:00:00,,
51.0,False,pant,CA,CA,2026-01-04 01:00:00,,
54.0,False,pant,CA,CA,2026-01-04 02:00:00,,
49.0,False,pant,CA,CA,2026-01-04 03:00:00,,
60.0,False,pant,CA,CA,2026-01-04 04:00:00,,
63.0,False,pant,CA,CA,2026-01-04 05:00:00,,
67.0,False,pant,CA,CA,2026-01-04 06:00:00,,
67.0,False,pant,CA,CA,2026-01-04 07:00:00,,
48.0,False,pant,CA,CA,2026-01-04 08:00:00,,
80.0,False,pant,CA,CA,2026-01-04 09:00:00,,
87.0,False,pant,CA,CA,2026-01-04 10:00:00,,
70.0,False,pant,CA,CA,2026-01-04 11:00:00,,
62.0,False,pant,CA,CA,2026-01-04 12:00:00,,
52.0,False,pant,CA,CA,2026-01-04 13:00:00,,
60.0,False,pant,CA,CA,2026-01-04 14:00:00,,
47.0,False,pant,CA,CA,2026-01-04 15:00:00,,
58.0,False,pant,CA,CA,2026-01-04 16:00:00,,
50.0,False,pant,CA,CA,2026-01-04 17:00:00,,
50.0,False,pant,CA,CA,2026-01-04 18:00:00,,
55.0,False,pant,CA,CA,2026-01-04 19:00:00,,
56.0,False,pant,CA,CA,2026-01-04 20:00:00,,
49.0,False,pant,CA,CA,2026-01-04 21:00:00,,
54.0,False,pant,CA,CA,2026-01-04 22:00:00,,
53.0,False,pant,CA,CA,2026-01-04 23:00:00,,
46.0,False,pant,CA,CA,2026-01-05 00:00:00,,
55.0,False,pant,CA,CA,2026-01-05 01:00:00,,
59.0,False,pant,CA,CA,2026-01-05 02:00:00,,
63.0,False,pant,CA,CA,2026-01-05 03:00:00,,
61.0,False,pant,CA,CA,2026-01-05 04:00:00,,
77.0,False,pant,CA,CA,2026-01-05 05:00:00,,
75.0,False,pant,CA,CA,2026-01-05 06:00:00,,
76.0,False,pant,CA,CA,2026-01-05 07:00:00,,
93.0,False,pant,CA,CA,2026-01-05 08:00:00,,
86.0,False,pant,CA,CA,2026-01-05 09:00:00,,
52.0,False,pant,CA,CA,2026-01-05 10:00:00,,
42.0,False,pant,CA,CA,2026-01-05 11:00:00,,
38.0,False,pant,CA,CA,2026-01-05 12:00:00,,
35.0,False,pant,CA,CA,2026-01-05 13:00:00,,
39.0,False,pant,CA,CA,2026-01-05 14:00:00,,
39.0,False,pant,CA,CA,2026-01-05 15:00:00,,
39.0,False,pant,CA,CA,2026-01-05 16:00:00,,
34.0,False,pant,CA,CA,2026-01-05 17:00:00,,
44.0,False,pant,CA,CA,2026-01-05 18:00:00,,
44.0,False,pant,CA,CA,2026-01-05 19:00:00,,
40.0,False,pant,CA,CA,2026-01-05 20:00:00,,
40.0,False,pant,CA,CA,2026-01-05 21:00:00,,
42.0,False,pant,CA,CA,2026-01-05 22:00:00,,
41.0,False,pant,CA,CA,2026-01-05 23:00:00,,
40.0,False,pant,CA,CA,2026-01-06 00:00:00,,
45.0,False,pant,CA,CA,2026-01-06 01:00:00,,
57.0,False,pant,CA,CA,2026-01-06 02:00:00,,
51.0,False,pant,CA,CA,2026-01-06 03:00:00,,
47.0,False,pant,CA,CA,2026-01-06 04:00:00,,
62.0,False,pant,CA,CA,2026-01-06 05:00:00,,
65.0,False,pant,CA,CA,2026-01-06 06:00:00,,
72.0,False,pant,CA,CA,2026-01-06 07:00:00,,
60.0,False,pant,CA,CA,2026-01-06 08:00:00,,
56.0,False,pant,CA,CA,2026-01-06 09:00:00,,
74.0,False,pant,CA,CA,2026-01-06 10:00:00,,
49.0,False,pant,CA,CA,2026-01-06 11:00:00,,
35.0,False,pant,CA,CA,2026-01-06 12:00:00,,
40.0,False,pant,CA,CA,2026-01-06 13:00:00,,
36.0,False,pant,CA,CA,2026-01-06 14:00:00,,
35.0,False,pant,CA,CA,2026-01-06 15:00:00,,
36.0,False,pant,CA,CA,2026-01-06 16:00:00,,
47.0,False,pant,CA,CA,2026-01-06 17:00:00,,
39.0,False,pant,CA,CA,2026-01-06 18:00:00,,
33.0,False,pant,CA,CA,2026-01-06 19:00:00,,
38.0,False,pant,CA,CA,2026-01-06 20:00:00,,
38.0,False,pant,CA,CA,2026-01-06 21:00:00,,
43.0,False,pant,CA,CA,2026-01-06 22:00:00,,
42.0,False,pant,CA,CA,2026-01-06 23:00:00,,
41.0,False,pant,CA,CA,2026-01-07 00:00:00,,
49.0,False,pant,CA,CA,2026-01-07 01:00:00,,
49.0,False,pant,CA,CA,2026-01-07 02:00:00,,
46.0,False,pant,CA,CA,2026-01-07 03:00:00,,
56.0,False,pant,CA,CA,2026-01-07 04:00:00,,
59.0,False,pant,CA,CA,2026-01-07 05:00:00,,
86.0,False,pant,CA,CA,2026-01-07 06:00:00,,
84.0,False,pant,CA,CA,2026-01-07 07:00:00,,
63.0,False,pant,CA,CA,2026-01-07 08:00:00,,
61.0,False,pant,CA,CA,2026-01-07 09:00:00,,
60.0,False,pant,CA,CA,2026-01-07 10:00:00,,
52.0,False,pant,CA,CA,2026-01-07 11:00:00,,
58.0,False,pant,CA,CA,2026-01-07 12:00:00,,
46.0,False,pant,CA,CA,2026-01-07 13:00:00,,
33.0,False,pant,CA,CA,2026-01-07 14:00:00,,
36.0,False,pant,CA,CA,2026-01-07 15:00:00,,
40.0,False,pant,CA,CA,2026-01-07 16:00:00,,
42.0,False,pant,CA,CA,2026-01-07 17:00:00,,
40.0,False,pant,CA,CA,2026-01-07 18:00:00,,
37.0,False,pant,CA,CA,2026-01-07 19:00:00,,
38.0,False,pant,CA,CA,2026-01-07 20:00:00,,
38.0,False,pant,CA,CA,2026-01-07 21:00:00,,
41.0,False,pant,CA,CA,2026-01-07 22:00:00,,
43.0,False,pant,CA,CA,2026-01-07 23:00:00,,
39.0,False,pant,CA,CA,2026-01-08 00:00:00,,
46.0,False,pant,CA,CA,2026-01-08 01:00:00,,
45.0,False,pant,CA,CA,2026-01-08 02:00:00,,
47.0,False,pant,CA,CA,2026-01-08 03:00:00,,
59.0,False,pant,CA,CA,2026-01-08 04:00:00,,
60.0,False,pant,CA,CA,2026-01-08 05:00:00,,
73.0,False,pant,CA,CA,2026-01-08 06:00:00,,
93.0,False,pant,CA,CA,2026-01-08 07:00:00,,
80.0,False,pant,CA,CA,2026-01-08 08:00:00,,
74.0,False,pant,CA,CA,2026-01-08 09:00:00,,
72.0,False,pant,CA,CA,2026-01-08 10:00:00,,
42.0,False,pant,CA,CA,2026-01-08 11:00:00,,
48.0,False,pant,CA,CA,2026-01-08 12:00:00,,
44.0,False,pant,CA,CA,2026-01-08 13:00:00,,
48.0,False,pant,CA,CA,2026-01-08 14:00:00,,
44.0,False,pant,CA,CA,2026-01-08 15:00:00,,
42.0,False,pant,CA,CA,2026-01-08 16:00:00,,
41.0,False,pant,CA,CA,2026-01-08 17:00:00,,
43.0,False,pant,CA,CA,2026-01-08 18:00:00,,
40.0,False,pant,CA,CA,2026-01-08 19:00:00,,
36.0,False,pant,CA,CA,2026-01-08 20:00:00,,
39.0,False,pant,CA,CA,2026-01-08 21:00:00,,
49.0,False,pant,CA,CA,2026-01-08 22:00:00,,
36.0,False,pant,CA,CA,2026-01-08 23:00:00,,
40.0,False,pant,CA,CA,2026-01-09 00:00:00,,
40.0,False,pant,CA,CA,2026-01-09 01:00:00,,
50.0,False,pant,CA,CA,2026-01-09 02:00:00,,
61.0,False,pant,CA,CA,2026-01-09 03:00:00,,
60.0,False,pant,CA,CA,2026-01-09 04:00:00,,
57.0,False,pant,CA,CA,2026-01-09 05:00:00,,
85.0,False,pant,CA,CA,2026-01-09 06:00:00,,
82.0,False,pant,CA,CA,2026-01-09 07:00:00,,
88.0,False,pant,CA,CA,2026-01-09 08:00:00,,
69.0,False,pant,CA,CA,2026-01-09 09:00:00,,
77.0,False,pant,CA,CA,2026-01-09 10:00:00,,
40.0,False,pant,CA,CA,2026-01-09 11:00:00,,
52.0,False,pant,CA,CA,2026-01-09 12:00:00,,
46.0,False,pant,CA,CA,2026-01-09 13:00:00,,
43.0,False,pant,CA,CA,2026-01-09 14:00:00,,
46.0,False,pant,CA,CA,2026-01-09 15:00:00,,
43.0,False,pant,CA,CA,2026-01-09 16:00:00,,
40.0,False,pant,CA,CA,2026-01-09 17:00:00,,
38.0,False,pant,CA,CA,2026-01-09 18:00:00,,
46.0,False,pant,CA,CA,2026-01-09 19:00:00,,
37.0,False,pant,CA,CA,2026-01-09 20:00:00,,
36.0,False,pant,CA,CA,2026-01-09 21:00:00,,
37.0,False,pant,CA,CA,2026-01-09 22:00:00,,
38.0,False,pant,CA,CA,2026-01-09 23:00:00,,
37.0,False,pant,CA,CA,2026-01-10 00:00:00,,
46.0,False,pant,CA,CA,2026-01-10 01:00:00,,
45.0,False,pant,CA,CA,2026-01-10 02:00:00,,
50.0,False,pant,CA,CA,2026-01-10 03:00:00,,
52.0,False,pant,CA,CA,2026-01-10 04:00:00,,
63.0,False,pant,CA,CA,2026-01-10 05:00:00,,
67.0,False,pant,CA,CA,2026-01-10 06:00:00,,
69.0,False,pant,CA,CA,2026-01-10 07:00:00,,
75.0,False,pant,CA,CA,2026-01-10 08:00:00,,
100.0,False,pant,CA,CA,2026-01-10 09:00:00,,
95.0,False,pant,CA,CA,2026-01-10 10:00:00,,
69.0,False,pant,CA,CA,2026-01-10 11:00:00,,
73.0,False,pant,CA,CA,2026-01-10 12:00:00,,
59.0,True,pant,CA,CA,2026-01-10 13:00:00,,
,False,dress,CA,CA,2026-01-03 13:00:00,50.0,
,False,dress,CA,CA,2026-01-03 14:00:00,48.0,
,False,dress,CA,CA,2026-01-03 15:00:00,53.0,
,False,dress,CA,CA,2026-01-03 16:00:00,52.0,
,False,dress,CA,CA,2026-01-03 17:00:00,50.0,
,False,dress,CA,CA,2026-01-03 18:00:00,56.0,
,False,dress,CA,CA,2026-01-03 19:00:00,54.0,
,False,dress,CA,CA,2026-01-03 20:00:00,56.0,
,False,dress,CA,CA,2026-01-03 21:00:00,53.0,
,False,dress,CA,CA,2026-01-03 22:00:00,56.0,
,False,dress,CA,CA,2026-01-03 23:00:00,55.0,
,False,dress,CA,CA,2026-01-04 00:00:00,59.0,
,False,dress,CA,CA,2026-01-04 01:00:00,63.0,
,False,dress,CA,CA,2026-01-04 02:00:00,59.0,
,False,dress,CA,CA,2026-01-04 03:00:00,67.0,
,False,dress,CA,CA,2026-01-04 04:00:00,69.0,
,False,dress,CA,CA,2026-01-04 05:00:00,75.0,
,False,dress,CA,CA,2026-01-04 06:00:00,75.0,
,False,dress,CA,CA,2026-01-04 07:00:00,77.0,
,False,dress,CA,CA,2026-01-04 08:00:00,84.0,
,False,dress,CA,CA,2026-01-04 09:00:00,68.0,
,False,dress,CA,CA,2026-01-04 10:00:00,84.0,
,False,dress,CA,CA,2026-01-04 11:00:00,77.0,
,False,dress,CA,CA,2026-01-04 12:00:00,68.0,
,False,dress,CA,CA,2026-01-04 13:00:00,57.0,
,False,dress,CA,CA,2026-01-04 14:00:00,51.0,
,False,dress,CA,CA,2026-01-04 15:00:00,52.0,
,False,dress,CA,CA,2026-01-04 16:00:00,50.0,
,False,dress,CA,CA,2026-01-04 17:00:00,53.0,
,False,dress,CA,CA,2026-01-04 18:00:00,54.0,
,False,dress,CA,CA,2026-01-04 19:00:00,55.0,
,False,dress,CA,CA,2026-01-04 20:00:00,53.0,
,False,dress,CA,CA,2026-01-04 21:00:00,53.0,
,False,dress,CA,CA,2026-01-04 22:00:00,55.0,
,False,dress,CA,CA,2026-01-04 23:00:00,54.0,
,False,dress,CA,CA,2026-01-05 00:00:00,60.0,
,False,dress,CA,CA,2026-01-05 01:00:00,60.0,
,False,dress,CA,CA,2026-01-05 02:00:00,63.0,
,False,dress,CA,CA,2026-01-05 03:00:00,71.0,
,False,dress,CA,CA,2026-01-05 04:00:00,71.0,
,False,dress,CA,CA,2026-01-05 05:00:00,77.0,
,False,dress,CA,CA,2026-01-05 06:00:00,78.0,
,False,dress,CA,CA,2026-01-05 07:00:00,86.0,
,False,dress,CA,CA,2026-01-05 08:00:00,84.0,
,False,dress,CA,CA,2026-01-05 09:00:00,85.0,
,False,dress,CA,CA,2026-01-05 10:00:00,74.0,
,False,dress,CA,CA,2026-01-05 11:00:00,55.0,
,False,dress,CA,CA,2026-01-05 12:00:00,45.0,
,False,dress,CA,CA,2026-01-05 13:00:00,38.0,
,False,dress,CA,CA,2026-01-05 14:00:00,35.0,
,False,dress,CA,CA,2026-01-05 15:00:00,39.0,
,False,dress,CA,CA,2026-01-05 16:00:00,38.0,
,False,dress,CA,CA,2026-01-05 17:00:00,39.0,
,False,dress,CA,CA,2026-01-05 18:00:00,41.0,
,False,dress,CA,CA,2026-01-05 19:00:00,41.0,
,False,dress,CA,CA,2026-01-05 20:00:00,42.0,
,False,dress,CA,CA,2026-01-05 21:00:00,42.0,
,False,dress,CA,CA,2026-01-05 22:00:00,44.0,
,False,dress,CA,CA,2026-01-05 23:00:00,49.0,
,False,dress,CA,CA,2026-01-06 00:00:00,51.0,
,False,dress,CA,CA,2026-01-06 01:00:00,60.0,
,False,dress,CA,CA,2026-01-06 02:00:00,61.0,
,False,dress,CA,CA,2026-01-06 03:00:00,67.0,
,False,dress,CA,CA,2026-01-06 04:00:00,68.0,
,False,dress,CA,CA,2026-01-06 05:00:00,81.0,
,False,dress,CA,CA,2026-01-06 06:00:00,78.0,
,False,dress,CA,CA,2026-01-06 07:00:00,83.0,
,False,dress,CA,CA,2026-01-06 08:00:00,88.0,
,False,dress,CA,CA,2026-01-06 09:00:00,91.0,
,False,dress,CA,CA,2026-01-06 10:00:00,75.0,
,False,dress,CA,CA,2026-01-06 11:00:00,53.0,
,False,dress,CA,CA,2026-01-06 12:00:00,46.0,
,False,dress,CA,CA,2026-01-06 13:00:00,41.0,
,False,dress,CA,CA,2026-01-06 14:00:00,40.0,
,False,dress,CA,CA,2026-01-06 15:00:00,38.0,
,False,dress,CA,CA,2026-01-06 16:00:00,39.0,
,False,dress,CA,CA,2026-01-06 17:00:00,40.0,
,False,dress,CA,CA,2026-01-06 18:00:00,42.0,
,False,dress,CA,CA,2026-01-06 19:00:00,42.0,
,False,dress,CA,CA,2026-01-06 20:00:00,44.0,
,False,dress,CA,CA,2026-01-06 21:00:00,44.0,
,False,dress,CA,CA,2026-01-06 22:00:00,46.0,
,False,dress,CA,CA,2026-01-06 23:00:00,50.0,
,False,dress,CA,CA,2026-01-07 00:00:00,52.0,
,False,dress,CA,CA,2026-01-07 01:00:00,61.0,
,False,dress,CA,CA,2026-01-07 02:00:00,65.0,
,False,dress,CA,CA,2026-01-07 03:00:00,62.0,
,False,dress,CA,CA,2026-01-07 04:00:00,69.0,
,False,dress,CA,CA,2026-01-07 05:00:00,76.0,
,False,dress,CA,CA,2026-01-07 06:00:00,94.0,
,False,dress,CA,CA,2026-01-07 07:00:00,83.0,
,False,dress,CA,CA,2026-01-07 08:00:00,80.0,
,False,dress,CA,CA,2026-01-07 09:00:00,88.0,
,False,dress,CA,CA,2026-01-07 10:00:00,66.0,
,False,dress,CA,CA,2026-01-07 11:00:00,52.0,
,False,dress,CA,CA,2026-01-07 12:00:00,50.0,
,False,dress,CA,CA,2026-01-07 13:00:00,41.0,
,False,dress,CA,CA,2026-01-07 14:00:00,40.0,
,False,dress,CA,CA,2026-01-07 15:00:00,40.0,
,False,dress,CA,CA,2026-01-07 16:00:00,41.0,
,False,dress,CA,CA,2026-01-07 17:00:00,42.0,
,False,dress,CA,CA,2026-01-07 18:00:00,44.0,
,False,dress,CA,CA,2026-01-07 19:00:00,43.0,
,False,dress,CA,CA,2026-01-07 20:00:00,42.0,
,False,dress,CA,CA,2026-01-07 21:00:00,46.0,
,False,dress,CA,CA,2026-01-07 22:00:00,47.0,
,False,dress,CA,CA,2026-01-07 23:00:00,46.0,
,False,dress,CA,CA,2026-01-08 00:00:00,52.0,
,False,dress,CA,CA,2026-01-08 01:00:00,57.0,
,False,dress,CA,CA,2026-01-08 02:00:00,61.0,
,False,dress,CA,CA,2026-01-08 03:00:00,65.0,
,False,dress,CA,CA,2026-01-08 04:00:00,72.0,
,False,dress,CA,CA,2026-01-08 05:00:00,81.0,
,False,dress,CA,CA,2026-01-08 06:00:00,81.0,
,False,dress,CA,CA,2026-01-08 07:00:00,94.0,
,False,dress,CA,CA,2026-01-08 08:00:00,92.0,
,False,dress,CA,CA,2026-01-08 09:00:00,94.0,
,False,dress,CA,CA,2026-01-08 10:00:00,69.0,
,False,dress,CA,CA,2026-01-08 11:00:00,58.0,
,False,dress,CA,CA,2026-01-08 12:00:00,50.0,
,False,dress,CA,CA,2026-01-08 13:00:00,43.0,
,False,dress,CA,CA,2026-01-08 14:00:00,43.0,
,False,dress,CA,CA,2026-01-08 15:00:00,43.0,
,False,dress,CA,CA,2026-01-08 16:00:00,42.0,
,False,dress,CA,CA,2026-01-08 17:00:00,43.0,
,False,dress,CA,CA,2026-01-08 18:00:00,45.0,
,False,dress,CA,CA,2026-01-08 19:00:00,43.0,
,False,dress,CA,CA,2026-01-08 20:00:00,43.0,
,False,dress,CA,CA,2026-01-08 21:00:00,46.0,
,False,dress,CA,CA,2026-01-08 22:00:00,47.0,
,False,dress,CA,CA,2026-01-08 23:00:00,51.0,
,False,dress,CA,CA,2026-01-09 00:00:00,50.0,
,False,dress,CA,CA,2026-01-09 01:00:00,55.0,
,False,dress,CA,CA,2026-01-09 02:00:00,64.0,
,False,dress,CA,CA,2026-01-09 03:00:00,67.0,
,False,dress,CA,CA,2026-01-09 04:00:00,70.0,
,False,dress,CA,CA,2026-01-09 05:00:00,82.0,
,False,dress,CA,CA,2026-01-09 06:00:00,87.0,
,False,dress,CA,CA,2026-01-09 07:00:00,100.0,
,False,dress,CA,CA,2026-01-09 08:00:00,87.0,
,False,dress,CA,CA,2026-01-09 09:00:00,93.0,
,False,dress,CA,CA,2026-01-09 10:00:00,84.0,
,False,dress,CA,CA,2026-01-09 11:00:00,65.0,
,False,dress,CA,CA,2026-01-09 12:00:00,52.0,
,False,dress,CA,CA,2026-01-09 13:00:00,46.0,
,False,dress,CA,CA,2026-01-09 14:00:00,45.0,
,False,dress,CA,CA,2026-01-09 15:00:00,46.0,
,False,dress,CA,CA,2026-01-09 16:00:00,44.0,
,False,dress,CA,CA,2026-01-09 17:00:00,43.0,
,False,dress,CA,CA,2026-01-09 18:00:00,45.0,
,False,dress,CA,CA,2026-01-09 19:00:00,47.0,
,False,dress,CA,CA,2026-01-09 20:00:00,48.0,
,False,dress,CA,CA,2026-01-09 21:00:00,50.0,
,False,dress,CA,CA,2026-01-09 22:00:00,52.0,
,False,dress,CA,CA,2026-01-09 23:00:00,52.0,
,False,dress,CA,CA,2026-01-10 00:00:00,53.0,
,False,dress,CA,CA,2026-01-10 01:00:00,61.0,
,False,dress,CA,CA,2026-01-10 02:00:00,61.0,
,False,dress,CA,CA,2026-01-10 03:00:00,68.0,
,False,dress,CA,CA,2026-01-10 04:00:00,74.0,
,False,dress,CA,CA,2026-01-10 05:00:00,75.0,
,False,dress,CA,CA,2026-01-10 06:00:00,80.0,
,False,dress,CA,CA,2026-01-10 07:00:00,80.0,
,False,dress,CA,CA,2026-01-10 08:00:00,95.0,
,False,dress,CA,CA,2026-01-10 09:00:00,92.0,
,False,dress,CA,CA,2026-01-10 10:00:00,90.0,
,False,dress,CA,CA,2026-01-10 11:00:00,67.0,
,False,dress,CA,CA,2026-01-10 12:00:00,65.0,
,True,dress,CA,CA,2026-01-10 13:00:00,66.0,
,False,t-shirt,CA,CA,2026-01-03 13:00:00,,55.0
,False,t-shirt,CA,CA,2026-01-03 14:00:00,,46.0
,False,t-shirt,CA,CA,2026-01-03 15:00:00,,43.0
,False,t-shirt,CA,CA,2026-01-03 16:00:00,,41.0
,False,t-shirt,CA,CA,2026-01-03 17:00:00,,55.0
,False,t-shirt,CA,CA,2026-01-03 18:00:00,,42.0
,False,t-shirt,CA,CA,2026-01-03 19:00:00,,54.0
,False,t-shirt,CA,CA,2026-01-03 20:00:00,,42.0
,False,t-shirt,CA,CA,2026-01-03 21:00:00,,54.0
,False,t-shirt,CA,CA,2026-01-03 22:00:00,,60.0
,False,t-shirt,CA,CA,2026-01-03 23:00:00,,46.0
,False,t-shirt,CA,CA,2026-01-04 00:00:00,,45.0
,False,t-shirt,CA,CA,2026-01-04 01:00:00,,46.0
,False,t-shirt,CA,CA,2026-01-04 02:00:00,,48.0
,False,t-shirt,CA,CA,2026-01-04 03:00:00,,49.0
,False,t-shirt,CA,CA,2026-01-04 04:00:00,,43.0
,False,t-shirt,CA,CA,2026-01-04 05:00:00,,53.0
,False,t-shirt,CA,CA,2026-01-04 06:00:00,,68.0
,False,t-shirt,CA,CA,2026-01-04 07:00:00,,42.0
,False,t-shirt,CA,CA,2026-01-04 08:00:00,,41.0
,False,t-shirt,CA,CA,2026-01-04 09:00:00,,84.0
,False,t-shirt,CA,CA,2026-01-04 10:00:00,,68.0
,False,t-shirt,CA,CA,2026-01-04 11:00:00,,68.0
,False,t-shirt,CA,CA,2026-01-04 12:00:00,,0.0
,False,t-shirt,CA,CA,2026-01-04 13:00:00,,74.0
,False,t-shirt,CA,CA,2026-01-04 14:00:00,,39.0
,False,t-shirt,CA,CA,2026-01-04 15:00:00,,60.0
,False,t-shirt,CA,CA,2026-01-04 16:00:00,,45.0
,False,t-shirt,CA,CA,2026-01-04 17:00:00,,35.0
,False,t-shirt,CA,CA,2026-01-04 18:00:00,,64.0
,False,t-shirt,CA,CA,2026-01-04 19:00:00,,56.0
,False,t-shirt,CA,CA,2026-01-04 20:00:00,,47.0
,False,t-shirt,CA,CA,2026-01-04 21:00:00,,46.0
,False,t-shirt,CA,CA,2026-01-04 22:00:00,,45.0
,False,t-shirt,CA,CA,2026-01-04 23:00:00,,43.0
,False,t-shirt,CA,CA,2026-01-05 00:00:00,,44.0
,False,t-shirt,CA,CA,2026-01-05 01:00:00,,53.0
,False,t-shirt,CA,CA,2026-01-05 02:00:00,,50.0
,False,t-shirt,CA,CA,2026-01-05 03:00:00,,41.0
,False,t-shirt,CA,CA,2026-01-05 04:00:00,,43.0
,False,t-shirt,CA,CA,2026-01-05 05:00:00,,61.0
,False,t-shirt,CA,CA,2026-01-05 06:00:00,,60.0
,False,t-shirt,CA,CA,2026-01-05 07:00:00,,88.0
,False,t-shirt,CA,CA,2026-01-05 08:00:00,,62.0
,False,t-shirt,CA,CA,2026-01-05 09:00:00,,0.0
,False,t-shirt,CA,CA,2026-01-05 10:00:00,,0.0
,False,t-shirt,CA,CA,2026-01-05 11:00:00,,42.0
,False,t-shirt,CA,CA,2026-01-05 12:00:00,,47.0
,False,t-shirt,CA,CA,2026-01-05 13:00:00,,37.0
,False,t-shirt,CA,CA,2026-01-05 14:00:00,,34.0
,False,t-shirt,CA,CA,2026-01-05 15:00:00,,33.0
,False,t-shirt,CA,CA,2026-01-05 16:00:00,,38.0
,False,t-shirt,CA,CA,2026-01-05 17:00:00,,38.0
,False,t-shirt,CA,CA,2026-01-05 18:00:00,,36.0
,False,t-shirt,CA,CA,2026-01-05 19:00:00,,41.0
,False,t-shirt,CA,CA,2026-01-05 20:00:00,,45.0
,False,t-shirt,CA,CA,2026-01-05 21:00:00,,37.0
,False,t-shirt,CA,CA,2026-01-05 22:00:00,,42.0
,False,t-shirt,CA,CA,2026-01-05 23:00:00,,30.0
,False,t-shirt,CA,CA,2026-01-06 00:00:00,,39.0
,False,t-shirt,CA,CA,2026-01-06 01:00:00,,50.0
,False,t-shirt,CA,CA,2026-01-06 02:00:00,,52.0
,False,t-shirt,CA,CA,2026-01-06 03:00:00,,44.0
,False,t-shirt,CA,CA,2026-01-06 04:00:00,,43.0
,False,t-shirt,CA,CA,2026-01-06 05:00:00,,46.0
,False,t-shirt,CA,CA,2026-01-06 06:00:00,,45.0
,False,t-shirt,CA,CA,2026-01-06 07:00:00,,75.0
,False,t-shirt,CA,CA,2026-01-06 08:00:00,,68.0
,False,t-shirt,CA,CA,2026-01-06 09:00:00,,98.0
,False,t-shirt,CA,CA,2026-01-06 10:00:00,,71.0
,False,t-shirt,CA,CA,2026-01-06 11:00:00,,36.0
,False,t-shirt,CA,CA,2026-01-06 12:00:00,,25.0
,False,t-shirt,CA,CA,2026-01-06 13:00:00,,47.0
,False,t-shirt,CA,CA,2026-01-06 14:00:00,,33.0
,False,t-shirt,CA,CA,2026-01-06 15:00:00,,30.0
,False,t-shirt,CA,CA,2026-01-06 16:00:00,,39.0
,False,t-shirt,CA,CA,2026-01-06 17:00:00,,35.0
,False,t-shirt,CA,CA,2026-01-06 18:00:00,,36.0
,False,t-shirt,CA,CA,2026-01-06 19:00:00,,41.0
,False,t-shirt,CA,CA,2026-01-06 20:00:00,,43.0
,False,t-shirt,CA,CA,2026-01-06 21:00:00,,40.0
,False,t-shirt,CA,CA,2026-01-06 22:00:00,,38.0
,False,t-shirt,CA,CA,2026-01-06 23:00:00,,39.0
,False,t-shirt,CA,CA,2026-01-07 00:00:00,,43.0
,False,t-shirt,CA,CA,2026-01-07 01:00:00,,51.0
,False,t-shirt,CA,CA,2026-01-07 02:00:00,,48.0
,False,t-shirt,CA,CA,2026-01-07 03:00:00,,46.0
,False,t-shirt,CA,CA,2026-01-07 04:00:00,,47.0
,False,t-shirt,CA,CA,2026-01-07 05:00:00,,75.0
,False,t-shirt,CA,CA,2026-01-07 06:00:00,,58.0
,False,t-shirt,CA,CA,2026-01-07 07:00:00,,51.0
,False,t-shirt,CA,CA,2026-01-07 08:00:00,,93.0
,False,t-shirt,CA,CA,2026-01-07 09:00:00,,100.0
,False,t-shirt,CA,CA,2026-01-07 10:00:00,,0.0
,False,t-shirt,CA,CA,2026-01-07 11:00:00,,0.0
,False,t-shirt,CA,CA,2026-01-07 12:00:00,,37.0
,False,t-shirt,CA,CA,2026-01-07 13:00:00,,43.0
,False,t-shirt,CA,CA,2026-01-07 14:00:00,,36.0
,False,t-shirt,CA,CA,2026-01-07 15:00:00,,37.0
,False,t-shirt,CA,CA,2026-01-07 16:00:00,,53.0
,False,t-shirt,CA,CA,2026-01-07 17:00:00,,31.0
,False,t-shirt,CA,CA,2026-01-07 18:00:00,,40.0
,False,t-shirt,CA,CA,2026-01-07 19:00:00,,48.0
,False,t-shirt,CA,CA,2026-01-07 20:00:00,,38.0
,False,t-shirt,CA,CA,2026-01-07 21:00:00,,43.0
,False,t-shirt,CA,CA,2026-01-07 22:00:00,,37.0
,False,t-shirt,CA,CA,2026-01-07 23:00:00,,42.0
,False,t-shirt,CA,CA,2026-01-08 00:00:00,,50.0
,False,t-shirt,CA,CA,2026-01-08 01:00:00,,47.0
,False,t-shirt,CA,CA,2026-01-08 02:00:00,,44.0
,False,t-shirt,CA,CA,2026-01-08 03:00:00,,47.0
,False,t-shirt,CA,CA,2026-01-08 04:00:00,,60.0
,False,t-shirt,CA,CA,2026-01-08 05:00:00,,61.0
,False,t-shirt,CA,CA,2026-01-08 06:00:00,,57.0
,False,t-shirt,CA,CA,2026-01-08 07:00:00,,62.0
,False,t-shirt,CA,CA,2026-01-08 08:00:00,,0.0
,False,t-shirt,CA,CA,2026-01-08 09:00:00,,75.0
,False,t-shirt,CA,CA,2026-01-08 10:00:00,,77.0
,False,t-shirt,CA,CA,2026-01-08 11:00:00,,78.0
,False,t-shirt,CA,CA,2026-01-08 12:00:00,,67.0
,False,t-shirt,CA,CA,2026-01-08 13:00:00,,44.0
,False,t-shirt,CA,CA,2026-01-08 14:00:00,,49.0
,False,t-shirt,CA,CA,2026-01-08 15:00:00,,40.0
,False,t-shirt,CA,CA,2026-01-08 16:00:00,,54.0
,False,t-shirt,CA,CA,2026-01-08 17:00:00,,48.0
,False,t-shirt,CA,CA,2026-01-08 18:00:00,,53.0
,False,t-shirt,CA,CA,2026-01-08 19:00:00,,48.0
,False,t-shirt,CA,CA,2026-01-08 20:00:00,,51.0
,False,t-shirt,CA,CA,2026-01-08 21:00:00,,46.0
,False,t-shirt,CA,CA,2026-01-08 22:00:00,,37.0
,False,t-shirt,CA,CA,2026-01-08 23:00:00,,47.0
,False,t-shirt,CA,CA,2026-01-09 00:00:00,,54.0
,False,t-shirt,CA,CA,2026-01-09 01:00:00,,66.0
,False,t-shirt,CA,CA,2026-01-09 02:00:00,,58.0
,False,t-shirt,CA,CA,2026-01-09 03:00:00,,44.0
,False,t-shirt,CA,CA,2026-01-09 04:00:00,,60.0
,False,t-shirt,CA,CA,2026-01-09 05:00:00,,62.0
,False,t-shirt,CA,CA,2026-01-09 06:00:00,,42.0
,False,t-shirt,CA,CA,2026-01-09 07:00:00,,69.0
,False,t-shirt,CA,CA,2026-01-09 08:00:00,,0.0
,False,t-shirt,CA,CA,2026-01-09 09:00:00,,94.0
,False,t-shirt,CA,CA,2026-01-09 10:00:00,,93.0
,False,t-shirt,CA,CA,2026-01-09 11:00:00,,87.0
,False,t-shirt,CA,CA,2026-01-09 12:00:00,,65.0
,False,t-shirt,CA,CA,2026-01-09 13:00:00,,51.0
,False,t-shirt,CA,CA,2026-01-09 14:00:00,,50.0
,False,t-shirt,CA,CA,2026-01-09 15:00:00,,44.0
,False,t-shirt,CA,CA,2026-01-09 16:00:00,,51.0
,False,t-shirt,CA,CA,2026-01-09 17:00:00,,38.0
,False,t-shirt,CA,CA,2026-01-09 18:00:00,,49.0
,False,t-shirt,CA,CA,2026-01-09 19:00:00,,47.0
,False,t-shirt,CA,CA,2026-01-09 20:00:00,,55.0
,False,t-shirt,CA,CA,2026-01-09 21:00:00,,43.0
,False,t-shirt,CA,CA,2026-01-09 22:00:00,,45.0
,False,t-shirt,CA,CA,2026-01-09 23:00:00,,44.0
,False,t-shirt,CA,CA,2026-01-10 00:00:00,,44.0
,False,t-shirt,CA,CA,2026-01-10 01:00:00,,48.0
,False,t-shirt,CA,CA,2026-01-10 02:00:00,,43.0
,False,t-shirt,CA,CA,2026-01-10 03:00:00,,67.0
,False,t-shirt,CA,CA,2026-01-10 04:00:00,,50.0
,False,t-shirt,CA,CA,2026-01-10 05:00:00,,51.0
,False,t-shirt,CA,CA,2026-01-10 06:00:00,,51.0
,False,t-shirt,CA,CA,2026-01-10 07:00:00,,46.0
,False,t-shirt,CA,CA,2026-01-10 08:00:00,,61.0
,False,t-shirt,CA,CA,2026-01-10 09:00:00,,0.0
,False,t-shirt,CA,CA,2026-01-10 10:00:00,,0.0
,False,t-shirt,CA,CA,2026-01-10 11:00:00,,48.0
,False,t-shirt,CA,CA,2026-01-10 12:00:00,,0.0
,True,t-shirt,CA,CA,2026-01-10 13:00:00,,58.0
0.0,False,pant,MX,MX,2026-01-03 13:00:00,,
0.0,False,pant,MX,MX,2026-01-03 14:00:00,,
0.0,False,pant,MX,MX,2026-01-03 15:00:00,,
0.0,False,pant,MX,MX,2026-01-03 16:00:00,,
0.0,False,pant,MX,MX,2026-01-03 17:00:00,,
0.0,False,pant,MX,MX,2026-01-03 18:00:00,,
0.0,False,pant,MX,MX,2026-01-03 19:00:00,,
0.0,False,pant,MX,MX,2026-01-03 20:00:00,,
0.0,False,pant,MX,MX,2026-01-03 21:00:00,,
12.0,False,pant,MX,MX,2026-01-03 22:00:00,,
20.0,False,pant,MX,MX,2026-01-03 23:00:00,,
0.0,False,pant,MX,MX,2026-01-04 00:00:00,,
14.0,False,pant,MX,MX,2026-01-04 01:00:00,,
0.0,False,pant,MX,MX,2026-01-04 02:00:00,,
11.0,False,pant,MX,MX,2026-01-04 03:00:00,,
0.0,False,pant,MX,MX,2026-01-04 04:00:00,,
20.0,False,pant,MX,MX,2026-01-04 05:00:00,,
18.0,False,pant,MX,MX,2026-01-04 06:00:00,,
31.0,False,pant,MX,MX,2026-01-04 07:00:00,,
0.0,False,pant,MX,MX,2026-01-04 08:00:00,,
0.0,False,pant,MX,MX,2026-01-04 09:00:00,,
69.0,False,pant,MX,MX,2026-01-04 10:00:00,,
0.0,False,pant,MX,MX,2026-01-04 11:00:00,,
0.0,False,pant,MX,MX,2026-01-04 12:00:00,,
0.0,False,pant,MX,MX,2026-01-04 13:00:00,,
0.0,False,pant,MX,MX,2026-01-04 14:00:00,,
0.0,False,pant,MX,MX,2026-01-04 15:00:00,,
17.0,False,pant,MX,MX,2026-01-04 16:00:00,,
0.0,False,pant,MX,MX,2026-01-04 17:00:00,,
0.0,False,pant,MX,MX,2026-01-04 18:00:00,,
0.0,False,pant,MX,MX,2026-01-04 19:00:00,,
17.0,False,pant,MX,MX,2026-01-04 20:00:00,,
0.0,False,pant,MX,MX,2026-01-04 21:00:00,,
0.0,False,pant,MX,MX,2026-01-04 22:00:00,,
0.0,False,pant,MX,MX,2026-01-04 23:00:00,,
13.0,False,pant,MX,MX,2026-01-05 00:00:00,,
15.0,False,pant,MX,MX,2026-01-05 01:00:00,,
0.0,False,pant,MX,MX,2026-01-05 02:00:00,,
10.0,False,pant,MX,MX,2026-01-05 03:00:00,,
12.0,False,pant,MX,MX,2026-01-05 04:00:00,,
23.0,False,pant,MX,MX,2026-01-05 05:00:00,,
0.0,False,pant,MX,MX,2026-01-05 06:00:00,,
0.0,False,pant,MX,MX,2026-01-05 07:00:00,,
0.0,False,pant,MX,MX,2026-01-05 08:00:00,,
0.0,False,pant,MX,MX,2026-01-05 09:00:00,,
0.0,False,pant,MX,MX,2026-01-05 10:00:00,,
0.0,False,pant,MX,MX,2026-01-05 11:00:00,,
52.0,False,pant,MX,MX,2026-01-05 12:00:00,,
0.0,False,pant,MX,MX,2026-01-05 13:00:00,,
20.0,False,pant,MX,MX,2026-01-05 14:00:00,,
15.0,False,pant,MX,MX,2026-01-05 15:00:00,,
0.0,False,pant,MX,MX,2026-01-05 16:00:00,,
14.0,False,pant,MX,MX,2026-01-05 17:00:00,,
11.0,False,pant,MX,MX,2026-01-05 18:00:00,,
10.0,False,pant,MX,MX,2026-01-05 19:00:00,,
11.0,False,pant,MX,MX,2026-01-05 20:00:00,,
0.0,False,pant,MX,MX,2026-01-05 21:00:00,,
11.0,False,pant,MX,MX,2026-01-05 22:00:00,,
0.0,False,pant,MX,MX,2026-01-05 23:00:00,,
0.0,False,pant,MX,MX,2026-01-06 00:00:00,,
0.0,False,pant,MX,MX,2026-01-06 01:00:00,,
12.0,False,pant,MX,MX,2026-01-06 02:00:00,,
0.0,False,pant,MX,MX,2026-01-06 03:00:00,,
0.0,False,pant,MX,MX,2026-01-06 04:00:00,,
29.0,False,pant,MX,MX,2026-01-06 05:00:00,,
21.0,False,pant,MX,MX,2026-01-06 06:00:00,,
32.0,False,pant,MX,MX,2026-01-06 07:00:00,,
0.0,False,pant,MX,MX,2026-01-06 08:00:00,,
0.0,False,pant,MX,MX,2026-01-06 09:00:00,,
0.0,False,pant,MX,MX,2026-01-06 10:00:00,,
0.0,False,pant,MX,MX,2026-01-06 11:00:00,,
64.0,False,pant,MX,MX,2026-01-06 12:00:00,,
0.0,False,pant,MX,MX,2026-01-06 13:00:00,,
0.0,False,pant,MX,MX,2026-01-06 14:00:00,,
0.0,False,pant,MX,MX,2026-01-06 15:00:00,,
12.0,False,pant,MX,MX,2026-01-06 16:00:00,,
0.0,False,pant,MX,MX,2026-01-06 17:00:00,,
0.0,False,pant,MX,MX,2026-01-06 18:00:00,,
10.0,False,pant,MX,MX,2026-01-06 19:00:00,,
0.0,False,pant,MX,MX,2026-01-06 20:00:00,,
0.0,False,pant,MX,MX,2026-01-06 21:00:00,,
0.0,False,pant,MX,MX,2026-01-06 22:00:00,,
16.0,False,pant,MX,MX,2026-01-06 23:00:00,,
11.0,False,pant,MX,MX,2026-01-07 00:00:00,,
12.0,False,pant,MX,MX,2026-01-07 01:00:00,,
0.0,False,pant,MX,MX,2026-01-07 02:00:00,,
0.0,False,pant,MX,MX,2026-01-07 03:00:00,,
12.0,False,pant,MX,MX,2026-01-07 04:00:00,,
20.0,False,pant,MX,MX,2026-01-07 05:00:00,,
21.0,False,pant,MX,MX,2026-01-07 06:00:00,,
0.0,False,pant,MX,MX,2026-01-07 07:00:00,,
0.0,False,pant,MX,MX,2026-01-07 08:00:00,,
0.0,False,pant,MX,MX,2026-01-07 09:00:00,,
0.0,False,pant,MX,MX,2026-01-07 10:00:00,,
0.0,False,pant,MX,MX,2026-01-07 11:00:00,,
62.0,False,pant,MX,MX,2026-01-07 12:00:00,,
29.0,False,pant,MX,MX,2026-01-07 13:00:00,,
18.0,False,pant,MX,MX,2026-01-07 14:00:00,,
0.0,False,pant,MX,MX,2026-01-07 15:00:00,,
13.0,False,pant,MX,MX,2026-01-07 16:00:00,,
10.0,False,pant,MX,MX,2026-01-07 17:00:00,,
0.0,False,pant,MX,MX,2026-01-07 18:00:00,,
9.0,False,pant,MX,MX,2026-01-07 19:00:00,,
0.0,False,pant,MX,MX,2026-01-07 20:00:00,,
0.0,False,pant,MX,MX,2026-01-07 21:00:00,,
0.0,False,pant,MX,MX,2026-01-07 22:00:00,,
10.0,False,pant,MX,MX,2026-01-07 23:00:00,,
0.0,False,pant,MX,MX,2026-01-08 00:00:00,,
0.0,False,pant,MX,MX,2026-01-08 01:00:00,,
0.0,False,pant,MX,MX,2026-01-08 02:00:00,,
15.0,False,pant,MX,MX,2026-01-08 03:00:00,,
0.0,False,pant,MX,MX,2026-01-08 04:00:00,,
0.0,False,pant,MX,MX,2026-01-08 05:00:00,,
0.0,False,pant,MX,MX,2026-01-08 06:00:00,,
0.0,False,pant,MX,MX,2026-01-08 07:00:00,,
0.0,False,pant,MX,MX,2026-01-08 08:00:00,,
0.0,False,pant,MX,MX,2026-01-08 09:00:00,,
0.0,False,pant,MX,MX,2026-01-08 10:00:00,,
0.0,False,pant,MX,MX,2026-01-08 11:00:00,,
0.0,False,pant,MX,MX,2026-01-08 12:00:00,,
0.0,False,pant,MX,MX,2026-01-08 13:00:00,,
16.0,False,pant,MX,MX,2026-01-08 14:00:00,,
0.0,False,pant,MX,MX,2026-01-08 15:00:00,,
20.0,False,pant,MX,MX,2026-01-08 16:00:00,,
10.0,False,pant,MX,MX,2026-01-08 17:00:00,,
9.0,False,pant,MX,MX,2026-01-08 18:00:00,,
11.0,False,pant,MX,MX,2026-01-08 19:00:00,,
10.0,False,pant,MX,MX,2026-01-08 20:00:00,,
12.0,False,pant,MX,MX,2026-01-08 21:00:00,,
0.0,False,pant,MX,MX,2026-01-08 22:00:00,,
12.0,False,pant,MX,MX,2026-01-08 23:00:00,,
0.0,False,pant,MX,MX,2026-01-09 00:00:00,,
0.0,False,pant,MX,MX,2026-01-09 01:00:00,,
0.0,False,pant,MX,MX,2026-01-09 02:00:00,,
11.0,False,pant,MX,MX,2026-01-09 03:00:00,,
0.0,False,pant,MX,MX,2026-01-09 04:00:00,,
0.0,False,pant,MX,MX,2026-01-09 05:00:00,,
0.0,False,pant,MX,MX,2026-01-09 06:00:00,,
0.0,False,pant,MX,MX,2026-01-09 07:00:00,,
0.0,False,pant,MX,MX,2026-01-09 08:00:00,,
0.0,False,pant,MX,MX,2026-01-09 09:00:00,,
100.0,False,pant,MX,MX,2026-01-09 10:00:00,,
0.0,False,pant,MX,MX,2026-01-09 11:00:00,,
0.0,False,pant,MX,MX,2026-01-09 12:00:00,,
25.0,False,pant,MX,MX,2026-01-09 13:00:00,,
30.0,False,pant,MX,MX,2026-01-09 14:00:00,,
0.0,False,pant,MX,MX,2026-01-09 15:00:00,,
12.0,False,pant,MX,MX,2026-01-09 16:00:00,,
0.0,False,pant,MX,MX,2026-01-09 17:00:00,,
18.0,False,pant,MX,MX,2026-01-09 18:00:00,,
10.0,False,pant,MX,MX,2026-01-09 19:00:00,,
0.0,False,pant,MX,MX,2026-01-09 20:00:00,,
12.0,False,pant,MX,MX,2026-01-09 21:00:00,,
0.0,False,pant,MX,MX,2026-01-09 22:00:00,,
0.0,False,pant,MX,MX,2026-01-09 23:00:00,,
16.0,False,pant,MX,MX,2026-01-10 00:00:00,,
0.0,False,pant,MX,MX,2026-01-10 01:00:00,,
0.0,False,pant,MX,MX,2026-01-10 02:00:00,,
0.0,False,pant,MX,MX,2026-01-10 03:00:00,,
0.0,False,pant,MX,MX,2026-01-10 04:00:00,,
0.0,False,pant,MX,MX,2026-01-10 05:00:00,,
0.0,False,pant,MX,MX,2026-01-10 06:00:00,,
0.0,False,pant,MX,MX,2026-01-10 07:00:00,,
0.0,False,pant,MX,MX,2026-01-10 08:00:00,,
0.0,False,pant,MX,MX,2026-01-10 09:00:00,,
0.0,False,pant,MX,MX,2026-01-10 10:00:00,,
0.0,False,pant,MX,MX,2026-01-10 11:00:00,,
0.0,False,pant,MX,MX,2026-01-10 12:00:00,,
0.0,True,pant,MX,MX,2026-01-10 13:00:00,,
,False,dress,MX,MX,2026-01-03 13:00:00,33.0,
,False,dress,MX,MX,2026-01-03 14:00:00,36.0,
,False,dress,MX,MX,2026-01-03 15:00:00,30.0,
,False,dress,MX,MX,2026-01-03 16:00:00,31.0,
,False,dress,MX,MX,2026-01-03 17:00:00,35.0,
,False,dress,MX,MX,2026-01-03 18:00:00,35.0,
,False,dress,MX,MX,2026-01-03 19:00:00,32.0,
,False,dress,MX,MX,2026-01-03 20:00:00,36.0,
,False,dress,MX,MX,2026-01-03 21:00:00,35.0,
,False,dress,MX,MX,2026-01-03 22:00:00,35.0,
,False,dress,MX,MX,2026-01-03 23:00:00,38.0,
,False,dress,MX,MX,2026-01-04 00:00:00,38.0,
,False,dress,MX,MX,2026-01-04 01:00:00,39.0,
,False,dress,MX,MX,2026-01-04 02:00:00,39.0,
,False,dress,MX,MX,2026-01-04 03:00:00,37.0,
,False,dress,MX,MX,2026-01-04 04:00:00,38.0,
,False,dress,MX,MX,2026-01-04 05:00:00,46.0,
,False,dress,MX,MX,2026-01-04 06:00:00,47.0,
,False,dress,MX,MX,2026-01-04 07:00:00,53.0,
,False,dress,MX,MX,2026-01-04 08:00:00,60.0,
,False,dress,MX,MX,2026-01-04 09:00:00,65.0,
,False,dress,MX,MX,2026-01-04 10:00:00,67.0,
,False,dress,MX,MX,2026-01-04 11:00:00,80.0,
,False,dress,MX,MX,2026-01-04 12:00:00,55.0,
,False,dress,MX,MX,2026-01-04 13:00:00,44.0,
,False,dress,MX,MX,2026-01-04 14:00:00,30.0,
,False,dress,MX,MX,2026-01-04 15:00:00,33.0,
,False,dress,MX,MX,2026-01-04 16:00:00,36.0,
,False,dress,MX,MX,2026-01-04 17:00:00,42.0,
,False,dress,MX,MX,2026-01-04 18:00:00,30.0,
,False,dress,MX,MX,2026-01-04 19:00:00,34.0,
,False,dress,MX,MX,2026-01-04 20:00:00,34.0,
,False,dress,MX,MX,2026-01-04 21:00:00,41.0,
,False,dress,MX,MX,2026-01-04 22:00:00,39.0,
,False,dress,MX,MX,2026-01-04 23:00:00,30.0,
,False,dress,MX,MX,2026-01-05 00:00:00,38.0,
,False,dress,MX,MX,2026-01-05 01:00:00,37.0,
,False,dress,MX,MX,2026-01-05 02:00:00,41.0,
,False,dress,MX,MX,2026-01-05 03:00:00,36.0,
,False,dress,MX,MX,2026-01-05 04:00:00,40.0,
,False,dress,MX,MX,2026-01-05 05:00:00,39.0,
,False,dress,MX,MX,2026-01-05 06:00:00,41.0,
,False,dress,MX,MX,2026-01-05 07:00:00,61.0,
,False,dress,MX,MX,2026-01-05 08:00:00,61.0,
,False,dress,MX,MX,2026-01-05 09:00:00,79.0,
,False,dress,MX,MX,2026-01-05 10:00:00,65.0,
,False,dress,MX,MX,2026-01-05 11:00:00,72.0,
,False,dress,MX,MX,2026-01-05 12:00:00,46.0,
,False,dress,MX,MX,2026-01-05 13:00:00,28.0,
,False,dress,MX,MX,2026-01-05 14:00:00,29.0,
,False,dress,MX,MX,2026-01-05 15:00:00,24.0,
,False,dress,MX,MX,2026-01-05 16:00:00,27.0,
,False,dress,MX,MX,2026-01-05 17:00:00,28.0,
,False,dress,MX,MX,2026-01-05 18:00:00,28.0,
,False,dress,MX,MX,2026-01-05 19:00:00,27.0,
,False,dress,MX,MX,2026-01-05 20:00:00,30.0,
,False,dress,MX,MX,2026-01-05 21:00:00,32.0,
,False,dress,MX,MX,2026-01-05 22:00:00,30.0,
,False,dress,MX,MX,2026-01-05 23:00:00,38.0,
,False,dress,MX,MX,2026-01-06 00:00:00,33.0,
,False,dress,MX,MX,2026-01-06 01:00:00,36.0,
,False,dress,MX,MX,2026-01-06 02:00:00,37.0,
,False,dress,MX,MX,2026-01-06 03:00:00,34.0,
,False,dress,MX,MX,2026-01-06 04:00:00,38.0,
,False,dress,MX,MX,2026-01-06 05:00:00,39.0,
,False,dress,MX,MX,2026-01-06 06:00:00,42.0,
,False,dress,MX,MX,2026-01-06 07:00:00,49.0,
,False,dress,MX,MX,2026-01-06 08:00:00,65.0,
,False,dress,MX,MX,2026-01-06 09:00:00,63.0,
,False,dress,MX,MX,2026-01-06 10:00:00,59.0,
,False,dress,MX,MX,2026-01-06 11:00:00,51.0,
,False,dress,MX,MX,2026-01-06 12:00:00,50.0,
,False,dress,MX,MX,2026-01-06 13:00:00,37.0,
,False,dress,MX,MX,2026-01-06 14:00:00,32.0,
,False,dress,MX,MX,2026-01-06 15:00:00,26.0,
,False,dress,MX,MX,2026-01-06 16:00:00,28.0,
,False,dress,MX,MX,2026-01-06 17:00:00,31.0,
,False,dress,MX,MX,2026-01-06 18:00:00,31.0,
,False,dress,MX,MX,2026-01-06 19:00:00,28.0,
,False,dress,MX,MX,2026-01-06 20:00:00,34.0,
,False,dress,MX,MX,2026-01-06 21:00:00,33.0,
,False,dress,MX,MX,2026-01-06 22:00:00,37.0,
,False,dress,MX,MX,2026-01-06 23:00:00,31.0,
,False,dress,MX,MX,2026-01-07 00:00:00,39.0,
,False,dress,MX,MX,2026-01-07 01:00:00,39.0,
,False,dress,MX,MX,2026-01-07 02:00:00,36.0,
,False,dress,MX,MX,2026-01-07 03:00:00,42.0,
,False,dress,MX,MX,2026-01-07 04:00:00,43.0,
,False,dress,MX,MX,2026-01-07 05:00:00,41.0,
,False,dress,MX,MX,2026-01-07 06:00:00,56.0,
,False,dress,MX,MX,2026-01-07 07:00:00,64.0,
,False,dress,MX,MX,2026-01-07 08:00:00,81.0,
,False,dress,MX,MX,2026-01-07 09:00:00,78.0,
,False,dress,MX,MX,2026-01-07 10:00:00,67.0,
,False,dress,MX,MX,2026-01-07 11:00:00,92.0,
,False,dress,MX,MX,2026-01-07 12:00:00,60.0,
,False,dress,MX,MX,2026-01-07 13:00:00,40.0,
,False,dress,MX,MX,2026-01-07 14:00:00,33.0,
,False,dress,MX,MX,2026-01-07 15:00:00,30.0,
,False,dress,MX,MX,2026-01-07 16:00:00,30.0,
,False,dress,MX,MX,2026-01-07 17:00:00,31.0,
,False,dress,MX,MX,2026-01-07 18:00:00,31.0,
,False,dress,MX,MX,2026-01-07 19:00:00,31.0,
,False,dress,MX,MX,2026-01-07 20:00:00,31.0,
,False,dress,MX,MX,2026-01-07 21:00:00,29.0,
,False,dress,MX,MX,2026-01-07 22:00:00,30.0,
,False,dress,MX,MX,2026-01-07 23:00:00,30.0,
,False,dress,MX,MX,2026-01-08 00:00:00,34.0,
,False,dress,MX,MX,2026-01-08 01:00:00,37.0,
,False,dress,MX,MX,2026-01-08 02:00:00,35.0,
,False,dress,MX,MX,2026-01-08 03:00:00,36.0,
,False,dress,MX,MX,2026-01-08 04:00:00,38.0,
,False,dress,MX,MX,2026-01-08 05:00:00,43.0,
,False,dress,MX,MX,2026-01-08 06:00:00,48.0,
,False,dress,MX,MX,2026-01-08 07:00:00,52.0,
,False,dress,MX,MX,2026-01-08 08:00:00,59.0,
,False,dress,MX,MX,2026-01-08 09:00:00,66.0,
,False,dress,MX,MX,2026-01-08 10:00:00,83.0,
,False,dress,MX,MX,2026-01-08 11:00:00,54.0,
,False,dress,MX,MX,2026-01-08 12:00:00,29.0,
,False,dress,MX,MX,2026-01-08 13:00:00,31.0,
,False,dress,MX,MX,2026-01-08 14:00:00,24.0,
,False,dress,MX,MX,2026-01-08 15:00:00,29.0,
,False,dress,MX,MX,2026-01-08 16:00:00,27.0,
,False,dress,MX,MX,2026-01-08 17:00:00,31.0,
,False,dress,MX,MX,2026-01-08 18:00:00,32.0,
,False,dress,MX,MX,2026-01-08 19:00:00,26.0,
,False,dress,MX,MX,2026-01-08 20:00:00,35.0,
,False,dress,MX,MX,2026-01-08 21:00:00,33.0,
,False,dress,MX,MX,2026-01-08 22:00:00,32.0,
,False,dress,MX,MX,2026-01-08 23:00:00,33.0,
,False,dress,MX,MX,2026-01-09 00:00:00,34.0,
,False,dress,MX,MX,2026-01-09 01:00:00,36.0,
,False,dress,MX,MX,2026-01-09 02:00:00,38.0,
,False,dress,MX,MX,2026-01-09 03:00:00,35.0,
,False,dress,MX,MX,2026-01-09 04:00:00,35.0,
,False,dress,MX,MX,2026-01-09 05:00:00,46.0,
,False,dress,MX,MX,2026-01-09 06:00:00,46.0,
,False,dress,MX,MX,2026-01-09 07:00:00,58.0,
,False,dress,MX,MX,2026-01-09 08:00:00,63.0,
,False,dress,MX,MX,2026-01-09 09:00:00,87.0,
,False,dress,MX,MX,2026-01-09 10:00:00,100.0,
,False,dress,MX,MX,2026-01-09 11:00:00,73.0,
,False,dress,MX,MX,2026-01-09 12:00:00,49.0,
,False,dress,MX,MX,2026-01-09 13:00:00,44.0,
,False,dress,MX,MX,2026-01-09 14:00:00,35.0,
,False,dress,MX,MX,2026-01-09 15:00:00,34.0,
,False,dress,MX,MX,2026-01-09 16:00:00,28.0,
,False,dress,MX,MX,2026-01-09 17:00:00,33.0,
,False,dress,MX,MX,2026-01-09 18:00:00,28.0,
,False,dress,MX,MX,2026-01-09 19:00:00,30.0,
,False,dress,MX,MX,2026-01-09 20:00:00,33.0,
,False,dress,MX,MX,2026-01-09 21:00:00,34.0,
,False,dress,MX,MX,2026-01-09 22:00:00,38.0,
,False,dress,MX,MX,2026-01-09 23:00:00,33.0,
,False,dress,MX,MX,2026-01-10 00:00:00,29.0,
,False,dress,MX,MX,2026-01-10 01:00:00,34.0,
,False,dress,MX,MX,2026-01-10 02:00:00,35.0,
,False,dress,MX,MX,2026-01-10 03:00:00,31.0,
,False,dress,MX,MX,2026-01-10 04:00:00,34.0,
,False,dress,MX,MX,2026-01-10 05:00:00,42.0,
,False,dress,MX,MX,2026-01-10 06:00:00,44.0,
,False,dress,MX,MX,2026-01-10 07:00:00,58.0,
,False,dress,MX,MX,2026-01-10 08:00:00,52.0,
,False,dress,MX,MX,2026-01-10 09:00:00,63.0,
,False,dress,MX,MX,2026-01-10 10:00:00,51.0,
,False,dress,MX,MX,2026-01-10 11:00:00,39.0,
,False,dress,MX,MX,2026-01-10 12:00:00,52.0,
,True,dress,MX,MX,2026-01-10 13:00:00,43.0,
,False,t-shirt,MX,MX,2026-01-03 13:00:00,,0.0
,False,t-shirt,MX,MX,2026-01-03 14:00:00,,0.0
,False,t-shirt,MX,MX,2026-01-03 15:00:00,,0.0
,False,t-shirt,MX,MX,2026-01-03 16:00:00,,0.0
,False,t-shirt,MX,MX,2026-01-03 17:00:00,,0.0
,False,t-shirt,MX,MX,2026-01-03 18:00:00,,0.0
,False,t-shirt,MX,MX,2026-01-03 19:00:00,,0.0
,False,t-shirt,MX,MX,2026-01-03 20:00:00,,0.0
,False,t-shirt,MX,MX,2026-01-03 21:00:00,,0.0
,False,t-shirt,MX,MX,2026-01-03 22:00:00,,27.0
,False,t-shirt,MX,MX,2026-01-03 23:00:00,,24.0
,False,t-shirt,MX,MX,2026-01-04 00:00:00,,0.0
,False,t-shirt,MX,MX,2026-01-04 01:00:00,,31.0
,False,t-shirt,MX,MX,2026-01-04 02:00:00,,42.0
,False,t-shirt,MX,MX,2026-01-04 03:00:00,,22.0
,False,t-shirt,MX,MX,2026-01-04 04:00:00,,0.0
,False,t-shirt,MX,MX,2026-01-04 05:00:00,,0.0
,False,t-shirt,MX,MX,2026-01-04 06:00:00,,0.0
,False,t-shirt,MX,MX,2026-01-04 07:00:00,,0.0
,False,t-shirt,MX,MX,2026-01-04 08:00:00,,0.0
,False,t-shirt,MX,MX,2026-01-04 09:00:00,,0.0
,False,t-shirt,MX,MX,2026-01-04 10:00:00,,0.0
,False,t-shirt,MX,MX,2026-01-04 11:00:00,,0.0
,False,t-shirt,MX,MX,2026-01-04 12:00:00,,0.0
,False,t-shirt,MX,MX,2026-01-04 13:00:00,,0.0
,False,t-shirt,MX,MX,2026-01-04 14:00:00,,0.0
,False,t-shirt,MX,MX,2026-01-04 15:00:00,,0.0
,False,t-shirt,MX,MX,2026-01-04 16:00:00,,0.0
,False,t-shirt,MX,MX,2026-01-04 17:00:00,,0.0
,False,t-shirt,MX,MX,2026-01-04 18:00:00,,0.0
,False,t-shirt,MX,MX,2026-01-04 19:00:00,,26.0
,False,t-shirt,MX,MX,2026-01-04 20:00:00,,0.0
,False,t-shirt,MX,MX,2026-01-04 21:00:00,,0.0
,False,t-shirt,MX,MX,2026-01-04 22:00:00,,27.0
,False,t-shirt,MX,MX,2026-01-04 23:00:00,,0.0
,False,t-shirt,MX,MX,2026-01-05 00:00:00,,0.0
,False,t-shirt,MX,MX,2026-01-05 01:00:00,,0.0
,False,t-shirt,MX,MX,2026-01-05 02:00:00,,0.0
,False,t-shirt,MX,MX,2026-01-05 03:00:00,,0.0
,False,t-shirt,MX,MX,2026-01-05 04:00:00,,0.0
,False,t-shirt,MX,MX,2026-01-05 05:00:00,,0.0
,False,t-shirt,MX,MX,2026-01-05 06:00:00,,0.0
,False,t-shirt,MX,MX,2026-01-05 07:00:00,,0.0
,False,t-shirt,MX,MX,2026-01-05 08:00:00,,0.0
,False,t-shirt,MX,MX,2026-01-05 09:00:00,,0.0
,False,t-shirt,MX,MX,2026-01-05 10:00:00,,0.0
,False,t-shirt,MX,MX,2026-01-05 11:00:00,,0.0
,False,t-shirt,MX,MX,2026-01-05 12:00:00,,0.0
,False,t-shirt,MX,MX,2026-01-05 13:00:00,,0.0
,False,t-shirt,MX,MX,2026-01-05 14:00:00,,0.0
,False,t-shirt,MX,MX,2026-01-05 15:00:00,,0.0
,False,t-shirt,MX,MX,2026-01-05 16:00:00,,0.0
,False,t-shirt,MX,MX,2026-01-05 17:00:00,,0.0
,False,t-shirt,MX,MX,2026-01-05 18:00:00,,0.0
,False,t-shirt,MX,MX,2026-01-05 19:00:00,,0.0
,False,t-shirt,MX,MX,2026-01-05 20:00:00,,0.0
,False,t-shirt,MX,MX,2026-01-05 21:00:00,,0.0
,False,t-shirt,MX,MX,2026-01-05 22:00:00,,24.0
,False,t-shirt,MX,MX,2026-01-05 23:00:00,,23.0
,False,t-shirt,MX,MX,2026-01-06 00:00:00,,25.0
,False,t-shirt,MX,MX,2026-01-06 01:00:00,,23.0
,False,t-shirt,MX,MX,2026-01-06 02:00:00,,0.0
,False,t-shirt,MX,MX,2026-01-06 03:00:00,,22.0
,False,t-shirt,MX,MX,2026-01-06 04:00:00,,0.0
,False,t-shirt,MX,MX,2026-01-06 05:00:00,,0.0
,False,t-shirt,MX,MX,2026-01-06 06:00:00,,0.0
,False,t-shirt,MX,MX,2026-01-06 07:00:00,,0.0
,False,t-shirt,MX,MX,2026-01-06 08:00:00,,82.0
,False,t-shirt,MX,MX,2026-01-06 09:00:00,,0.0
,False,t-shirt,MX,MX,2026-01-06 10:00:00,,0.0
,False,t-shirt,MX,MX,2026-01-06 11:00:00,,0.0
,False,t-shirt,MX,MX,2026-01-06 12:00:00,,0.0
,False,t-shirt,MX,MX,2026-01-06 13:00:00,,0.0
,False,t-shirt,MX,MX,2026-01-06 14:00:00,,0.0
,False,t-shirt,MX,MX,2026-01-06 15:00:00,,0.0
,False,t-shirt,MX,MX,2026-01-06 16:00:00,,32.0
,False,t-shirt,MX,MX,2026-01-06 17:00:00,,0.0
,False,t-shirt,MX,MX,2026-01-06 18:00:00,,19.0
,False,t-shirt,MX,MX,2026-01-06 19:00:00,,20.0
,False,t-shirt,MX,MX,2026-01-06 20:00:00,,0.0
,False,t-shirt,MX,MX,2026-01-06 21:00:00,,0.0
,False,t-shirt,MX,MX,2026-01-06 22:00:00,,0.0
,False,t-shirt,MX,MX,2026-01-06 23:00:00,,0.0
,False,t-shirt,MX,MX,2026-01-07 00:00:00,,0.0
,False,t-shirt,MX,MX,2026-01-07 01:00:00,,0.0
,False,t-shirt,MX,MX,2026-01-07 02:00:00,,0.0
,False,t-shirt,MX,MX,2026-01-07 03:00:00,,0.0
,False,t-shirt,MX,MX,2026-01-07 04:00:00,,0.0
,False,t-shirt,MX,MX,2026-01-07 05:00:00,,0.0
,False,t-shirt,MX,MX,2026-01-07 06:00:00,,0.0
,False,t-shirt,MX,MX,2026-01-07 07:00:00,,0.0
,False,t-shirt,MX,MX,2026-01-07 08:00:00,,0.0
,False,t-shirt,MX,MX,2026-01-07 09:00:00,,0.0
,False,t-shirt,MX,MX,2026-01-07 10:00:00,,0.0
,False,t-shirt,MX,MX,2026-01-07 11:00:00,,0.0
,False,t-shirt,MX,MX,2026-01-07 12:00:00,,0.0
,False,t-shirt,MX,MX,2026-01-07 13:00:00,,0.0
,False,t-shirt,MX,MX,2026-01-07 14:00:00,,0.0
,False,t-shirt,MX,MX,2026-01-07 15:00:00,,0.0
,False,t-shirt,MX,MX,2026-01-07 16:00:00,,35.0
,False,t-shirt,MX,MX,2026-01-07 17:00:00,,22.0
,False,t-shirt,MX,MX,2026-01-07 18:00:00,,0.0
,False,t-shirt,MX,MX,2026-01-07 19:00:00,,0.0
,False,t-shirt,MX,MX,2026-01-07 20:00:00,,0.0
,False,t-shirt,MX,MX,2026-01-07 21:00:00,,24.0
,False,t-shirt,MX,MX,2026-01-07 22:00:00,,21.0
,False,t-shirt,MX,MX,2026-01-07 23:00:00,,19.0
,False,t-shirt,MX,MX,2026-01-08 00:00:00,,37.0
,False,t-shirt,MX,MX,2026-01-08 01:00:00,,0.0
,False,t-shirt,MX,MX,2026-01-08 02:00:00,,0.0
,False,t-shirt,MX,MX,2026-01-08 03:00:00,,0.0
,False,t-shirt,MX,MX,2026-01-08 04:00:00,,26.0
,False,t-shirt,MX,MX,2026-01-08 05:00:00,,0.0
,False,t-shirt,MX,MX,2026-01-08 06:00:00,,0.0
,False,t-shirt,MX,MX,2026-01-08 07:00:00,,0.0
,False,t-shirt,MX,MX,2026-01-08 08:00:00,,0.0
,False,t-shirt,MX,MX,2026-01-08 09:00:00,,0.0
,False,t-shirt,MX,MX,2026-01-08 10:00:00,,0.0
,False,t-shirt,MX,MX,2026-01-08 11:00:00,,0.0
,False,t-shirt,MX,MX,2026-01-08 12:00:00,,0.0
,False,t-shirt,MX,MX,2026-01-08 13:00:00,,0.0
,False,t-shirt,MX,MX,2026-01-08 14:00:00,,0.0
,False,t-shirt,MX,MX,2026-01-08 15:00:00,,0.0
,False,t-shirt,MX,MX,2026-01-08 16:00:00,,36.0
,False,t-shirt,MX,MX,2026-01-08 17:00:00,,29.0
,False,t-shirt,MX,MX,2026-01-08 18:00:00,,29.0
,False,t-shirt,MX,MX,2026-01-08 19:00:00,,22.0
,False,t-shirt,MX,MX,2026-01-08 20:00:00,,0.0
,False,t-shirt,MX,MX,2026-01-08 21:00:00,,0.0
,False,t-shirt,MX,MX,2026-01-08 22:00:00,,20.0
,False,t-shirt,MX,MX,2026-01-08 23:00:00,,25.0
,False,t-shirt,MX,MX,2026-01-09 00:00:00,,0.0
,False,t-shirt,MX,MX,2026-01-09 01:00:00,,25.0
,False,t-shirt,MX,MX,2026-01-09 02:00:00,,0.0
,False,t-shirt,MX,MX,2026-01-09 03:00:00,,20.0
,False,t-shirt,MX,MX,2026-01-09 04:00:00,,0.0
,False,t-shirt,MX,MX,2026-01-09 05:00:00,,0.0
,False,t-shirt,MX,MX,2026-01-09 06:00:00,,0.0
,False,t-shirt,MX,MX,2026-01-09 07:00:00,,0.0
,False,t-shirt,MX,MX,2026-01-09 08:00:00,,0.0
,False,t-shirt,MX,MX,2026-01-09 09:00:00,,0.0
,False,t-shirt,MX,MX,2026-01-09 10:00:00,,0.0
,False,t-shirt,MX,MX,2026-01-09 11:00:00,,0.0
,False,t-shirt,MX,MX,2026-01-09 12:00:00,,0.0
,False,t-shirt,MX,MX,2026-01-09 13:00:00,,0.0
,False,t-shirt,MX,MX,2026-01-09 14:00:00,,48.0
,False,t-shirt,MX,MX,2026-01-09 15:00:00,,0.0
,False,t-shirt,MX,MX,2026-01-09 16:00:00,,0.0
,False,t-shirt,MX,MX,2026-01-09 17:00:00,,0.0
,False,t-shirt,MX,MX,2026-01-09 18:00:00,,25.0
,False,t-shirt,MX,MX,2026-01-09 19:00:00,,0.0
,False,t-shirt,MX,MX,2026-01-09 20:00:00,,0.0
,False,t-shirt,MX,MX,2026-01-09 21:00:00,,0.0
,False,t-shirt,MX,MX,2026-01-09 22:00:00,,0.0
,False,t-shirt,MX,MX,2026-01-09 23:00:00,,0.0
,False,t-shirt,MX,MX,2026-01-10 00:00:00,,0.0
,False,t-shirt,MX,MX,2026-01-10 01:00:00,,0.0
,False,t-shirt,MX,MX,2026-01-10 02:00:00,,0.0
,False,t-shirt,MX,MX,2026-01-10 03:00:00,,18.0
,False,t-shirt,MX,MX,2026-01-10 04:00:00,,0.0
,False,t-shirt,MX,MX,2026-01-10 05:00:00,,0.0
,False,t-shirt,MX,MX,2026-01-10 06:00:00,,0.0
,False,t-shirt,MX,MX,2026-01-10 07:00:00,,0.0
,False,t-shirt,MX,MX,2026-01-10 08:00:00,,0.0
,False,t-shirt,MX,MX,2026-01-10 09:00:00,,0.0
,False,t-shirt,MX,MX,2026-01-10 10:00:00,,0.0
,False,t-shirt,MX,MX,2026-01-10 11:00:00,,0.0
,False,t-shirt,MX,MX,2026-01-10 12:00:00,,100.0
,True,t-shirt,MX,MX,2026-01-10 13:00:00,,0.0
62.0,False,pant,GB,GB,2026-01-03 13:00:00,,
69.0,False,pant,GB,GB,2026-01-03 14:00:00,,
59.0,False,pant,GB,GB,2026-01-03 15:00:00,,
64.0,False,pant,GB,GB,2026-01-03 16:00:00,,
67.0,False,pant,GB,GB,2026-01-03 17:00:00,,
56.0,False,pant,GB,GB,2026-01-03 18:00:00,,
56.0,False,pant,GB,GB,2026-01-03 19:00:00,,
55.0,False,pant,GB,GB,2026-01-03 20:00:00,,
59.0,False,pant,GB,GB,2026-01-03 21:00:00,,
70.0,False,pant,GB,GB,2026-01-03 22:00:00,,
64.0,False,pant,GB,GB,2026-01-03 23:00:00,,
69.0,False,pant,GB,GB,2026-01-04 00:00:00,,
55.0,False,pant,GB,GB,2026-01-04 01:00:00,,
59.0,False,pant,GB,GB,2026-01-04 02:00:00,,
91.0,False,pant,GB,GB,2026-01-04 03:00:00,,
84.0,False,pant,GB,GB,2026-01-04 04:00:00,,
80.0,False,pant,GB,GB,2026-01-04 05:00:00,,
90.0,False,pant,GB,GB,2026-01-04 06:00:00,,
49.0,False,pant,GB,GB,2026-01-04 07:00:00,,
57.0,False,pant,GB,GB,2026-01-04 08:00:00,,
62.0,False,pant,GB,GB,2026-01-04 09:00:00,,
65.0,False,pant,GB,GB,2026-01-04 10:00:00,,
69.0,False,pant,GB,GB,2026-01-04 11:00:00,,
69.0,False,pant,GB,GB,2026-01-04 12:00:00,,
70.0,False,pant,GB,GB,2026-01-04 13:00:00,,
55.0,False,pant,GB,GB,2026-01-04 14:00:00,,
53.0,False,pant,GB,GB,2026-01-04 15:00:00,,
54.0,False,pant,GB,GB,2026-01-04 16:00:00,,
51.0,False,pant,GB,GB,2026-01-04 17:00:00,,
58.0,False,pant,GB,GB,2026-01-04 18:00:00,,
55.0,False,pant,GB,GB,2026-01-04 19:00:00,,
60.0,False,pant,GB,GB,2026-01-04 20:00:00,,
70.0,False,pant,GB,GB,2026-01-04 21:00:00,,
68.0,False,pant,GB,GB,2026-01-04 22:00:00,,
71.0,False,pant,GB,GB,2026-01-04 23:00:00,,
63.0,False,pant,GB,GB,2026-01-05 00:00:00,,
56.0,False,pant,GB,GB,2026-01-05 01:00:00,,
63.0,False,pant,GB,GB,2026-01-05 02:00:00,,
77.0,False,pant,GB,GB,2026-01-05 03:00:00,,
70.0,False,pant,GB,GB,2026-01-05 04:00:00,,
60.0,False,pant,GB,GB,2026-01-05 05:00:00,,
49.0,False,pant,GB,GB,2026-01-05 06:00:00,,
72.0,False,pant,GB,GB,2026-01-05 07:00:00,,
49.0,False,pant,GB,GB,2026-01-05 08:00:00,,
48.0,False,pant,GB,GB,2026-01-05 09:00:00,,
42.0,False,pant,GB,GB,2026-01-05 10:00:00,,
38.0,False,pant,GB,GB,2026-01-05 11:00:00,,
47.0,False,pant,GB,GB,2026-01-05 12:00:00,,
51.0,False,pant,GB,GB,2026-01-05 13:00:00,,
52.0,False,pant,GB,GB,2026-01-05 14:00:00,,
54.0,False,pant,GB,GB,2026-01-05 15:00:00,,
53.0,False,pant,GB,GB,2026-01-05 16:00:00,,
46.0,False,pant,GB,GB,2026-01-05 17:00:00,,
54.0,False,pant,GB,GB,2026-01-05 18:00:00,,
45.0,False,pant,GB,GB,2026-01-05 19:00:00,,
49.0,False,pant,GB,GB,2026-01-05 20:00:00,,
67.0,False,pant,GB,GB,2026-01-05 21:00:00,,
67.0,False,pant,GB,GB,2026-01-05 22:00:00,,
67.0,False,pant,GB,GB,2026-01-05 23:00:00,,
58.0,False,pant,GB,GB,2026-01-06 00:00:00,,
46.0,False,pant,GB,GB,2026-01-06 01:00:00,,
50.0,False,pant,GB,GB,2026-01-06 02:00:00,,
76.0,False,pant,GB,GB,2026-01-06 03:00:00,,
100.0,False,pant,GB,GB,2026-01-06 04:00:00,,
85.0,False,pant,GB,GB,2026-01-06 05:00:00,,
58.0,False,pant,GB,GB,2026-01-06 06:00:00,,
32.0,False,pant,GB,GB,2026-01-06 07:00:00,,
46.0,False,pant,GB,GB,2026-01-06 08:00:00,,
49.0,False,pant,GB,GB,2026-01-06 09:00:00,,
49.0,False,pant,GB,GB,2026-01-06 10:00:00,,
42.0,False,pant,GB,GB,2026-01-06 11:00:00,,
45.0,False,pant,GB,GB,2026-01-06 12:00:00,,
46.0,False,pant,GB,GB,2026-01-06 13:00:00,,
47.0,False,pant,GB,GB,2026-01-06 14:00:00,,
45.0,False,pant,GB,GB,2026-01-06 15:00:00,,
47.0,False,pant,GB,GB,2026-01-06 16:00:00,,
50.0,False,pant,GB,GB,2026-01-06 17:00:00,,
46.0,False,pant,GB,GB,2026-01-06 18:00:00,,
48.0,False,pant,GB,GB,2026-01-06 19:00:00,,
55.0,False,pant,GB,GB,2026-01-06 20:00:00,,
55.0,False,pant,GB,GB,2026-01-06 21:00:00,,
63.0,False,pant,GB,GB,2026-01-06 22:00:00,,
74.0,False,pant,GB,GB,2026-01-06 23:00:00,,
73.0,False,pant,GB,GB,2026-01-07 00:00:00,,
65.0,False,pant,GB,GB,2026-01-07 01:00:00,,
72.0,False,pant,GB,GB,2026-01-07 02:00:00,,
70.0,False,pant,GB,GB,2026-01-07 03:00:00,,
74.0,False,pant,GB,GB,2026-01-07 04:00:00,,
67.0,False,pant,GB,GB,2026-01-07 05:00:00,,
55.0,False,pant,GB,GB,2026-01-07 06:00:00,,
36.0,False,pant,GB,GB,2026-01-07 07:00:00,,
44.0,False,pant,GB,GB,2026-01-07 08:00:00,,
46.0,False,pant,GB,GB,2026-01-07 09:00:00,,
48.0,False,pant,GB,GB,2026-01-07 10:00:00,,
43.0,False,pant,GB,GB,2026-01-07 11:00:00,,
46.0,False,pant,GB,GB,2026-01-07 12:00:00,,
57.0,False,pant,GB,GB,2026-01-07 13:00:00,,
43.0,False,pant,GB,GB,2026-01-07 14:00:00,,
46.0,False,pant,GB,GB,2026-01-07 15:00:00,,
52.0,False,pant,GB,GB,2026-01-07 16:00:00,,
51.0,False,pant,GB,GB,2026-01-07 17:00:00,,
52.0,False,pant,GB,GB,2026-01-07 18:00:00,,
47.0,False,pant,GB,GB,2026-01-07 19:00:00,,
50.0,False,pant,GB,GB,2026-01-07 20:00:00,,
53.0,False,pant,GB,GB,2026-01-07 21:00:00,,
66.0,False,pant,GB,GB,2026-01-07 22:00:00,,
63.0,False,pant,GB,GB,2026-01-07 23:00:00,,
48.0,False,pant,GB,GB,2026-01-08 00:00:00,,
41.0,False,pant,GB,GB,2026-01-08 01:00:00,,
47.0,False,pant,GB,GB,2026-01-08 02:00:00,,
66.0,False,pant,GB,GB,2026-01-08 03:00:00,,
79.0,False,pant,GB,GB,2026-01-08 04:00:00,,
46.0,False,pant,GB,GB,2026-01-08 05:00:00,,
38.0,False,pant,GB,GB,2026-01-08 06:00:00,,
42.0,False,pant,GB,GB,2026-01-08 07:00:00,,
39.0,False,pant,GB,GB,2026-01-08 08:00:00,,
46.0,False,pant,GB,GB,2026-01-08 09:00:00,,
37.0,False,pant,GB,GB,2026-01-08 10:00:00,,
52.0,False,pant,GB,GB,2026-01-08 11:00:00,,
49.0,False,pant,GB,GB,2026-01-08 12:00:00,,
49.0,False,pant,GB,GB,2026-01-08 13:00:00,,
46.0,False,pant,GB,GB,2026-01-08 14:00:00,,
45.0,False,pant,GB,GB,2026-01-08 15:00:00,,
51.0,False,pant,GB,GB,2026-01-08 16:00:00,,
48.0,False,pant,GB,GB,2026-01-08 17:00:00,,
55.0,False,pant,GB,GB,2026-01-08 18:00:00,,
48.0,False,pant,GB,GB,2026-01-08 19:00:00,,
50.0,False,pant,GB,GB,2026-01-08 20:00:00,,
49.0,False,pant,GB,GB,2026-01-08 21:00:00,,
50.0,False,pant,GB,GB,2026-01-08 22:00:00,,
61.0,False,pant,GB,GB,2026-01-08 23:00:00,,
52.0,False,pant,GB,GB,2026-01-09 00:00:00,,
47.0,False,pant,GB,GB,2026-01-09 01:00:00,,
54.0,False,pant,GB,GB,2026-01-09 02:00:00,,
61.0,False,pant,GB,GB,2026-01-09 03:00:00,,
0.0,False,pant,GB,GB,2026-01-09 04:00:00,,
50.0,False,pant,GB,GB,2026-01-09 05:00:00,,
48.0,False,pant,GB,GB,2026-01-09 06:00:00,,
56.0,False,pant,GB,GB,2026-01-09 07:00:00,,
38.0,False,pant,GB,GB,2026-01-09 08:00:00,,
37.0,False,pant,GB,GB,2026-01-09 09:00:00,,
46.0,False,pant,GB,GB,2026-01-09 10:00:00,,
48.0,False,pant,GB,GB,2026-01-09 11:00:00,,
43.0,False,pant,GB,GB,2026-01-09 12:00:00,,
45.0,False,pant,GB,GB,2026-01-09 13:00:00,,
51.0,False,pant,GB,GB,2026-01-09 14:00:00,,
59.0,False,pant,GB,GB,2026-01-09 15:00:00,,
49.0,False,pant,GB,GB,2026-01-09 16:00:00,,
57.0,False,pant,GB,GB,2026-01-09 17:00:00,,
56.0,False,pant,GB,GB,2026-01-09 18:00:00,,
44.0,False,pant,GB,GB,2026-01-09 19:00:00,,
42.0,False,pant,GB,GB,2026-01-09 20:00:00,,
47.0,False,pant,GB,GB,2026-01-09 21:00:00,,
57.0,False,pant,GB,GB,2026-01-09 22:00:00,,
59.0,False,pant,GB,GB,2026-01-09 23:00:00,,
71.0,False,pant,GB,GB,2026-01-10 00:00:00,,
61.0,False,pant,GB,GB,2026-01-10 01:00:00,,
40.0,False,pant,GB,GB,2026-01-10 02:00:00,,
0.0,False,pant,GB,GB,2026-01-10 03:00:00,,
0.0,False,pant,GB,GB,2026-01-10 04:00:00,,
0.0,False,pant,GB,GB,2026-01-10 05:00:00,,
57.0,False,pant,GB,GB,2026-01-10 06:00:00,,
52.0,False,pant,GB,GB,2026-01-10 07:00:00,,
44.0,False,pant,GB,GB,2026-01-10 08:00:00,,
46.0,False,pant,GB,GB,2026-01-10 09:00:00,,
58.0,False,pant,GB,GB,2026-01-10 10:00:00,,
55.0,False,pant,GB,GB,2026-01-10 11:00:00,,
60.0,False,pant,GB,GB,2026-01-10 12:00:00,,
52.0,True,pant,GB,GB,2026-01-10 13:00:00,,
,False,dress,GB,GB,2026-01-03 13:00:00,65.0,
,False,dress,GB,GB,2026-01-03 14:00:00,66.0,
,False,dress,GB,GB,2026-01-03 15:00:00,71.0,
,False,dress,GB,GB,2026-01-03 16:00:00,67.0,
,False,dress,GB,GB,2026-01-03 17:00:00,70.0,
,False,dress,GB,GB,2026-01-03 18:00:00,76.0,
,False,dress,GB,GB,2026-01-03 19:00:00,81.0,
,False,dress,GB,GB,2026-01-03 20:00:00,84.0,
,False,dress,GB,GB,2026-01-03 21:00:00,87.0,
,False,dress,GB,GB,2026-01-03 22:00:00,89.0,
,False,dress,GB,GB,2026-01-03 23:00:00,87.0,
,False,dress,GB,GB,2026-01-04 00:00:00,82.0,
,False,dress,GB,GB,2026-01-04 01:00:00,85.0,
,False,dress,GB,GB,2026-01-04 02:00:00,85.0,
,False,dress,GB,GB,2026-01-04 03:00:00,77.0,
,False,dress,GB,GB,2026-01-04 04:00:00,74.0,
,False,dress,GB,GB,2026-01-04 05:00:00,68.0,
,False,dress,GB,GB,2026-01-04 06:00:00,67.0,
,False,dress,GB,GB,2026-01-04 07:00:00,63.0,
,False,dress,GB,GB,2026-01-04 08:00:00,63.0,
,False,dress,GB,GB,2026-01-04 09:00:00,64.0,
,False,dress,GB,GB,2026-01-04 10:00:00,58.0,
,False,dress,GB,GB,2026-01-04 11:00:00,60.0,
,False,dress,GB,GB,2026-01-04 12:00:00,56.0,
,False,dress,GB,GB,2026-01-04 13:00:00,62.0,
,False,dress,GB,GB,2026-01-04 14:00:00,60.0,
,False,dress,GB,GB,2026-01-04 15:00:00,66.0,
,False,dress,GB,GB,2026-01-04 16:00:00,68.0,
,False,dress,GB,GB,2026-01-04 17:00:00,69.0,
,False,dress,GB,GB,2026-01-04 18:00:00,77.0,
,False,dress,GB,GB,2026-01-04 19:00:00,77.0,
,False,dress,GB,GB,2026-01-04 20:00:00,88.0,
,False,dress,GB,GB,2026-01-04 21:00:00,87.0,
,False,dress,GB,GB,2026-01-04 22:00:00,88.0,
,False,dress,GB,GB,2026-01-04 23:00:00,85.0,
,False,dress,GB,GB,2026-01-05 00:00:00,84.0,
,False,dress,GB,GB,2026-01-05 01:00:00,78.0,
,False,dress,GB,GB,2026-01-05 02:00:00,77.0,
,False,dress,GB,GB,2026-01-05 03:00:00,73.0,
,False,dress,GB,GB,2026-01-05 04:00:00,68.0,
,False,dress,GB,GB,2026-01-05 05:00:00,55.0,
,False,dress,GB,GB,2026-01-05 06:00:00,48.0,
,False,dress,GB,GB,2026-01-05 07:00:00,44.0,
,False,dress,GB,GB,2026-01-05 08:00:00,40.0,
,False,dress,GB,GB,2026-01-05 09:00:00,39.0,
,False,dress,GB,GB,2026-01-05 10:00:00,42.0,
,False,dress,GB,GB,2026-01-05 11:00:00,44.0,
,False,dress,GB,GB,2026-01-05 12:00:00,46.0,
,False,dress,GB,GB,2026-01-05 13:00:00,45.0,
,False,dress,GB,GB,2026-01-05 14:00:00,52.0,
,False,dress,GB,GB,2026-01-05 15:00:00,49.0,
,False,dress,GB,GB,2026-01-05 16:00:00,55.0,
,False,dress,GB,GB,2026-01-05 17:00:00,60.0,
,False,dress,GB,GB,2026-01-05 18:00:00,64.0,
,False,dress,GB,GB,2026-01-05 19:00:00,74.0,
,False,dress,GB,GB,2026-01-05 20:00:00,78.0,
,False,dress,GB,GB,2026-01-05 21:00:00,85.0,
,False,dress,GB,GB,2026-01-05 22:00:00,90.0,
,False,dress,GB,GB,2026-01-05 23:00:00,87.0,
,False,dress,GB,GB,2026-01-06 00:00:00,84.0,
,False,dress,GB,GB,2026-01-06 01:00:00,75.0,
,False,dress,GB,GB,2026-01-06 02:00:00,85.0,
,False,dress,GB,GB,2026-01-06 03:00:00,75.0,
,False,dress,GB,GB,2026-01-06 04:00:00,77.0,
,False,dress,GB,GB,2026-01-06 05:00:00,65.0,
,False,dress,GB,GB,2026-01-06 06:00:00,50.0,
,False,dress,GB,GB,2026-01-06 07:00:00,44.0,
,False,dress,GB,GB,2026-01-06 08:00:00,45.0,
,False,dress,GB,GB,2026-01-06 09:00:00,46.0,
,False,dress,GB,GB,2026-01-06 10:00:00,45.0,
,False,dress,GB,GB,2026-01-06 11:00:00,48.0,
,False,dress,GB,GB,2026-01-06 12:00:00,47.0,
,False,dress,GB,GB,2026-01-06 13:00:00,49.0,
,False,dress,GB,GB,2026-01-06 14:00:00,52.0,
,False,dress,GB,GB,2026-01-06 15:00:00,49.0,
,False,dress,GB,GB,2026-01-06 16:00:00,57.0,
,False,dress,GB,GB,2026-01-06 17:00:00,63.0,
,False,dress,GB,GB,2026-01-06 18:00:00,67.0,
,False,dress,GB,GB,2026-01-06 19:00:00,76.0,
,False,dress,GB,GB,2026-01-06 20:00:00,81.0,
,False,dress,GB,GB,2026-01-06 21:00:00,88.0,
,False,dress,GB,GB,2026-01-06 22:00:00,96.0,
,False,dress,GB,GB,2026-01-06 23:00:00,85.0,
,False,dress,GB,GB,2026-01-07 00:00:00,82.0,
,False,dress,GB,GB,2026-01-07 01:00:00,82.0,
,False,dress,GB,GB,2026-01-07 02:00:00,79.0,
,False,dress,GB,GB,2026-01-07 03:00:00,72.0,
,False,dress,GB,GB,2026-01-07 04:00:00,65.0,
,False,dress,GB,GB,2026-01-07 05:00:00,56.0,
,False,dress,GB,GB,2026-01-07 06:00:00,53.0,
,False,dress,GB,GB,2026-01-07 07:00:00,49.0,
,False,dress,GB,GB,2026-01-07 08:00:00,51.0,
,False,dress,GB,GB,2026-01-07 09:00:00,48.0,
,False,dress,GB,GB,2026-01-07 10:00:00,45.0,
,False,dress,GB,GB,2026-01-07 11:00:00,47.0,
,False,dress,GB,GB,2026-01-07 12:00:00,53.0,
,False,dress,GB,GB,2026-01-07 13:00:00,54.0,
,False,dress,GB,GB,2026-01-07 14:00:00,53.0,
,False,dress,GB,GB,2026-01-07 15:00:00,58.0,
,False,dress,GB,GB,2026-01-07 16:00:00,55.0,
,False,dress,GB,GB,2026-01-07 17:00:00,62.0,
,False,dress,GB,GB,2026-01-07 18:00:00,69.0,
,False,dress,GB,GB,2026-01-07 19:00:00,74.0,
,False,dress,GB,GB,2026-01-07 20:00:00,81.0,
,False,dress,GB,GB,2026-01-07 21:00:00,88.0,
,False,dress,GB,GB,2026-01-07 22:00:00,90.0,
,False,dress,GB,GB,2026-01-07 23:00:00,84.0,
,False,dress,GB,GB,2026-01-08 00:00:00,79.0,
,False,dress,GB,GB,2026-01-08 01:00:00,74.0,
,False,dress,GB,GB,2026-01-08 02:00:00,64.0,
,False,dress,GB,GB,2026-01-08 03:00:00,64.0,
,False,dress,GB,GB,2026-01-08 04:00:00,54.0,
,False,dress,GB,GB,2026-01-08 05:00:00,46.0,
,False,dress,GB,GB,2026-01-08 06:00:00,49.0,
,False,dress,GB,GB,2026-01-08 07:00:00,47.0,
,False,dress,GB,GB,2026-01-08 08:00:00,45.0,
,False,dress,GB,GB,2026-01-08 09:00:00,48.0,
,False,dress,GB,GB,2026-01-08 10:00:00,45.0,
,False,dress,GB,GB,2026-01-08 11:00:00,49.0,
,False,dress,GB,GB,2026-01-08 12:00:00,54.0,
,False,dress,GB,GB,2026-01-08 13:00:00,51.0,
,False,dress,GB,GB,2026-01-08 14:00:00,52.0,
,False,dress,GB,GB,2026-01-08 15:00:00,54.0,
,False,dress,GB,GB,2026-01-08 16:00:00,57.0,
,False,dress,GB,GB,2026-01-08 17:00:00,66.0,
,False,dress,GB,GB,2026-01-08 18:00:00,68.0,
,False,dress,GB,GB,2026-01-08 19:00:00,81.0,
,False,dress,GB,GB,2026-01-08 20:00:00,84.0,
,False,dress,GB,GB,2026-01-08 21:00:00,87.0,
,False,dress,GB,GB,2026-01-08 22:00:00,86.0,
,False,dress,GB,GB,2026-01-08 23:00:00,79.0,
,False,dress,GB,GB,2026-01-09 00:00:00,86.0,
,False,dress,GB,GB,2026-01-09 01:00:00,85.0,
,False,dress,GB,GB,2026-01-09 02:00:00,71.0,
,False,dress,GB,GB,2026-01-09 03:00:00,69.0,
,False,dress,GB,GB,2026-01-09 04:00:00,57.0,
,False,dress,GB,GB,2026-01-09 05:00:00,54.0,
,False,dress,GB,GB,2026-01-09 06:00:00,50.0,
,False,dress,GB,GB,2026-01-09 07:00:00,51.0,
,False,dress,GB,GB,2026-01-09 08:00:00,46.0,
,False,dress,GB,GB,2026-01-09 09:00:00,46.0,
,False,dress,GB,GB,2026-01-09 10:00:00,50.0,
,False,dress,GB,GB,2026-01-09 11:00:00,51.0,
,False,dress,GB,GB,2026-01-09 12:00:00,52.0,
,False,dress,GB,GB,2026-01-09 13:00:00,55.0,
,False,dress,GB,GB,2026-01-09 14:00:00,58.0,
,False,dress,GB,GB,2026-01-09 15:00:00,61.0,
,False,dress,GB,GB,2026-01-09 16:00:00,62.0,
,False,dress,GB,GB,2026-01-09 17:00:00,69.0,
,False,dress,GB,GB,2026-01-09 18:00:00,76.0,
,False,dress,GB,GB,2026-01-09 19:00:00,81.0,
,False,dress,GB,GB,2026-01-09 20:00:00,87.0,
,False,dress,GB,GB,2026-01-09 21:00:00,94.0,
,False,dress,GB,GB,2026-01-09 22:00:00,100.0,
,False,dress,GB,GB,2026-01-09 23:00:00,91.0,
,False,dress,GB,GB,2026-01-10 00:00:00,93.0,
,False,dress,GB,GB,2026-01-10 01:00:00,80.0,
,False,dress,GB,GB,2026-01-10 02:00:00,75.0,
,False,dress,GB,GB,2026-01-10 03:00:00,78.0,
,False,dress,GB,GB,2026-01-10 04:00:00,69.0,
,False,dress,GB,GB,2026-01-10 05:00:00,67.0,
,False,dress,GB,GB,2026-01-10 06:00:00,65.0,
,False,dress,GB,GB,2026-01-10 07:00:00,69.0,
,False,dress,GB,GB,2026-01-10 08:00:00,68.0,
,False,dress,GB,GB,2026-01-10 09:00:00,68.0,
,False,dress,GB,GB,2026-01-10 10:00:00,68.0,
,False,dress,GB,GB,2026-01-10 11:00:00,68.0,
,False,dress,GB,GB,2026-01-10 12:00:00,70.0,
,True,dress,GB,GB,2026-01-10 13:00:00,75.0,
,False,t-shirt,GB,GB,2026-01-03 13:00:00,,54.0
,False,t-shirt,GB,GB,2026-01-03 14:00:00,,58.0
,False,t-shirt,GB,GB,2026-01-03 15:00:00,,67.0
,False,t-shirt,GB,GB,2026-01-03 16:00:00,,61.0
,False,t-shirt,GB,GB,2026-01-03 17:00:00,,68.0
,False,t-shirt,GB,GB,2026-01-03 18:00:00,,77.0
,False,t-shirt,GB,GB,2026-01-03 19:00:00,,66.0
,False,t-shirt,GB,GB,2026-01-03 20:00:00,,68.0
,False,t-shirt,GB,GB,2026-01-03 21:00:00,,62.0
,False,t-shirt,GB,GB,2026-01-03 22:00:00,,72.0
,False,t-shirt,GB,GB,2026-01-03 23:00:00,,77.0
,False,t-shirt,GB,GB,2026-01-04 00:00:00,,72.0
,False,t-shirt,GB,GB,2026-01-04 01:00:00,,82.0
,False,t-shirt,GB,GB,2026-01-04 02:00:00,,48.0
,False,t-shirt,GB,GB,2026-01-04 03:00:00,,77.0
,False,t-shirt,GB,GB,2026-01-04 04:00:00,,58.0
,False,t-shirt,GB,GB,2026-01-04 05:00:00,,0.0
,False,t-shirt,GB,GB,2026-01-04 06:00:00,,70.0
,False,t-shirt,GB,GB,2026-01-04 07:00:00,,68.0
,False,t-shirt,GB,GB,2026-01-04 08:00:00,,61.0
,False,t-shirt,GB,GB,2026-01-04 09:00:00,,59.0
,False,t-shirt,GB,GB,2026-01-04 10:00:00,,61.0
,False,t-shirt,GB,GB,2026-01-04 11:00:00,,64.0
,False,t-shirt,GB,GB,2026-01-04 12:00:00,,60.0
,False,t-shirt,GB,GB,2026-01-04 13:00:00,,66.0
,False,t-shirt,GB,GB,2026-01-04 14:00:00,,56.0
,False,t-shirt,GB,GB,2026-01-04 15:00:00,,60.0
,False,t-shirt,GB,GB,2026-01-04 16:00:00,,57.0
,False,t-shirt,GB,GB,2026-01-04 17:00:00,,61.0
,False,t-shirt,GB,GB,2026-01-04 18:00:00,,72.0
,False,t-shirt,GB,GB,2026-01-04 19:00:00,,62.0
,False,t-shirt,GB,GB,2026-01-04 20:00:00,,82.0
,False,t-shirt,GB,GB,2026-01-04 21:00:00,,81.0
,False,t-shirt,GB,GB,2026-01-04 22:00:00,,67.0
,False,t-shirt,GB,GB,2026-01-04 23:00:00,,74.0
,False,t-shirt,GB,GB,2026-01-05 00:00:00,,89.0
,False,t-shirt,GB,GB,2026-01-05 01:00:00,,77.0
,False,t-shirt,GB,GB,2026-01-05 02:00:00,,81.0
,False,t-shirt,GB,GB,2026-01-05 03:00:00,,66.0
,False,t-shirt,GB,GB,2026-01-05 04:00:00,,63.0
,False,t-shirt,GB,GB,2026-01-05 05:00:00,,59.0
,False,t-shirt,GB,GB,2026-01-05 06:00:00,,26.0
,False,t-shirt,GB,GB,2026-01-05 07:00:00,,38.0
,False,t-shirt,GB,GB,2026-01-05 08:00:00,,32.0
,False,t-shirt,GB,GB,2026-01-05 09:00:00,,43.0
,False,t-shirt,GB,GB,2026-01-05 10:00:00,,44.0
,False,t-shirt,GB,GB,2026-01-05 11:00:00,,53.0
,False,t-shirt,GB,GB,2026-01-05 12:00:00,,47.0
,False,t-shirt,GB,GB,2026-01-05 13:00:00,,56.0
,False,t-shirt,GB,GB,2026-01-05 14:00:00,,55.0
,False,t-shirt,GB,GB,2026-01-05 15:00:00,,50.0
,False,t-shirt,GB,GB,2026-01-05 16:00:00,,60.0
,False,t-shirt,GB,GB,2026-01-05 17:00:00,,54.0
,False,t-shirt,GB,GB,2026-01-05 18:00:00,,45.0
,False,t-shirt,GB,GB,2026-01-05 19:00:00,,57.0
,False,t-shirt,GB,GB,2026-01-05 20:00:00,,67.0
,False,t-shirt,GB,GB,2026-01-05 21:00:00,,74.0
,False,t-shirt,GB,GB,2026-01-05 22:00:00,,79.0
,False,t-shirt,GB,GB,2026-01-05 23:00:00,,68.0
,False,t-shirt,GB,GB,2026-01-06 00:00:00,,77.0
,False,t-shirt,GB,GB,2026-01-06 01:00:00,,86.0
,False,t-shirt,GB,GB,2026-01-06 02:00:00,,82.0
,False,t-shirt,GB,GB,2026-01-06 03:00:00,,68.0
,False,t-shirt,GB,GB,2026-01-06 04:00:00,,0.0
,False,t-shirt,GB,GB,2026-01-06 05:00:00,,42.0
,False,t-shirt,GB,GB,2026-01-06 06:00:00,,41.0
,False,t-shirt,GB,GB,2026-01-06 07:00:00,,45.0
,False,t-shirt,GB,GB,2026-01-06 08:00:00,,42.0
,False,t-shirt,GB,GB,2026-01-06 09:00:00,,45.0
,False,t-shirt,GB,GB,2026-01-06 10:00:00,,44.0
,False,t-shirt,GB,GB,2026-01-06 11:00:00,,46.0
,False,t-shirt,GB,GB,2026-01-06 12:00:00,,53.0
,False,t-shirt,GB,GB,2026-01-06 13:00:00,,56.0
,False,t-shirt,GB,GB,2026-01-06 14:00:00,,49.0
,False,t-shirt,GB,GB,2026-01-06 15:00:00,,49.0
,False,t-shirt,GB,GB,2026-01-06 16:00:00,,52.0
,False,t-shirt,GB,GB,2026-01-06 17:00:00,,55.0
,False,t-shirt,GB,GB,2026-01-06 18:00:00,,55.0
,False,t-shirt,GB,GB,2026-01-06 19:00:00,,67.0
,False,t-shirt,GB,GB,2026-01-06 20:00:00,,61.0
,False,t-shirt,GB,GB,2026-01-06 21:00:00,,74.0
,False,t-shirt,GB,GB,2026-01-06 22:00:00,,77.0
,False,t-shirt,GB,GB,2026-01-06 23:00:00,,76.0
,False,t-shirt,GB,GB,2026-01-07 00:00:00,,68.0
,False,t-shirt,GB,GB,2026-01-07 01:00:00,,74.0
,False,t-shirt,GB,GB,2026-01-07 02:00:00,,84.0
,False,t-shirt,GB,GB,2026-01-07 03:00:00,,73.0
,False,t-shirt,GB,GB,2026-01-07 04:00:00,,76.0
,False,t-shirt,GB,GB,2026-01-07 05:00:00,,78.0
,False,t-shirt,GB,GB,2026-01-07 06:00:00,,30.0
,False,t-shirt,GB,GB,2026-01-07 07:00:00,,45.0
,False,t-shirt,GB,GB,2026-01-07 08:00:00,,45.0
,False,t-shirt,GB,GB,2026-01-07 09:00:00,,41.0
,False,t-shirt,GB,GB,2026-01-07 10:00:00,,49.0
,False,t-shirt,GB,GB,2026-01-07 11:00:00,,53.0
,False,t-shirt,GB,GB,2026-01-07 12:00:00,,52.0
,False,t-shirt,GB,GB,2026-01-07 13:00:00,,53.0
,False,t-shirt,GB,GB,2026-01-07 14:00:00,,52.0
,False,t-shirt,GB,GB,2026-01-07 15:00:00,,58.0
,False,t-shirt,GB,GB,2026-01-07 16:00:00,,48.0
,False,t-shirt,GB,GB,2026-01-07 17:00:00,,53.0
,False,t-shirt,GB,GB,2026-01-07 18:00:00,,60.0
,False,t-shirt,GB,GB,2026-01-07 19:00:00,,61.0
,False,t-shirt,GB,GB,2026-01-07 20:00:00,,61.0
,False,t-shirt,GB,GB,2026-01-07 21:00:00,,67.0
,False,t-shirt,GB,GB,2026-01-07 22:00:00,,66.0
,False,t-shirt,GB,GB,2026-01-07 23:00:00,,74.0
,False,t-shirt,GB,GB,2026-01-08 00:00:00,,80.0
,False,t-shirt,GB,GB,2026-01-08 01:00:00,,58.0
,False,t-shirt,GB,GB,2026-01-08 02:00:00,,75.0
,False,t-shirt,GB,GB,2026-01-08 03:00:00,,43.0
,False,t-shirt,GB,GB,2026-01-08 04:00:00,,45.0
,False,t-shirt,GB,GB,2026-01-08 05:00:00,,41.0
,False,t-shirt,GB,GB,2026-01-08 06:00:00,,54.0
,False,t-shirt,GB,GB,2026-01-08 07:00:00,,40.0
,False,t-shirt,GB,GB,2026-01-08 08:00:00,,36.0
,False,t-shirt,GB,GB,2026-01-08 09:00:00,,38.0
,False,t-shirt,GB,GB,2026-01-08 10:00:00,,52.0
,False,t-shirt,GB,GB,2026-01-08 11:00:00,,52.0
,False,t-shirt,GB,GB,2026-01-08 12:00:00,,51.0
,False,t-shirt,GB,GB,2026-01-08 13:00:00,,55.0
,False,t-shirt,GB,GB,2026-01-08 14:00:00,,50.0
,False,t-shirt,GB,GB,2026-01-08 15:00:00,,56.0
,False,t-shirt,GB,GB,2026-01-08 16:00:00,,57.0
,False,t-shirt,GB,GB,2026-01-08 17:00:00,,56.0
,False,t-shirt,GB,GB,2026-01-08 18:00:00,,61.0
,False,t-shirt,GB,GB,2026-01-08 19:00:00,,63.0
,False,t-shirt,GB,GB,2026-01-08 20:00:00,,63.0
,False,t-shirt,GB,GB,2026-01-08 21:00:00,,68.0
,False,t-shirt,GB,GB,2026-01-08 22:00:00,,75.0
,False,t-shirt,GB,GB,2026-01-08 23:00:00,,70.0
,False,t-shirt,GB,GB,2026-01-09 00:00:00,,85.0
,False,t-shirt,GB,GB,2026-01-09 01:00:00,,61.0
,False,t-shirt,GB,GB,2026-01-09 02:00:00,,74.0
,False,t-shirt,GB,GB,2026-01-09 03:00:00,,64.0
,False,t-shirt,GB,GB,2026-01-09 04:00:00,,0.0
,False,t-shirt,GB,GB,2026-01-09 05:00:00,,49.0
,False,t-shirt,GB,GB,2026-01-09 06:00:00,,35.0
,False,t-shirt,GB,GB,2026-01-09 07:00:00,,41.0
,False,t-shirt,GB,GB,2026-01-09 08:00:00,,37.0
,False,t-shirt,GB,GB,2026-01-09 09:00:00,,46.0
,False,t-shirt,GB,GB,2026-01-09 10:00:00,,50.0
,False,t-shirt,GB,GB,2026-01-09 11:00:00,,59.0
,False,t-shirt,GB,GB,2026-01-09 12:00:00,,56.0
,False,t-shirt,GB,GB,2026-01-09 13:00:00,,52.0
,False,t-shirt,GB,GB,2026-01-09 14:00:00,,56.0
,False,t-shirt,GB,GB,2026-01-09 15:00:00,,51.0
,False,t-shirt,GB,GB,2026-01-09 16:00:00,,55.0
,False,t-shirt,GB,GB,2026-01-09 17:00:00,,63.0
,False,t-shirt,GB,GB,2026-01-09 18:00:00,,61.0
,False,t-shirt,GB,GB,2026-01-09 19:00:00,,62.0
,False,t-shirt,GB,GB,2026-01-09 20:00:00,,78.0
,False,t-shirt,GB,GB,2026-01-09 21:00:00,,72.0
,False,t-shirt,GB,GB,2026-01-09 22:00:00,,80.0
,False,t-shirt,GB,GB,2026-01-09 23:00:00,,99.0
,False,t-shirt,GB,GB,2026-01-10 00:00:00,,100.0
,False,t-shirt,GB,GB,2026-01-10 01:00:00,,72.0
,False,t-shirt,GB,GB,2026-01-10 02:00:00,,67.0
,False,t-shirt,GB,GB,2026-01-10 03:00:00,,53.0
,False,t-shirt,GB,GB,2026-01-10 04:00:00,,77.0
,False,t-shirt,GB,GB,2026-01-10 05:00:00,,46.0
,False,t-shirt,GB,GB,2026-01-10 06:00:00,,67.0
,False,t-shirt,GB,GB,2026-01-10 07:00:00,,52.0
,False,t-shirt,GB,GB,2026-01-10 08:00:00,,57.0
,False,t-shirt,GB,GB,2026-01-10 09:00:00,,56.0
,False,t-shirt,GB,GB,2026-01-10 10:00:00,,56.0
,False,t-shirt,GB,GB,2026-01-10 11:00:00,,71.0
,False,t-shirt,GB,GB,2026-01-10 12:00:00,,58.0
,True,t-shirt,GB,GB,2026-01-10 13:00:00,,67.0
52.0,False,pant,DE,DE,2026-01-03 13:00:00,,
49.0,False,pant,DE,DE,2026-01-03 14:00:00,,
57.0,False,pant,DE,DE,2026-01-03 15:00:00,,
43.0,False,pant,DE,DE,2026-01-03 16:00:00,,
48.0,False,pant,DE,DE,2026-01-03 17:00:00,,
44.0,False,pant,DE,DE,2026-01-03 18:00:00,,
39.0,False,pant,DE,DE,2026-01-03 19:00:00,,
39.0,False,pant,DE,DE,2026-01-03 20:00:00,,
45.0,False,pant,DE,DE,2026-01-03 21:00:00,,
59.0,False,pant,DE,DE,2026-01-03 22:00:00,,
44.0,False,pant,DE,DE,2026-01-03 23:00:00,,
44.0,False,pant,DE,DE,2026-01-04 00:00:00,,
0.0,False,pant,DE,DE,2026-01-04 01:00:00,,
0.0,False,pant,DE,DE,2026-01-04 02:00:00,,
0.0,False,pant,DE,DE,2026-01-04 03:00:00,,
0.0,False,pant,DE,DE,2026-01-04 04:00:00,,
0.0,False,pant,DE,DE,2026-01-04 05:00:00,,
0.0,False,pant,DE,DE,2026-01-04 06:00:00,,
25.0,False,pant,DE,DE,2026-01-04 07:00:00,,
38.0,False,pant,DE,DE,2026-01-04 08:00:00,,
35.0,False,pant,DE,DE,2026-01-04 09:00:00,,
40.0,False,pant,DE,DE,2026-01-04 10:00:00,,
37.0,False,pant,DE,DE,2026-01-04 11:00:00,,
44.0,False,pant,DE,DE,2026-01-04 12:00:00,,
38.0,False,pant,DE,DE,2026-01-04 13:00:00,,
48.0,False,pant,DE,DE,2026-01-04 14:00:00,,
34.0,False,pant,DE,DE,2026-01-04 15:00:00,,
38.0,False,pant,DE,DE,2026-01-04 16:00:00,,
35.0,False,pant,DE,DE,2026-01-04 17:00:00,,
36.0,False,pant,DE,DE,2026-01-04 18:00:00,,
48.0,False,pant,DE,DE,2026-01-04 19:00:00,,
50.0,False,pant,DE,DE,2026-01-04 20:00:00,,
48.0,False,pant,DE,DE,2026-01-04 21:00:00,,
51.0,False,pant,DE,DE,2026-01-04 22:00:00,,
31.0,False,pant,DE,DE,2026-01-04 23:00:00,,
57.0,False,pant,DE,DE,2026-01-05 00:00:00,,
0.0,False,pant,DE,DE,2026-01-05 01:00:00,,
0.0,False,pant,DE,DE,2026-01-05 02:00:00,,
0.0,False,pant,DE,DE,2026-01-05 03:00:00,,
0.0,False,pant,DE,DE,2026-01-05 04:00:00,,
0.0,False,pant,DE,DE,2026-01-05 05:00:00,,
23.0,False,pant,DE,DE,2026-01-05 06:00:00,,
19.0,False,pant,DE,DE,2026-01-05 07:00:00,,
28.0,False,pant,DE,DE,2026-01-05 08:00:00,,
33.0,False,pant,DE,DE,2026-01-05 09:00:00,,
35.0,False,pant,DE,DE,2026-01-05 10:00:00,,
32.0,False,pant,DE,DE,2026-01-05 11:00:00,,
31.0,False,pant,DE,DE,2026-01-05 12:00:00,,
29.0,False,pant,DE,DE,2026-01-05 13:00:00,,
36.0,False,pant,DE,DE,2026-01-05 14:00:00,,
35.0,False,pant,DE,DE,2026-01-05 15:00:00,,
34.0,False,pant,DE,DE,2026-01-05 16:00:00,,
35.0,False,pant,DE,DE,2026-01-05 17:00:00,,
31.0,False,pant,DE,DE,2026-01-05 18:00:00,,
40.0,False,pant,DE,DE,2026-01-05 19:00:00,,
45.0,False,pant,DE,DE,2026-01-05 20:00:00,,
44.0,False,pant,DE,DE,2026-01-05 21:00:00,,
49.0,False,pant,DE,DE,2026-01-05 22:00:00,,
35.0,False,pant,DE,DE,2026-01-05 23:00:00,,
60.0,False,pant,DE,DE,2026-01-06 00:00:00,,
0.0,False,pant,DE,DE,2026-01-06 01:00:00,,
0.0,False,pant,DE,DE,2026-01-06 02:00:00,,
0.0,False,pant,DE,DE,2026-01-06 03:00:00,,
0.0,False,pant,DE,DE,2026-01-06 04:00:00,,
0.0,False,pant,DE,DE,2026-01-06 05:00:00,,
25.0,False,pant,DE,DE,2026-01-06 06:00:00,,
28.0,False,pant,DE,DE,2026-01-06 07:00:00,,
33.0,False,pant,DE,DE,2026-01-06 08:00:00,,
17.0,False,pant,DE,DE,2026-01-06 09:00:00,,
36.0,False,pant,DE,DE,2026-01-06 10:00:00,,
39.0,False,pant,DE,DE,2026-01-06 11:00:00,,
33.0,False,pant,DE,DE,2026-01-06 12:00:00,,
33.0,False,pant,DE,DE,2026-01-06 13:00:00,,
28.0,False,pant,DE,DE,2026-01-06 14:00:00,,
34.0,False,pant,DE,DE,2026-01-06 15:00:00,,
32.0,False,pant,DE,DE,2026-01-06 16:00:00,,
35.0,False,pant,DE,DE,2026-01-06 17:00:00,,
31.0,False,pant,DE,DE,2026-01-06 18:00:00,,
35.0,False,pant,DE,DE,2026-01-06 19:00:00,,
37.0,False,pant,DE,DE,2026-01-06 20:00:00,,
49.0,False,pant,DE,DE,2026-01-06 21:00:00,,
42.0,False,pant,DE,DE,2026-01-06 22:00:00,,
44.0,False,pant,DE,DE,2026-01-06 23:00:00,,
63.0,False,pant,DE,DE,2026-01-07 00:00:00,,
0.0,False,pant,DE,DE,2026-01-07 01:00:00,,
0.0,False,pant,DE,DE,2026-01-07 02:00:00,,
0.0,False,pant,DE,DE,2026-01-07 03:00:00,,
60.0,False,pant,DE,DE,2026-01-07 04:00:00,,
31.0,False,pant,DE,DE,2026-01-07 05:00:00,,
36.0,False,pant,DE,DE,2026-01-07 06:00:00,,
25.0,False,pant,DE,DE,2026-01-07 07:00:00,,
13.0,False,pant,DE,DE,2026-01-07 08:00:00,,
26.0,False,pant,DE,DE,2026-01-07 09:00:00,,
29.0,False,pant,DE,DE,2026-01-07 10:00:00,,
28.0,False,pant,DE,DE,2026-01-07 11:00:00,,
28.0,False,pant,DE,DE,2026-01-07 12:00:00,,
27.0,False,pant,DE,DE,2026-01-07 13:00:00,,
32.0,False,pant,DE,DE,2026-01-07 14:00:00,,
32.0,False,pant,DE,DE,2026-01-07 15:00:00,,
34.0,False,pant,DE,DE,2026-01-07 16:00:00,,
34.0,False,pant,DE,DE,2026-01-07 17:00:00,,
31.0,False,pant,DE,DE,2026-01-07 18:00:00,,
36.0,False,pant,DE,DE,2026-01-07 19:00:00,,
41.0,False,pant,DE,DE,2026-01-07 20:00:00,,
46.0,False,pant,DE,DE,2026-01-07 21:00:00,,
36.0,False,pant,DE,DE,2026-01-07 22:00:00,,
56.0,False,pant,DE,DE,2026-01-07 23:00:00,,
0.0,False,pant,DE,DE,2026-01-08 00:00:00,,
0.0,False,pant,DE,DE,2026-01-08 01:00:00,,
0.0,False,pant,DE,DE,2026-01-08 02:00:00,,
100.0,False,pant,DE,DE,2026-01-08 03:00:00,,
0.0,False,pant,DE,DE,2026-01-08 04:00:00,,
31.0,False,pant,DE,DE,2026-01-08 05:00:00,,
26.0,False,pant,DE,DE,2026-01-08 06:00:00,,
29.0,False,pant,DE,DE,2026-01-08 07:00:00,,
20.0,False,pant,DE,DE,2026-01-08 08:00:00,,
22.0,False,pant,DE,DE,2026-01-08 09:00:00,,
25.0,False,pant,DE,DE,2026-01-08 10:00:00,,
22.0,False,pant,DE,DE,2026-01-08 11:00:00,,
28.0,False,pant,DE,DE,2026-01-08 12:00:00,,
23.0,False,pant,DE,DE,2026-01-08 13:00:00,,
35.0,False,pant,DE,DE,2026-01-08 14:00:00,,
27.0,False,pant,DE,DE,2026-01-08 15:00:00,,
34.0,False,pant,DE,DE,2026-01-08 16:00:00,,
30.0,False,pant,DE,DE,2026-01-08 17:00:00,,
37.0,False,pant,DE,DE,2026-01-08 18:00:00,,
39.0,False,pant,DE,DE,2026-01-08 19:00:00,,
31.0,False,pant,DE,DE,2026-01-08 20:00:00,,
41.0,False,pant,DE,DE,2026-01-08 21:00:00,,
36.0,False,pant,DE,DE,2026-01-08 22:00:00,,
52.0,False,pant,DE,DE,2026-01-08 23:00:00,,
0.0,False,pant,DE,DE,2026-01-09 00:00:00,,
0.0,False,pant,DE,DE,2026-01-09 01:00:00,,
0.0,False,pant,DE,DE,2026-01-09 02:00:00,,
0.0,False,pant,DE,DE,2026-01-09 03:00:00,,
0.0,False,pant,DE,DE,2026-01-09 04:00:00,,
0.0,False,pant,DE,DE,2026-01-09 05:00:00,,
20.0,False,pant,DE,DE,2026-01-09 06:00:00,,
18.0,False,pant,DE,DE,2026-01-09 07:00:00,,
19.0,False,pant,DE,DE,2026-01-09 08:00:00,,
32.0,False,pant,DE,DE,2026-01-09 09:00:00,,
33.0,False,pant,DE,DE,2026-01-09 10:00:00,,
26.0,False,pant,DE,DE,2026-01-09 11:00:00,,
32.0,False,pant,DE,DE,2026-01-09 12:00:00,,
40.0,False,pant,DE,DE,2026-01-09 13:00:00,,
27.0,False,pant,DE,DE,2026-01-09 14:00:00,,
35.0,False,pant,DE,DE,2026-01-09 15:00:00,,
43.0,False,pant,DE,DE,2026-01-09 16:00:00,,
34.0,False,pant,DE,DE,2026-01-09 17:00:00,,
28.0,False,pant,DE,DE,2026-01-09 18:00:00,,
30.0,False,pant,DE,DE,2026-01-09 19:00:00,,
33.0,False,pant,DE,DE,2026-01-09 20:00:00,,
42.0,False,pant,DE,DE,2026-01-09 21:00:00,,
40.0,False,pant,DE,DE,2026-01-09 22:00:00,,
38.0,False,pant,DE,DE,2026-01-09 23:00:00,,
42.0,False,pant,DE,DE,2026-01-10 00:00:00,,
0.0,False,pant,DE,DE,2026-01-10 01:00:00,,
0.0,False,pant,DE,DE,2026-01-10 02:00:00,,
0.0,False,pant,DE,DE,2026-01-10 03:00:00,,
0.0,False,pant,DE,DE,2026-01-10 04:00:00,,
0.0,False,pant,DE,DE,2026-01-10 05:00:00,,
34.0,False,pant,DE,DE,2026-01-10 06:00:00,,
31.0,False,pant,DE,DE,2026-01-10 07:00:00,,
32.0,False,pant,DE,DE,2026-01-10 08:00:00,,
43.0,False,pant,DE,DE,2026-01-10 09:00:00,,
35.0,False,pant,DE,DE,2026-01-10 10:00:00,,
42.0,False,pant,DE,DE,2026-01-10 11:00:00,,
43.0,False,pant,DE,DE,2026-01-10 12:00:00,,
63.0,True,pant,DE,DE,2026-01-10 13:00:00,,
,False,dress,DE,DE,2026-01-03 13:00:00,43.0,
,False,dress,DE,DE,2026-01-03 14:00:00,41.0,
,False,dress,DE,DE,2026-01-03 15:00:00,44.0,
,False,dress,DE,DE,2026-01-03 16:00:00,49.0,
,False,dress,DE,DE,2026-01-03 17:00:00,46.0,
,False,dress,DE,DE,2026-01-03 18:00:00,45.0,
,False,dress,DE,DE,2026-01-03 19:00:00,48.0,
,False,dress,DE,DE,2026-01-03 20:00:00,53.0,
,False,dress,DE,DE,2026-01-03 21:00:00,58.0,
,False,dress,DE,DE,2026-01-03 22:00:00,61.0,
,False,dress,DE,DE,2026-01-03 23:00:00,82.0,
,False,dress,DE,DE,2026-01-04 00:00:00,87.0,
,False,dress,DE,DE,2026-01-04 01:00:00,82.0,
,False,dress,DE,DE,2026-01-04 02:00:00,92.0,
,False,dress,DE,DE,2026-01-04 03:00:00,84.0,
,False,dress,DE,DE,2026-01-04 04:00:00,63.0,
,False,dress,DE,DE,2026-01-04 05:00:00,63.0,
,False,dress,DE,DE,2026-01-04 06:00:00,42.0,
,False,dress,DE,DE,2026-01-04 07:00:00,34.0,
,False,dress,DE,DE,2026-01-04 08:00:00,35.0,
,False,dress,DE,DE,2026-01-04 09:00:00,36.0,
,False,dress,DE,DE,2026-01-04 10:00:00,37.0,
,False,dress,DE,DE,2026-01-04 11:00:00,42.0,
,False,dress,DE,DE,2026-01-04 12:00:00,48.0,
,False,dress,DE,DE,2026-01-04 13:00:00,44.0,
,False,dress,DE,DE,2026-01-04 14:00:00,50.0,
,False,dress,DE,DE,2026-01-04 15:00:00,48.0,
,False,dress,DE,DE,2026-01-04 16:00:00,45.0,
,False,dress,DE,DE,2026-01-04 17:00:00,48.0,
,False,dress,DE,DE,2026-01-04 18:00:00,51.0,
,False,dress,DE,DE,2026-01-04 19:00:00,53.0,
,False,dress,DE,DE,2026-01-04 20:00:00,58.0,
,False,dress,DE,DE,2026-01-04 21:00:00,58.0,
,False,dress,DE,DE,2026-01-04 22:00:00,76.0,
,False,dress,DE,DE,2026-01-04 23:00:00,79.0,
,False,dress,DE,DE,2026-01-05 00:00:00,77.0,
,False,dress,DE,DE,2026-01-05 01:00:00,100.0,
,False,dress,DE,DE,2026-01-05 02:00:00,95.0,
,False,dress,DE,DE,2026-01-05 03:00:00,89.0,
,False,dress,DE,DE,2026-01-05 04:00:00,62.0,
,False,dress,DE,DE,2026-01-05 05:00:00,42.0,
,False,dress,DE,DE,2026-01-05 06:00:00,29.0,
,False,dress,DE,DE,2026-01-05 07:00:00,25.0,
,False,dress,DE,DE,2026-01-05 08:00:00,24.0,
,False,dress,DE,DE,2026-01-05 09:00:00,26.0,
,False,dress,DE,DE,2026-01-05 10:00:00,31.0,
,False,dress,DE,DE,2026-01-05 11:00:00,33.0,
,False,dress,DE,DE,2026-01-05 12:00:00,36.0,
,False,dress,DE,DE,2026-01-05 13:00:00,36.0,
,False,dress,DE,DE,2026-01-05 14:00:00,36.0,
,False,dress,DE,DE,2026-01-05 15:00:00,38.0,
,False,dress,DE,DE,2026-01-05 16:00:00,43.0,
,False,dress,DE,DE,2026-01-05 17:00:00,44.0,
,False,dress,DE,DE,2026-01-05 18:00:00,43.0,
,False,dress,DE,DE,2026-01-05 19:00:00,45.0,
,False,dress,DE,DE,2026-01-05 20:00:00,51.0,
,False,dress,DE,DE,2026-01-05 21:00:00,65.0,
,False,dress,DE,DE,2026-01-05 22:00:00,73.0,
,False,dress,DE,DE,2026-01-05 23:00:00,76.0,
,False,dress,DE,DE,2026-01-06 00:00:00,91.0,
,False,dress,DE,DE,2026-01-06 01:00:00,95.0,
,False,dress,DE,DE,2026-01-06 02:00:00,91.0,
,False,dress,DE,DE,2026-01-06 03:00:00,96.0,
,False,dress,DE,DE,2026-01-06 04:00:00,44.0,
,False,dress,DE,DE,2026-01-06 05:00:00,37.0,
,False,dress,DE,DE,2026-01-06 06:00:00,29.0,
,False,dress,DE,DE,2026-01-06 07:00:00,27.0,
,False,dress,DE,DE,2026-01-06 08:00:00,27.0,
,False,dress,DE,DE,2026-01-06 09:00:00,31.0,
,False,dress,DE,DE,2026-01-06 10:00:00,36.0,
,False,dress,DE,DE,2026-01-06 11:00:00,34.0,
,False,dress,DE,DE,2026-01-06 12:00:00,39.0,
,False,dress,DE,DE,2026-01-06 13:00:00,40.0,
,False,dress,DE,DE,2026-01-06 14:00:00,36.0,
,False,dress,DE,DE,2026-01-06 15:00:00,36.0,
,False,dress,DE,DE,2026-01-06 16:00:00,37.0,
,False,dress,DE,DE,2026-01-06 17:00:00,48.0,
,False,dress,DE,DE,2026-01-06 18:00:00,41.0,
,False,dress,DE,DE,2026-01-06 19:00:00,45.0,
,False,dress,DE,DE,2026-01-06 20:00:00,49.0,
,False,dress,DE,DE,2026-01-06 21:00:00,55.0,
,False,dress,DE,DE,2026-01-06 22:00:00,80.0,
,False,dress,DE,DE,2026-01-06 23:00:00,88.0,
,False,dress,DE,DE,2026-01-07 00:00:00,82.0,
,False,dress,DE,DE,2026-01-07 01:00:00,92.0,
,False,dress,DE,DE,2026-01-07 02:00:00,84.0,
,False,dress,DE,DE,2026-01-07 03:00:00,55.0,
,False,dress,DE,DE,2026-01-07 04:00:00,42.0,
,False,dress,DE,DE,2026-01-07 05:00:00,32.0,
,False,dress,DE,DE,2026-01-07 06:00:00,29.0,
,False,dress,DE,DE,2026-01-07 07:00:00,23.0,
,False,dress,DE,DE,2026-01-07 08:00:00,25.0,
,False,dress,DE,DE,2026-01-07 09:00:00,28.0,
,False,dress,DE,DE,2026-01-07 10:00:00,30.0,
,False,dress,DE,DE,2026-01-07 11:00:00,29.0,
,False,dress,DE,DE,2026-01-07 12:00:00,29.0,
,False,dress,DE,DE,2026-01-07 13:00:00,33.0,
,False,dress,DE,DE,2026-01-07 14:00:00,34.0,
,False,dress,DE,DE,2026-01-07 15:00:00,36.0,
,False,dress,DE,DE,2026-01-07 16:00:00,37.0,
,False,dress,DE,DE,2026-01-07 17:00:00,41.0,
,False,dress,DE,DE,2026-01-07 18:00:00,46.0,
,False,dress,DE,DE,2026-01-07 19:00:00,40.0,
,False,dress,DE,DE,2026-01-07 20:00:00,48.0,
,False,dress,DE,DE,2026-01-07 21:00:00,60.0,
,False,dress,DE,DE,2026-01-07 22:00:00,60.0,
,False,dress,DE,DE,2026-01-07 23:00:00,87.0,
,False,dress,DE,DE,2026-01-08 00:00:00,82.0,
,False,dress,DE,DE,2026-01-08 01:00:00,76.0,
,False,dress,DE,DE,2026-01-08 02:00:00,78.0,
,False,dress,DE,DE,2026-01-08 03:00:00,70.0,
,False,dress,DE,DE,2026-01-08 04:00:00,31.0,
,False,dress,DE,DE,2026-01-08 05:00:00,30.0,
,False,dress,DE,DE,2026-01-08 06:00:00,23.0,
,False,dress,DE,DE,2026-01-08 07:00:00,23.0,
,False,dress,DE,DE,2026-01-08 08:00:00,28.0,
,False,dress,DE,DE,2026-01-08 09:00:00,29.0,
,False,dress,DE,DE,2026-01-08 10:00:00,32.0,
,False,dress,DE,DE,2026-01-08 11:00:00,30.0,
,False,dress,DE,DE,2026-01-08 12:00:00,33.0,
,False,dress,DE,DE,2026-01-08 13:00:00,30.0,
,False,dress,DE,DE,2026-01-08 14:00:00,34.0,
,False,dress,DE,DE,2026-01-08 15:00:00,36.0,
,False,dress,DE,DE,2026-01-08 16:00:00,36.0,
,False,dress,DE,DE,2026-01-08 17:00:00,39.0,
,False,dress,DE,DE,2026-01-08 18:00:00,41.0,
,False,dress,DE,DE,2026-01-08 19:00:00,40.0,
,False,dress,DE,DE,2026-01-08 20:00:00,45.0,
,False,dress,DE,DE,2026-01-08 21:00:00,55.0,
,False,dress,DE,DE,2026-01-08 22:00:00,67.0,
,False,dress,DE,DE,2026-01-08 23:00:00,76.0,
,False,dress,DE,DE,2026-01-09 00:00:00,81.0,
,False,dress,DE,DE,2026-01-09 01:00:00,74.0,
,False,dress,DE,DE,2026-01-09 02:00:00,80.0,
,False,dress,DE,DE,2026-01-09 03:00:00,65.0,
,False,dress,DE,DE,2026-01-09 04:00:00,28.0,
,False,dress,DE,DE,2026-01-09 05:00:00,22.0,
,False,dress,DE,DE,2026-01-09 06:00:00,27.0,
,False,dress,DE,DE,2026-01-09 07:00:00,25.0,
,False,dress,DE,DE,2026-01-09 08:00:00,22.0,
,False,dress,DE,DE,2026-01-09 09:00:00,31.0,
,False,dress,DE,DE,2026-01-09 10:00:00,33.0,
,False,dress,DE,DE,2026-01-09 11:00:00,30.0,
,False,dress,DE,DE,2026-01-09 12:00:00,38.0,
,False,dress,DE,DE,2026-01-09 13:00:00,40.0,
,False,dress,DE,DE,2026-01-09 14:00:00,41.0,
,False,dress,DE,DE,2026-01-09 15:00:00,42.0,
,False,dress,DE,DE,2026-01-09 16:00:00,40.0,
,False,dress,DE,DE,2026-01-09 17:00:00,45.0,
,False,dress,DE,DE,2026-01-09 18:00:00,48.0,
,False,dress,DE,DE,2026-01-09 19:00:00,45.0,
,False,dress,DE,DE,2026-01-09 20:00:00,52.0,
,False,dress,DE,DE,2026-01-09 21:00:00,53.0,
,False,dress,DE,DE,2026-01-09 22:00:00,62.0,
,False,dress,DE,DE,2026-01-09 23:00:00,79.0,
,False,dress,DE,DE,2026-01-10 00:00:00,87.0,
,False,dress,DE,DE,2026-01-10 01:00:00,90.0,
,False,dress,DE,DE,2026-01-10 02:00:00,74.0,
,False,dress,DE,DE,2026-01-10 03:00:00,50.0,
,False,dress,DE,DE,2026-01-10 04:00:00,64.0,
,False,dress,DE,DE,2026-01-10 05:00:00,42.0,
,False,dress,DE,DE,2026-01-10 06:00:00,31.0,
,False,dress,DE,DE,2026-01-10 07:00:00,33.0,
,False,dress,DE,DE,2026-01-10 08:00:00,34.0,
,False,dress,DE,DE,2026-01-10 09:00:00,37.0,
,False,dress,DE,DE,2026-01-10 10:00:00,43.0,
,False,dress,DE,DE,2026-01-10 11:00:00,48.0,
,False,dress,DE,DE,2026-01-10 12:00:00,44.0,
,True,dress,DE,DE,2026-01-10 13:00:00,48.0,
,False,t-shirt,DE,DE,2026-01-03 13:00:00,,49.0
,False,t-shirt,DE,DE,2026-01-03 14:00:00,,64.0
,False,t-shirt,DE,DE,2026-01-03 15:00:00,,55.0
,False,t-shirt,DE,DE,2026-01-03 16:00:00,,54.0
,False,t-shirt,DE,DE,2026-01-03 17:00:00,,54.0
,False,t-shirt,DE,DE,2026-01-03 18:00:00,,61.0
,False,t-shirt,DE,DE,2026-01-03 19:00:00,,57.0
,False,t-shirt,DE,DE,2026-01-03 20:00:00,,65.0
,False,t-shirt,DE,DE,2026-01-03 21:00:00,,54.0
,False,t-shirt,DE,DE,2026-01-03 22:00:00,,57.0
,False,t-shirt,DE,DE,2026-01-03 23:00:00,,55.0
,False,t-shirt,DE,DE,2026-01-04 00:00:00,,55.0
,False,t-shirt,DE,DE,2026-01-04 01:00:00,,64.0
,False,t-shirt,DE,DE,2026-01-04 02:00:00,,49.0
,False,t-shirt,DE,DE,2026-01-04 03:00:00,,38.0
,False,t-shirt,DE,DE,2026-01-04 04:00:00,,49.0
,False,t-shirt,DE,DE,2026-01-04 05:00:00,,56.0
,False,t-shirt,DE,DE,2026-01-04 06:00:00,,37.0
,False,t-shirt,DE,DE,2026-01-04 07:00:00,,47.0
,False,t-shirt,DE,DE,2026-01-04 08:00:00,,57.0
,False,t-shirt,DE,DE,2026-01-04 09:00:00,,59.0
,False,t-shirt,DE,DE,2026-01-04 10:00:00,,52.0
,False,t-shirt,DE,DE,2026-01-04 11:00:00,,59.0
,False,t-shirt,DE,DE,2026-01-04 12:00:00,,52.0
,False,t-shirt,DE,DE,2026-01-04 13:00:00,,59.0
,False,t-shirt,DE,DE,2026-01-04 14:00:00,,51.0
,False,t-shirt,DE,DE,2026-01-04 15:00:00,,59.0
,False,t-shirt,DE,DE,2026-01-04 16:00:00,,60.0
,False,t-shirt,DE,DE,2026-01-04 17:00:00,,63.0
,False,t-shirt,DE,DE,2026-01-04 18:00:00,,59.0
,False,t-shirt,DE,DE,2026-01-04 19:00:00,,62.0
,False,t-shirt,DE,DE,2026-01-04 20:00:00,,62.0
,False,t-shirt,DE,DE,2026-01-04 21:00:00,,65.0
,False,t-shirt,DE,DE,2026-01-04 22:00:00,,63.0
,False,t-shirt,DE,DE,2026-01-04 23:00:00,,73.0
,False,t-shirt,DE,DE,2026-01-05 00:00:00,,47.0
,False,t-shirt,DE,DE,2026-01-05 01:00:00,,42.0
,False,t-shirt,DE,DE,2026-01-05 02:00:00,,0.0
,False,t-shirt,DE,DE,2026-01-05 03:00:00,,44.0
,False,t-shirt,DE,DE,2026-01-05 04:00:00,,38.0
,False,t-shirt,DE,DE,2026-01-05 05:00:00,,40.0
,False,t-shirt,DE,DE,2026-01-05 06:00:00,,29.0
,False,t-shirt,DE,DE,2026-01-05 07:00:00,,31.0
,False,t-shirt,DE,DE,2026-01-05 08:00:00,,35.0
,False,t-shirt,DE,DE,2026-01-05 09:00:00,,36.0
,False,t-shirt,DE,DE,2026-01-05 10:00:00,,39.0
,False,t-shirt,DE,DE,2026-01-05 11:00:00,,41.0
,False,t-shirt,DE,DE,2026-01-05 12:00:00,,51.0
,False,t-shirt,DE,DE,2026-01-05 13:00:00,,45.0
,False,t-shirt,DE,DE,2026-01-05 14:00:00,,46.0
,False,t-shirt,DE,DE,2026-01-05 15:00:00,,54.0
,False,t-shirt,DE,DE,2026-01-05 16:00:00,,50.0
,False,t-shirt,DE,DE,2026-01-05 17:00:00,,53.0
,False,t-shirt,DE,DE,2026-01-05 18:00:00,,61.0
,False,t-shirt,DE,DE,2026-01-05 19:00:00,,58.0
,False,t-shirt,DE,DE,2026-01-05 20:00:00,,69.0
,False,t-shirt,DE,DE,2026-01-05 21:00:00,,69.0
,False,t-shirt,DE,DE,2026-01-05 22:00:00,,59.0
,False,t-shirt,DE,DE,2026-01-05 23:00:00,,64.0
,False,t-shirt,DE,DE,2026-01-06 00:00:00,,64.0
,False,t-shirt,DE,DE,2026-01-06 01:00:00,,37.0
,False,t-shirt,DE,DE,2026-01-06 02:00:00,,61.0
,False,t-shirt,DE,DE,2026-01-06 03:00:00,,61.0
,False,t-shirt,DE,DE,2026-01-06 04:00:00,,30.0
,False,t-shirt,DE,DE,2026-01-06 05:00:00,,41.0
,False,t-shirt,DE,DE,2026-01-06 06:00:00,,39.0
,False,t-shirt,DE,DE,2026-01-06 07:00:00,,36.0
,False,t-shirt,DE,DE,2026-01-06 08:00:00,,43.0
,False,t-shirt,DE,DE,2026-01-06 09:00:00,,44.0
,False,t-shirt,DE,DE,2026-01-06 10:00:00,,44.0
,False,t-shirt,DE,DE,2026-01-06 11:00:00,,48.0
,False,t-shirt,DE,DE,2026-01-06 12:00:00,,48.0
,False,t-shirt,DE,DE,2026-01-06 13:00:00,,48.0
,False,t-shirt,DE,DE,2026-01-06 14:00:00,,52.0
,False,t-shirt,DE,DE,2026-01-06 15:00:00,,52.0
,False,t-shirt,DE,DE,2026-01-06 16:00:00,,59.0
,False,t-shirt,DE,DE,2026-01-06 17:00:00,,53.0
,False,t-shirt,DE,DE,2026-01-06 18:00:00,,55.0
,False,t-shirt,DE,DE,2026-01-06 19:00:00,,69.0
,False,t-shirt,DE,DE,2026-01-06 20:00:00,,69.0
,False,t-shirt,DE,DE,2026-01-06 21:00:00,,61.0
,False,t-shirt,DE,DE,2026-01-06 22:00:00,,65.0
,False,t-shirt,DE,DE,2026-01-06 23:00:00,,53.0
,False,t-shirt,DE,DE,2026-01-07 00:00:00,,55.0
,False,t-shirt,DE,DE,2026-01-07 01:00:00,,59.0
,False,t-shirt,DE,DE,2026-01-07 02:00:00,,0.0
,False,t-shirt,DE,DE,2026-01-07 03:00:00,,57.0
,False,t-shirt,DE,DE,2026-01-07 04:00:00,,63.0
,False,t-shirt,DE,DE,2026-01-07 05:00:00,,33.0
,False,t-shirt,DE,DE,2026-01-07 06:00:00,,30.0
,False,t-shirt,DE,DE,2026-01-07 07:00:00,,37.0
,False,t-shirt,DE,DE,2026-01-07 08:00:00,,34.0
,False,t-shirt,DE,DE,2026-01-07 09:00:00,,35.0
,False,t-shirt,DE,DE,2026-01-07 10:00:00,,40.0
,False,t-shirt,DE,DE,2026-01-07 11:00:00,,41.0
,False,t-shirt,DE,DE,2026-01-07 12:00:00,,45.0
,False,t-shirt,DE,DE,2026-01-07 13:00:00,,46.0
,False,t-shirt,DE,DE,2026-01-07 14:00:00,,50.0
,False,t-shirt,DE,DE,2026-01-07 15:00:00,,50.0
,False,t-shirt,DE,DE,2026-01-07 16:00:00,,58.0
,False,t-shirt,DE,DE,2026-01-07 17:00:00,,56.0
,False,t-shirt,DE,DE,2026-01-07 18:00:00,,58.0
,False,t-shirt,DE,DE,2026-01-07 19:00:00,,64.0
,False,t-shirt,DE,DE,2026-01-07 20:00:00,,65.0
,False,t-shirt,DE,DE,2026-01-07 21:00:00,,65.0
,False,t-shirt,DE,DE,2026-01-07 22:00:00,,52.0
,False,t-shirt,DE,DE,2026-01-07 23:00:00,,67.0
,False,t-shirt,DE,DE,2026-01-08 00:00:00,,49.0
,False,t-shirt,DE,DE,2026-01-08 01:00:00,,43.0
,False,t-shirt,DE,DE,2026-01-08 02:00:00,,40.0
,False,t-shirt,DE,DE,2026-01-08 03:00:00,,58.0
,False,t-shirt,DE,DE,2026-01-08 04:00:00,,38.0
,False,t-shirt,DE,DE,2026-01-08 05:00:00,,36.0
,False,t-shirt,DE,DE,2026-01-08 06:00:00,,36.0
,False,t-shirt,DE,DE,2026-01-08 07:00:00,,36.0
,False,t-shirt,DE,DE,2026-01-08 08:00:00,,33.0
,False,t-shirt,DE,DE,2026-01-08 09:00:00,,38.0
,False,t-shirt,DE,DE,2026-01-08 10:00:00,,41.0
,False,t-shirt,DE,DE,2026-01-08 11:00:00,,38.0
,False,t-shirt,DE,DE,2026-01-08 12:00:00,,41.0
,False,t-shirt,DE,DE,2026-01-08 13:00:00,,44.0
,False,t-shirt,DE,DE,2026-01-08 14:00:00,,47.0
,False,t-shirt,DE,DE,2026-01-08 15:00:00,,50.0
,False,t-shirt,DE,DE,2026-01-08 16:00:00,,54.0
,False,t-shirt,DE,DE,2026-01-08 17:00:00,,53.0
,False,t-shirt,DE,DE,2026-01-08 18:00:00,,66.0
,False,t-shirt,DE,DE,2026-01-08 19:00:00,,61.0
,False,t-shirt,DE,DE,2026-01-08 20:00:00,,57.0
,False,t-shirt,DE,DE,2026-01-08 21:00:00,,60.0
,False,t-shirt,DE,DE,2026-01-08 22:00:00,,62.0
,False,t-shirt,DE,DE,2026-01-08 23:00:00,,58.0
,False,t-shirt,DE,DE,2026-01-09 00:00:00,,58.0
,False,t-shirt,DE,DE,2026-01-09 01:00:00,,50.0
,False,t-shirt,DE,DE,2026-01-09 02:00:00,,53.0
,False,t-shirt,DE,DE,2026-01-09 03:00:00,,59.0
,False,t-shirt,DE,DE,2026-01-09 04:00:00,,32.0
,False,t-shirt,DE,DE,2026-01-09 05:00:00,,31.0
,False,t-shirt,DE,DE,2026-01-09 06:00:00,,35.0
,False,t-shirt,DE,DE,2026-01-09 07:00:00,,39.0
,False,t-shirt,DE,DE,2026-01-09 08:00:00,,39.0
,False,t-shirt,DE,DE,2026-01-09 09:00:00,,39.0
,False,t-shirt,DE,DE,2026-01-09 10:00:00,,43.0
,False,t-shirt,DE,DE,2026-01-09 11:00:00,,44.0
,False,t-shirt,DE,DE,2026-01-09 12:00:00,,57.0
,False,t-shirt,DE,DE,2026-01-09 13:00:00,,52.0
,False,t-shirt,DE,DE,2026-01-09 14:00:00,,51.0
,False,t-shirt,DE,DE,2026-01-09 15:00:00,,56.0
,False,t-shirt,DE,DE,2026-01-09 16:00:00,,56.0
,False,t-shirt,DE,DE,2026-01-09 17:00:00,,60.0
,False,t-shirt,DE,DE,2026-01-09 18:00:00,,66.0
,False,t-shirt,DE,DE,2026-01-09 19:00:00,,64.0
,False,t-shirt,DE,DE,2026-01-09 20:00:00,,69.0
,False,t-shirt,DE,DE,2026-01-09 21:00:00,,56.0
,False,t-shirt,DE,DE,2026-01-09 22:00:00,,55.0
,False,t-shirt,DE,DE,2026-01-09 23:00:00,,62.0
,False,t-shirt,DE,DE,2026-01-10 00:00:00,,65.0
,False,t-shirt,DE,DE,2026-01-10 01:00:00,,42.0
,False,t-shirt,DE,DE,2026-01-10 02:00:00,,82.0
,False,t-shirt,DE,DE,2026-01-10 03:00:00,,0.0
,False,t-shirt,DE,DE,2026-01-10 04:00:00,,0.0
,False,t-shirt,DE,DE,2026-01-10 05:00:00,,100.0
,False,t-shirt,DE,DE,2026-01-10 06:00:00,,47.0
,False,t-shirt,DE,DE,2026-01-10 07:00:00,,56.0
,False,t-shirt,DE,DE,2026-01-10 08:00:00,,50.0
,False,t-shirt,DE,DE,2026-01-10 09:00:00,,62.0
,False,t-shirt,DE,DE,2026-01-10 10:00:00,,61.0
,False,t-shirt,DE,DE,2026-01-10 11:00:00,,66.0
,False,t-shirt,DE,DE,2026-01-10 12:00:00,,64.0
,True,t-shirt,DE,DE,2026-01-10 13:00:00,,65.0
57.0,False,pant,FR,FR,2026-01-03 14:00:00,,
52.0,False,pant,FR,FR,2026-01-03 15:00:00,,
48.0,False,pant,FR,FR,2026-01-03 16:00:00,,
40.0,False,pant,FR,FR,2026-01-03 17:00:00,,
40.0,False,pant,FR,FR,2026-01-03 18:00:00,,
31.0,False,pant,FR,FR,2026-01-03 19:00:00,,
39.0,False,pant,FR,FR,2026-01-03 20:00:00,,
44.0,False,pant,FR,FR,2026-01-03 21:00:00,,
38.0,False,pant,FR,FR,2026-01-03 22:00:00,,
19.0,False,pant,FR,FR,2026-01-03 23:00:00,,
37.0,False,pant,FR,FR,2026-01-04 00:00:00,,
63.0,False,pant,FR,FR,2026-01-04 01:00:00,,
0.0,False,pant,FR,FR,2026-01-04 02:00:00,,
0.0,False,pant,FR,FR,2026-01-04 03:00:00,,
0.0,False,pant,FR,FR,2026-01-04 04:00:00,,
76.0,False,pant,FR,FR,2026-01-04 05:00:00,,
53.0,False,pant,FR,FR,2026-01-04 06:00:00,,
49.0,False,pant,FR,FR,2026-01-04 07:00:00,,
36.0,False,pant,FR,FR,2026-01-04 08:00:00,,
52.0,False,pant,FR,FR,2026-01-04 09:00:00,,
35.0,False,pant,FR,FR,2026-01-04 10:00:00,,
41.0,False,pant,FR,FR,2026-01-04 11:00:00,,
34.0,False,pant,FR,FR,2026-01-04 12:00:00,,
40.0,False,pant,FR,FR,2026-01-04 13:00:00,,
40.0,False,pant,FR,FR,2026-01-04 14:00:00,,
39.0,False,pant,FR,FR,2026-01-04 15:00:00,,
39.0,False,pant,FR,FR,2026-01-04 16:00:00,,
47.0,False,pant,FR,FR,2026-01-04 17:00:00,,
40.0,False,pant,FR,FR,2026-01-04 18:00:00,,
38.0,False,pant,FR,FR,2026-01-04 19:00:00,,
36.0,False,pant,FR,FR,2026-01-04 20:00:00,,
42.0,False,pant,FR,FR,2026-01-04 21:00:00,,
49.0,False,pant,FR,FR,2026-01-04 22:00:00,,
47.0,False,pant,FR,FR,2026-01-04 23:00:00,,
49.0,False,pant,FR,FR,2026-01-05 00:00:00,,
100.0,False,pant,FR,FR,2026-01-05 01:00:00,,
93.0,False,pant,FR,FR,2026-01-05 02:00:00,,
0.0,False,pant,FR,FR,2026-01-05 03:00:00,,
0.0,False,pant,FR,FR,2026-01-05 04:00:00,,
44.0,False,pant,FR,FR,2026-01-05 05:00:00,,
21.0,False,pant,FR,FR,2026-01-05 06:00:00,,
21.0,False,pant,FR,FR,2026-01-05 07:00:00,,
22.0,False,pant,FR,FR,2026-01-05 08:00:00,,
29.0,False,pant,FR,FR,2026-01-05 09:00:00,,
25.0,False,pant,FR,FR,2026-01-05 10:00:00,,
38.0,False,pant,FR,FR,2026-01-05 11:00:00,,
20.0,False,pant,FR,FR,2026-01-05 12:00:00,,
35.0,False,pant,FR,FR,2026-01-05 13:00:00,,
39.0,False,pant,FR,FR,2026-01-05 14:00:00,,
42.0,False,pant,FR,FR,2026-01-05 15:00:00,,
38.0,False,pant,FR,FR,2026-01-05 16:00:00,,
44.0,False,pant,FR,FR,2026-01-05 17:00:00,,
32.0,False,pant,FR,FR,2026-01-05 18:00:00,,
37.0,False,pant,FR,FR,2026-01-05 19:00:00,,
35.0,False,pant,FR,FR,2026-01-05 20:00:00,,
43.0,False,pant,FR,FR,2026-01-05 21:00:00,,
36.0,False,pant,FR,FR,2026-01-05 22:00:00,,
66.0,False,pant,FR,FR,2026-01-05 23:00:00,,
91.0,False,pant,FR,FR,2026-01-06 00:00:00,,
0.0,False,pant,FR,FR,2026-01-06 01:00:00,,
0.0,False,pant,FR,FR,2026-01-06 02:00:00,,
0.0,False,pant,FR,FR,2026-01-06 03:00:00,,
87.0,False,pant,FR,FR,2026-01-06 04:00:00,,
0.0,False,pant,FR,FR,2026-01-06 05:00:00,,
37.0,False,pant,FR,FR,2026-01-06 06:00:00,,
21.0,False,pant,FR,FR,2026-01-06 07:00:00,,
25.0,False,pant,FR,FR,2026-01-06 08:00:00,,
25.0,False,pant,FR,FR,2026-01-06 09:00:00,,
28.0,False,pant,FR,FR,2026-01-06 10:00:00,,
34.0,False,pant,FR,FR,2026-01-06 11:00:00,,
41.0,False,pant,FR,FR,2026-01-06 12:00:00,,
26.0,False,pant,FR,FR,2026-01-06 13:00:00,,
27.0,False,pant,FR,FR,2026-01-06 14:00:00,,
35.0,False,pant,FR,FR,2026-01-06 15:00:00,,
37.0,False,pant,FR,FR,2026-01-06 16:00:00,,
34.0,False,pant,FR,FR,2026-01-06 17:00:00,,
29.0,False,pant,FR,FR,2026-01-06 18:00:00,,
29.0,False,pant,FR,FR,2026-01-06 19:00:00,,
42.0,False,pant,FR,FR,2026-01-06 20:00:00,,
50.0,False,pant,FR,FR,2026-01-06 21:00:00,,
43.0,False,pant,FR,FR,2026-01-06 22:00:00,,
93.0,False,pant,FR,FR,2026-01-06 23:00:00,,
49.0,False,pant,FR,FR,2026-01-07 00:00:00,,
80.0,False,pant,FR,FR,2026-01-07 01:00:00,,
0.0,False,pant,FR,FR,2026-01-07 02:00:00,,
0.0,False,pant,FR,FR,2026-01-07 03:00:00,,
0.0,False,pant,FR,FR,2026-01-07 04:00:00,,
0.0,False,pant,FR,FR,2026-01-07 05:00:00,,
53.0,False,pant,FR,FR,2026-01-07 06:00:00,,
40.0,False,pant,FR,FR,2026-01-07 07:00:00,,
51.0,False,pant,FR,FR,2026-01-07 08:00:00,,
46.0,False,pant,FR,FR,2026-01-07 09:00:00,,
49.0,False,pant,FR,FR,2026-01-07 10:00:00,,
49.0,False,pant,FR,FR,2026-01-07 11:00:00,,
49.0,False,pant,FR,FR,2026-01-07 12:00:00,,
55.0,False,pant,FR,FR,2026-01-07 13:00:00,,
50.0,False,pant,FR,FR,2026-01-07 14:00:00,,
51.0,False,pant,FR,FR,2026-01-07 15:00:00,,
45.0,False,pant,FR,FR,2026-01-07 16:00:00,,
55.0,False,pant,FR,FR,2026-01-07 17:00:00,,
48.0,False,pant,FR,FR,2026-01-07 18:00:00,,
39.0,False,pant,FR,FR,2026-01-07 19:00:00,,
63.0,False,pant,FR,FR,2026-01-07 20:00:00,,
91.0,False,pant,FR,FR,2026-01-07 21:00:00,,
56.0,False,pant,FR,FR,2026-01-07 22:00:00,,
85.0,False,pant,FR,FR,2026-01-07 23:00:00,,
69.0,False,pant,FR,FR,2026-01-08 00:00:00,,
0.0,False,pant,FR,FR,2026-01-08 01:00:00,,
0.0,False,pant,FR,FR,2026-01-08 02:00:00,,
0.0,False,pant,FR,FR,2026-01-08 03:00:00,,
0.0,False,pant,FR,FR,2026-01-08 04:00:00,,
44.0,False,pant,FR,FR,2026-01-08 05:00:00,,
29.0,False,pant,FR,FR,2026-01-08 06:00:00,,
24.0,False,pant,FR,FR,2026-01-08 07:00:00,,
28.0,False,pant,FR,FR,2026-01-08 08:00:00,,
37.0,False,pant,FR,FR,2026-01-08 09:00:00,,
34.0,False,pant,FR,FR,2026-01-08 10:00:00,,
43.0,False,pant,FR,FR,2026-01-08 11:00:00,,
42.0,False,pant,FR,FR,2026-01-08 12:00:00,,
38.0,False,pant,FR,FR,2026-01-08 13:00:00,,
32.0,False,pant,FR,FR,2026-01-08 14:00:00,,
40.0,False,pant,FR,FR,2026-01-08 15:00:00,,
33.0,False,pant,FR,FR,2026-01-08 16:00:00,,
47.0,False,pant,FR,FR,2026-01-08 17:00:00,,
51.0,False,pant,FR,FR,2026-01-08 18:00:00,,
36.0,False,pant,FR,FR,2026-01-08 19:00:00,,
52.0,False,pant,FR,FR,2026-01-08 20:00:00,,
49.0,False,pant,FR,FR,2026-01-08 21:00:00,,
63.0,False,pant,FR,FR,2026-01-08 22:00:00,,
73.0,False,pant,FR,FR,2026-01-08 23:00:00,,
58.0,False,pant,FR,FR,2026-01-09 00:00:00,,
82.0,False,pant,FR,FR,2026-01-09 01:00:00,,
0.0,False,pant,FR,FR,2026-01-09 02:00:00,,
0.0,False,pant,FR,FR,2026-01-09 03:00:00,,
0.0,False,pant,FR,FR,2026-01-09 04:00:00,,
0.0,False,pant,FR,FR,2026-01-09 05:00:00,,
0.0,False,pant,FR,FR,2026-01-09 06:00:00,,
29.0,False,pant,FR,FR,2026-01-09 07:00:00,,
28.0,False,pant,FR,FR,2026-01-09 08:00:00,,
31.0,False,pant,FR,FR,2026-01-09 09:00:00,,
38.0,False,pant,FR,FR,2026-01-09 10:00:00,,
36.0,False,pant,FR,FR,2026-01-09 11:00:00,,
39.0,False,pant,FR,FR,2026-01-09 12:00:00,,
42.0,False,pant,FR,FR,2026-01-09 13:00:00,,
32.0,False,pant,FR,FR,2026-01-09 14:00:00,,
32.0,False,pant,FR,FR,2026-01-09 15:00:00,,
43.0,False,pant,FR,FR,2026-01-09 16:00:00,,
39.0,False,pant,FR,FR,2026-01-09 17:00:00,,
39.0,False,pant,FR,FR,2026-01-09 18:00:00,,
30.0,False,pant,FR,FR,2026-01-09 19:00:00,,
45.0,False,pant,FR,FR,2026-01-09 20:00:00,,
44.0,False,pant,FR,FR,2026-01-09 21:00:00,,
58.0,False,pant,FR,FR,2026-01-09 22:00:00,,
55.0,False,pant,FR,FR,2026-01-09 23:00:00,,
80.0,False,pant,FR,FR,2026-01-10 00:00:00,,
0.0,False,pant,FR,FR,2026-01-10 01:00:00,,
0.0,False,pant,FR,FR,2026-01-10 02:00:00,,
0.0,False,pant,FR,FR,2026-01-10 03:00:00,,
0.0,False,pant,FR,FR,2026-01-10 04:00:00,,
0.0,False,pant,FR,FR,2026-01-10 05:00:00,,
0.0,False,pant,FR,FR,2026-01-10 06:00:00,,
27.0,False,pant,FR,FR,2026-01-10 07:00:00,,
41.0,False,pant,FR,FR,2026-01-10 08:00:00,,
39.0,False,pant,FR,FR,2026-01-10 09:00:00,,
46.0,False,pant,FR,FR,2026-01-10 10:00:00,,
50.0,False,pant,FR,FR,2026-01-10 11:00:00,,
52.0,False,pant,FR,FR,2026-01-10 12:00:00,,
55.0,True,pant,FR,FR,2026-01-10 13:00:00,,
,False,dress,FR,FR,2026-01-03 14:00:00,32.0,
,False,dress,FR,FR,2026-01-03 15:00:00,34.0,
,False,dress,FR,FR,2026-01-03 16:00:00,31.0,
,False,dress,FR,FR,2026-01-03 17:00:00,35.0,
,False,dress,FR,FR,2026-01-03 18:00:00,30.0,
,False,dress,FR,FR,2026-01-03 19:00:00,29.0,
,False,dress,FR,FR,2026-01-03 20:00:00,34.0,
,False,dress,FR,FR,2026-01-03 21:00:00,37.0,
,False,dress,FR,FR,2026-01-03 22:00:00,38.0,
,False,dress,FR,FR,2026-01-03 23:00:00,55.0,
,False,dress,FR,FR,2026-01-04 00:00:00,53.0,
,False,dress,FR,FR,2026-01-04 01:00:00,57.0,
,False,dress,FR,FR,2026-01-04 02:00:00,69.0,
,False,dress,FR,FR,2026-01-04 03:00:00,100.0,
,False,dress,FR,FR,2026-01-04 04:00:00,94.0,
,False,dress,FR,FR,2026-01-04 05:00:00,73.0,
,False,dress,FR,FR,2026-01-04 06:00:00,55.0,
,False,dress,FR,FR,2026-01-04 07:00:00,39.0,
,False,dress,FR,FR,2026-01-04 08:00:00,31.0,
,False,dress,FR,FR,2026-01-04 09:00:00,30.0,
,False,dress,FR,FR,2026-01-04 10:00:00,29.0,
,False,dress,FR,FR,2026-01-04 11:00:00,29.0,
,False,dress,FR,FR,2026-01-04 12:00:00,32.0,
,False,dress,FR,FR,2026-01-04 13:00:00,30.0,
,False,dress,FR,FR,2026-01-04 14:00:00,33.0,
,False,dress,FR,FR,2026-01-04 15:00:00,35.0,
,False,dress,FR,FR,2026-01-04 16:00:00,34.0,
,False,dress,FR,FR,2026-01-04 17:00:00,31.0,
,False,dress,FR,FR,2026-01-04 18:00:00,30.0,
,False,dress,FR,FR,2026-01-04 19:00:00,27.0,
,False,dress,FR,FR,2026-01-04 20:00:00,28.0,
,False,dress,FR,FR,2026-01-04 21:00:00,36.0,
,False,dress,FR,FR,2026-01-04 22:00:00,43.0,
,False,dress,FR,FR,2026-01-04 23:00:00,56.0,
,False,dress,FR,FR,2026-01-05 00:00:00,52.0,
,False,dress,FR,FR,2026-01-05 01:00:00,68.0,
,False,dress,FR,FR,2026-01-05 02:00:00,75.0,
,False,dress,FR,FR,2026-01-05 03:00:00,83.0,
,False,dress,FR,FR,2026-01-05 04:00:00,73.0,
,False,dress,FR,FR,2026-01-05 05:00:00,31.0,
,False,dress,FR,FR,2026-01-05 06:00:00,23.0,
,False,dress,FR,FR,2026-01-05 07:00:00,18.0,
,False,dress,FR,FR,2026-01-05 08:00:00,18.0,
,False,dress,FR,FR,2026-01-05 09:00:00,19.0,
,False,dress,FR,FR,2026-01-05 10:00:00,22.0,
,False,dress,FR,FR,2026-01-05 11:00:00,21.0,
,False,dress,FR,FR,2026-01-05 12:00:00,24.0,
,False,dress,FR,FR,2026-01-05 13:00:00,23.0,
,False,dress,FR,FR,2026-01-05 14:00:00,25.0,
,False,dress,FR,FR,2026-01-05 15:00:00,25.0,
,False,dress,FR,FR,2026-01-05 16:00:00,25.0,
,False,dress,FR,FR,2026-01-05 17:00:00,28.0,
,False,dress,FR,FR,2026-01-05 18:00:00,28.0,
,False,dress,FR,FR,2026-01-05 19:00:00,28.0,
,False,dress,FR,FR,2026-01-05 20:00:00,31.0,
,False,dress,FR,FR,2026-01-05 21:00:00,34.0,
,False,dress,FR,FR,2026-01-05 22:00:00,43.0,
,False,dress,FR,FR,2026-01-05 23:00:00,55.0,
,False,dress,FR,FR,2026-01-06 00:00:00,70.0,
,False,dress,FR,FR,2026-01-06 01:00:00,74.0,
,False,dress,FR,FR,2026-01-06 02:00:00,69.0,
,False,dress,FR,FR,2026-01-06 03:00:00,86.0,
,False,dress,FR,FR,2026-01-06 04:00:00,73.0,
,False,dress,FR,FR,2026-01-06 05:00:00,49.0,
,False,dress,FR,FR,2026-01-06 06:00:00,20.0,
,False,dress,FR,FR,2026-01-06 07:00:00,18.0,
,False,dress,FR,FR,2026-01-06 08:00:00,19.0,
,False,dress,FR,FR,2026-01-06 09:00:00,20.0,
,False,dress,FR,FR,2026-01-06 10:00:00,21.0,
,False,dress,FR,FR,2026-01-06 11:00:00,24.0,
,False,dress,FR,FR,2026-01-06 12:00:00,25.0,
,False,dress,FR,FR,2026-01-06 13:00:00,27.0,
,False,dress,FR,FR,2026-01-06 14:00:00,25.0,
,False,dress,FR,FR,2026-01-06 15:00:00,24.0,
,False,dress,FR,FR,2026-01-06 16:00:00,25.0,
,False,dress,FR,FR,2026-01-06 17:00:00,25.0,
,False,dress,FR,FR,2026-01-06 18:00:00,30.0,
,False,dress,FR,FR,2026-01-06 19:00:00,26.0,
,False,dress,FR,FR,2026-01-06 20:00:00,28.0,
,False,dress,FR,FR,2026-01-06 21:00:00,39.0,
,False,dress,FR,FR,2026-01-06 22:00:00,44.0,
,False,dress,FR,FR,2026-01-06 23:00:00,49.0,
,False,dress,FR,FR,2026-01-07 00:00:00,55.0,
,False,dress,FR,FR,2026-01-07 01:00:00,65.0,
,False,dress,FR,FR,2026-01-07 02:00:00,68.0,
,False,dress,FR,FR,2026-01-07 03:00:00,69.0,
,False,dress,FR,FR,2026-01-07 04:00:00,55.0,
,False,dress,FR,FR,2026-01-07 05:00:00,34.0,
,False,dress,FR,FR,2026-01-07 06:00:00,25.0,
,False,dress,FR,FR,2026-01-07 07:00:00,22.0,
,False,dress,FR,FR,2026-01-07 08:00:00,20.0,
,False,dress,FR,FR,2026-01-07 09:00:00,22.0,
,False,dress,FR,FR,2026-01-07 10:00:00,24.0,
,False,dress,FR,FR,2026-01-07 11:00:00,30.0,
,False,dress,FR,FR,2026-01-07 12:00:00,30.0,
,False,dress,FR,FR,2026-01-07 13:00:00,27.0,
,False,dress,FR,FR,2026-01-07 14:00:00,29.0,
,False,dress,FR,FR,2026-01-07 15:00:00,25.0,
,False,dress,FR,FR,2026-01-07 16:00:00,29.0,
,False,dress,FR,FR,2026-01-07 17:00:00,30.0,
,False,dress,FR,FR,2026-01-07 18:00:00,25.0,
,False,dress,FR,FR,2026-01-07 19:00:00,27.0,
,False,dress,FR,FR,2026-01-07 20:00:00,33.0,
,False,dress,FR,FR,2026-01-07 21:00:00,38.0,
,False,dress,FR,FR,2026-01-07 22:00:00,45.0,
,False,dress,FR,FR,2026-01-07 23:00:00,56.0,
,False,dress,FR,FR,2026-01-08 00:00:00,60.0,
,False,dress,FR,FR,2026-01-08 01:00:00,62.0,
,False,dress,FR,FR,2026-01-08 02:00:00,60.0,
,False,dress,FR,FR,2026-01-08 03:00:00,88.0,
,False,dress,FR,FR,2026-01-08 04:00:00,49.0,
,False,dress,FR,FR,2026-01-08 05:00:00,38.0,
,False,dress,FR,FR,2026-01-08 06:00:00,25.0,
,False,dress,FR,FR,2026-01-08 07:00:00,19.0,
,False,dress,FR,FR,2026-01-08 08:00:00,21.0,
,False,dress,FR,FR,2026-01-08 09:00:00,21.0,
,False,dress,FR,FR,2026-01-08 10:00:00,21.0,
,False,dress,FR,FR,2026-01-08 11:00:00,24.0,
,False,dress,FR,FR,2026-01-08 12:00:00,23.0,
,False,dress,FR,FR,2026-01-08 13:00:00,28.0,
,False,dress,FR,FR,2026-01-08 14:00:00,23.0,
,False,dress,FR,FR,2026-01-08 15:00:00,24.0,
,False,dress,FR,FR,2026-01-08 16:00:00,24.0,
,False,dress,FR,FR,2026-01-08 17:00:00,24.0,
,False,dress,FR,FR,2026-01-08 18:00:00,24.0,
,False,dress,FR,FR,2026-01-08 19:00:00,23.0,
,False,dress,FR,FR,2026-01-08 20:00:00,25.0,
,False,dress,FR,FR,2026-01-08 21:00:00,34.0,
,False,dress,FR,FR,2026-01-08 22:00:00,38.0,
,False,dress,FR,FR,2026-01-08 23:00:00,51.0,
,False,dress,FR,FR,2026-01-09 00:00:00,44.0,
,False,dress,FR,FR,2026-01-09 01:00:00,54.0,
,False,dress,FR,FR,2026-01-09 02:00:00,38.0,
,False,dress,FR,FR,2026-01-09 03:00:00,56.0,
,False,dress,FR,FR,2026-01-09 04:00:00,29.0,
,False,dress,FR,FR,2026-01-09 05:00:00,24.0,
,False,dress,FR,FR,2026-01-09 06:00:00,18.0,
,False,dress,FR,FR,2026-01-09 07:00:00,20.0,
,False,dress,FR,FR,2026-01-09 08:00:00,20.0,
,False,dress,FR,FR,2026-01-09 09:00:00,20.0,
,False,dress,FR,FR,2026-01-09 10:00:00,23.0,
,False,dress,FR,FR,2026-01-09 11:00:00,22.0,
,False,dress,FR,FR,2026-01-09 12:00:00,23.0,
,False,dress,FR,FR,2026-01-09 13:00:00,26.0,
,False,dress,FR,FR,2026-01-09 14:00:00,25.0,
,False,dress,FR,FR,2026-01-09 15:00:00,25.0,
,False,dress,FR,FR,2026-01-09 16:00:00,26.0,
,False,dress,FR,FR,2026-01-09 17:00:00,27.0,
,False,dress,FR,FR,2026-01-09 18:00:00,27.0,
,False,dress,FR,FR,2026-01-09 19:00:00,25.0,
,False,dress,FR,FR,2026-01-09 20:00:00,27.0,
,False,dress,FR,FR,2026-01-09 21:00:00,38.0,
,False,dress,FR,FR,2026-01-09 22:00:00,38.0,
,False,dress,FR,FR,2026-01-09 23:00:00,48.0,
,False,dress,FR,FR,2026-01-10 00:00:00,51.0,
,False,dress,FR,FR,2026-01-10 01:00:00,51.0,
,False,dress,FR,FR,2026-01-10 02:00:00,46.0,
,False,dress,FR,FR,2026-01-10 03:00:00,48.0,
,False,dress,FR,FR,2026-01-10 04:00:00,50.0,
,False,dress,FR,FR,2026-01-10 05:00:00,32.0,
,False,dress,FR,FR,2026-01-10 06:00:00,30.0,
,False,dress,FR,FR,2026-01-10 07:00:00,22.0,
,False,dress,FR,FR,2026-01-10 08:00:00,22.0,
,False,dress,FR,FR,2026-01-10 09:00:00,25.0,
,False,dress,FR,FR,2026-01-10 10:00:00,24.0,
,False,dress,FR,FR,2026-01-10 11:00:00,25.0,
,False,dress,FR,FR,2026-01-10 12:00:00,27.0,
,True,dress,FR,FR,2026-01-10 13:00:00,26.0,
,False,t-shirt,FR,FR,2026-01-03 14:00:00,,49.0
,False,t-shirt,FR,FR,2026-01-03 15:00:00,,49.0
,False,t-shirt,FR,FR,2026-01-03 16:00:00,,45.0
,False,t-shirt,FR,FR,2026-01-03 17:00:00,,42.0
,False,t-shirt,FR,FR,2026-01-03 18:00:00,,41.0
,False,t-shirt,FR,FR,2026-01-03 19:00:00,,45.0
,False,t-shirt,FR,FR,2026-01-03 20:00:00,,48.0
,False,t-shirt,FR,FR,2026-01-03 21:00:00,,47.0
,False,t-shirt,FR,FR,2026-01-03 22:00:00,,50.0
,False,t-shirt,FR,FR,2026-01-03 23:00:00,,57.0
,False,t-shirt,FR,FR,2026-01-04 00:00:00,,65.0
,False,t-shirt,FR,FR,2026-01-04 01:00:00,,39.0
,False,t-shirt,FR,FR,2026-01-04 02:00:00,,49.0
,False,t-shirt,FR,FR,2026-01-04 03:00:00,,41.0
,False,t-shirt,FR,FR,2026-01-04 04:00:00,,58.0
,False,t-shirt,FR,FR,2026-01-04 05:00:00,,0.0
,False,t-shirt,FR,FR,2026-01-04 06:00:00,,0.0
,False,t-shirt,FR,FR,2026-01-04 07:00:00,,30.0
,False,t-shirt,FR,FR,2026-01-04 08:00:00,,39.0
,False,t-shirt,FR,FR,2026-01-04 09:00:00,,43.0
,False,t-shirt,FR,FR,2026-01-04 10:00:00,,45.0
,False,t-shirt,FR,FR,2026-01-04 11:00:00,,55.0
,False,t-shirt,FR,FR,2026-01-04 12:00:00,,43.0
,False,t-shirt,FR,FR,2026-01-04 13:00:00,,50.0
,False,t-shirt,FR,FR,2026-01-04 14:00:00,,43.0
,False,t-shirt,FR,FR,2026-01-04 15:00:00,,43.0
,False,t-shirt,FR,FR,2026-01-04 16:00:00,,40.0
,False,t-shirt,FR,FR,2026-01-04 17:00:00,,55.0
,False,t-shirt,FR,FR,2026-01-04 18:00:00,,43.0
,False,t-shirt,FR,FR,2026-01-04 19:00:00,,44.0
,False,t-shirt,FR,FR,2026-01-04 20:00:00,,49.0
,False,t-shirt,FR,FR,2026-01-04 21:00:00,,44.0
,False,t-shirt,FR,FR,2026-01-04 22:00:00,,51.0
,False,t-shirt,FR,FR,2026-01-04 23:00:00,,51.0
,False,t-shirt,FR,FR,2026-01-05 00:00:00,,41.0
,False,t-shirt,FR,FR,2026-01-05 01:00:00,,53.0
,False,t-shirt,FR,FR,2026-01-05 02:00:00,,49.0
,False,t-shirt,FR,FR,2026-01-05 03:00:00,,56.0
,False,t-shirt,FR,FR,2026-01-05 04:00:00,,0.0
,False,t-shirt,FR,FR,2026-01-05 05:00:00,,20.0
,False,t-shirt,FR,FR,2026-01-05 06:00:00,,31.0
,False,t-shirt,FR,FR,2026-01-05 07:00:00,,30.0
,False,t-shirt,FR,FR,2026-01-05 08:00:00,,17.0
,False,t-shirt,FR,FR,2026-01-05 09:00:00,,28.0
,False,t-shirt,FR,FR,2026-01-05 10:00:00,,26.0
,False,t-shirt,FR,FR,2026-01-05 11:00:00,,26.0
,False,t-shirt,FR,FR,2026-01-05 12:00:00,,33.0
,False,t-shirt,FR,FR,2026-01-05 13:00:00,,30.0
,False,t-shirt,FR,FR,2026-01-05 14:00:00,,30.0
,False,t-shirt,FR,FR,2026-01-05 15:00:00,,31.0
,False,t-shirt,FR,FR,2026-01-05 16:00:00,,34.0
,False,t-shirt,FR,FR,2026-01-05 17:00:00,,37.0
,False,t-shirt,FR,FR,2026-01-05 18:00:00,,44.0
,False,t-shirt,FR,FR,2026-01-05 19:00:00,,47.0
,False,t-shirt,FR,FR,2026-01-05 20:00:00,,40.0
,False,t-shirt,FR,FR,2026-01-05 21:00:00,,53.0
,False,t-shirt,FR,FR,2026-01-05 22:00:00,,47.0
,False,t-shirt,FR,FR,2026-01-05 23:00:00,,60.0
,False,t-shirt,FR,FR,2026-01-06 00:00:00,,51.0
,False,t-shirt,FR,FR,2026-01-06 01:00:00,,62.0
,False,t-shirt,FR,FR,2026-01-06 02:00:00,,53.0
,False,t-shirt,FR,FR,2026-01-06 03:00:00,,0.0
,False,t-shirt,FR,FR,2026-01-06 04:00:00,,0.0
,False,t-shirt,FR,FR,2026-01-06 05:00:00,,26.0
,False,t-shirt,FR,FR,2026-01-06 06:00:00,,23.0
,False,t-shirt,FR,FR,2026-01-06 07:00:00,,30.0
,False,t-shirt,FR,FR,2026-01-06 08:00:00,,21.0
,False,t-shirt,FR,FR,2026-01-06 09:00:00,,27.0
,False,t-shirt,FR,FR,2026-01-06 10:00:00,,29.0
,False,t-shirt,FR,FR,2026-01-06 11:00:00,,31.0
,False,t-shirt,FR,FR,2026-01-06 12:00:00,,32.0
,False,t-shirt,FR,FR,2026-01-06 13:00:00,,34.0
,False,t-shirt,FR,FR,2026-01-06 14:00:00,,32.0
,False,t-shirt,FR,FR,2026-01-06 15:00:00,,29.0
,False,t-shirt,FR,FR,2026-01-06 16:00:00,,31.0
,False,t-shirt,FR,FR,2026-01-06 17:00:00,,41.0
,False,t-shirt,FR,FR,2026-01-06 18:00:00,,35.0
,False,t-shirt,FR,FR,2026-01-06 19:00:00,,44.0
,False,t-shirt,FR,FR,2026-01-06 20:00:00,,42.0
,False,t-shirt,FR,FR,2026-01-06 21:00:00,,58.0
,False,t-shirt,FR,FR,2026-01-06 22:00:00,,49.0
,False,t-shirt,FR,FR,2026-01-06 23:00:00,,64.0
,False,t-shirt,FR,FR,2026-01-07 00:00:00,,66.0
,False,t-shirt,FR,FR,2026-01-07 01:00:00,,58.0
,False,t-shirt,FR,FR,2026-01-07 02:00:00,,0.0
,False,t-shirt,FR,FR,2026-01-07 03:00:00,,0.0
,False,t-shirt,FR,FR,2026-01-07 04:00:00,,33.0
,False,t-shirt,FR,FR,2026-01-07 05:00:00,,30.0
,False,t-shirt,FR,FR,2026-01-07 06:00:00,,31.0
,False,t-shirt,FR,FR,2026-01-07 07:00:00,,33.0
,False,t-shirt,FR,FR,2026-01-07 08:00:00,,39.0
,False,t-shirt,FR,FR,2026-01-07 09:00:00,,35.0
,False,t-shirt,FR,FR,2026-01-07 10:00:00,,38.0
,False,t-shirt,FR,FR,2026-01-07 11:00:00,,43.0
,False,t-shirt,FR,FR,2026-01-07 12:00:00,,44.0
,False,t-shirt,FR,FR,2026-01-07 13:00:00,,45.0
,False,t-shirt,FR,FR,2026-01-07 14:00:00,,38.0
,False,t-shirt,FR,FR,2026-01-07 15:00:00,,40.0
,False,t-shirt,FR,FR,2026-01-07 16:00:00,,48.0
,False,t-shirt,FR,FR,2026-01-07 17:00:00,,51.0
,False,t-shirt,FR,FR,2026-01-07 18:00:00,,49.0
,False,t-shirt,FR,FR,2026-01-07 19:00:00,,55.0
,False,t-shirt,FR,FR,2026-01-07 20:00:00,,51.0
,False,t-shirt,FR,FR,2026-01-07 21:00:00,,55.0
,False,t-shirt,FR,FR,2026-01-07 22:00:00,,58.0
,False,t-shirt,FR,FR,2026-01-07 23:00:00,,57.0
,False,t-shirt,FR,FR,2026-01-08 00:00:00,,65.0
,False,t-shirt,FR,FR,2026-01-08 01:00:00,,57.0
,False,t-shirt,FR,FR,2026-01-08 02:00:00,,44.0
,False,t-shirt,FR,FR,2026-01-08 03:00:00,,51.0
,False,t-shirt,FR,FR,2026-01-08 04:00:00,,38.0
,False,t-shirt,FR,FR,2026-01-08 05:00:00,,27.0
,False,t-shirt,FR,FR,2026-01-08 06:00:00,,29.0
,False,t-shirt,FR,FR,2026-01-08 07:00:00,,27.0
,False,t-shirt,FR,FR,2026-01-08 08:00:00,,27.0
,False,t-shirt,FR,FR,2026-01-08 09:00:00,,30.0
,False,t-shirt,FR,FR,2026-01-08 10:00:00,,34.0
,False,t-shirt,FR,FR,2026-01-08 11:00:00,,34.0
,False,t-shirt,FR,FR,2026-01-08 12:00:00,,39.0
,False,t-shirt,FR,FR,2026-01-08 13:00:00,,31.0
,False,t-shirt,FR,FR,2026-01-08 14:00:00,,36.0
,False,t-shirt,FR,FR,2026-01-08 15:00:00,,36.0
,False,t-shirt,FR,FR,2026-01-08 16:00:00,,40.0
,False,t-shirt,FR,FR,2026-01-08 17:00:00,,49.0
,False,t-shirt,FR,FR,2026-01-08 18:00:00,,53.0
,False,t-shirt,FR,FR,2026-01-08 19:00:00,,47.0
,False,t-shirt,FR,FR,2026-01-08 20:00:00,,48.0
,False,t-shirt,FR,FR,2026-01-08 21:00:00,,52.0
,False,t-shirt,FR,FR,2026-01-08 22:00:00,,46.0
,False,t-shirt,FR,FR,2026-01-08 23:00:00,,46.0
,False,t-shirt,FR,FR,2026-01-09 00:00:00,,68.0
,False,t-shirt,FR,FR,2026-01-09 01:00:00,,61.0
,False,t-shirt,FR,FR,2026-01-09 02:00:00,,65.0
,False,t-shirt,FR,FR,2026-01-09 03:00:00,,55.0
,False,t-shirt,FR,FR,2026-01-09 04:00:00,,0.0
,False,t-shirt,FR,FR,2026-01-09 05:00:00,,28.0
,False,t-shirt,FR,FR,2026-01-09 06:00:00,,44.0
,False,t-shirt,FR,FR,2026-01-09 07:00:00,,29.0
,False,t-shirt,FR,FR,2026-01-09 08:00:00,,28.0
,False,t-shirt,FR,FR,2026-01-09 09:00:00,,30.0
,False,t-shirt,FR,FR,2026-01-09 10:00:00,,26.0
,False,t-shirt,FR,FR,2026-01-09 11:00:00,,31.0
,False,t-shirt,FR,FR,2026-01-09 12:00:00,,40.0
,False,t-shirt,FR,FR,2026-01-09 13:00:00,,35.0
,False,t-shirt,FR,FR,2026-01-09 14:00:00,,32.0
,False,t-shirt,FR,FR,2026-01-09 15:00:00,,34.0
,False,t-shirt,FR,FR,2026-01-09 16:00:00,,45.0
,False,t-shirt,FR,FR,2026-01-09 17:00:00,,46.0
,False,t-shirt,FR,FR,2026-01-09 18:00:00,,55.0
,False,t-shirt,FR,FR,2026-01-09 19:00:00,,47.0
,False,t-shirt,FR,FR,2026-01-09 20:00:00,,51.0
,False,t-shirt,FR,FR,2026-01-09 21:00:00,,58.0
,False,t-shirt,FR,FR,2026-01-09 22:00:00,,53.0
,False,t-shirt,FR,FR,2026-01-09 23:00:00,,75.0
,False,t-shirt,FR,FR,2026-01-10 00:00:00,,100.0
,False,t-shirt,FR,FR,2026-01-10 01:00:00,,61.0
,False,t-shirt,FR,FR,2026-01-10 02:00:00,,43.0
,False,t-shirt,FR,FR,2026-01-10 03:00:00,,50.0
,False,t-shirt,FR,FR,2026-01-10 04:00:00,,56.0
,False,t-shirt,FR,FR,2026-01-10 05:00:00,,40.0
,False,t-shirt,FR,FR,2026-01-10 06:00:00,,37.0
,False,t-shirt,FR,FR,2026-01-10 07:00:00,,33.0
,False,t-shirt,FR,FR,2026-01-10 08:00:00,,44.0
,False,t-shirt,FR,FR,2026-01-10 09:00:00,,51.0
,False,t-shirt,FR,FR,2026-01-10 10:00:00,,52.0
,False,t-shirt,FR,FR,2026-01-10 11:00:00,,57.0
,False,t-shirt,FR,FR,2026-01-10 12:00:00,,53.0
,True,t-shirt,FR,FR,2026-01-10 13:00:00,,53.0
30.0,False,pant,IT,IT,2026-01-03 14:00:00,,
34.0,False,pant,IT,IT,2026-01-03 15:00:00,,
31.0,False,pant,IT,IT,2026-01-03 16:00:00,,
31.0,False,pant,IT,IT,2026-01-03 17:00:00,,
28.0,False,pant,IT,IT,2026-01-03 18:00:00,,
17.0,False,pant,IT,IT,2026-01-03 19:00:00,,
17.0,False,pant,IT,IT,2026-01-03 20:00:00,,
21.0,False,pant,IT,IT,2026-01-03 21:00:00,,
24.0,False,pant,IT,IT,2026-01-03 22:00:00,,
38.0,False,pant,IT,IT,2026-01-03 23:00:00,,
35.0,False,pant,IT,IT,2026-01-04 00:00:00,,
50.0,False,pant,IT,IT,2026-01-04 01:00:00,,
0.0,False,pant,IT,IT,2026-01-04 02:00:00,,
0.0,False,pant,IT,IT,2026-01-04 03:00:00,,
0.0,False,pant,IT,IT,2026-01-04 04:00:00,,
0.0,False,pant,IT,IT,2026-01-04 05:00:00,,
0.0,False,pant,IT,IT,2026-01-04 06:00:00,,
0.0,False,pant,IT,IT,2026-01-04 07:00:00,,
35.0,False,pant,IT,IT,2026-01-04 08:00:00,,
27.0,False,pant,IT,IT,2026-01-04 09:00:00,,
36.0,False,pant,IT,IT,2026-01-04 10:00:00,,
15.0,False,pant,IT,IT,2026-01-04 11:00:00,,
22.0,False,pant,IT,IT,2026-01-04 12:00:00,,
29.0,False,pant,IT,IT,2026-01-04 13:00:00,,
29.0,False,pant,IT,IT,2026-01-04 14:00:00,,
24.0,False,pant,IT,IT,2026-01-04 15:00:00,,
28.0,False,pant,IT,IT,2026-01-04 16:00:00,,
28.0,False,pant,IT,IT,2026-01-04 17:00:00,,
29.0,False,pant,IT,IT,2026-01-04 18:00:00,,
24.0,False,pant,IT,IT,2026-01-04 19:00:00,,
29.0,False,pant,IT,IT,2026-01-04 20:00:00,,
22.0,False,pant,IT,IT,2026-01-04 21:00:00,,
30.0,False,pant,IT,IT,2026-01-04 22:00:00,,
22.0,False,pant,IT,IT,2026-01-04 23:00:00,,
0.0,False,pant,IT,IT,2026-01-05 00:00:00,,
0.0,False,pant,IT,IT,2026-01-05 01:00:00,,
0.0,False,pant,IT,IT,2026-01-05 02:00:00,,
0.0,False,pant,IT,IT,2026-01-05 03:00:00,,
100.0,False,pant,IT,IT,2026-01-05 04:00:00,,
0.0,False,pant,IT,IT,2026-01-05 05:00:00,,
0.0,False,pant,IT,IT,2026-01-05 06:00:00,,
18.0,False,pant,IT,IT,2026-01-05 07:00:00,,
0.0,False,pant,IT,IT,2026-01-05 08:00:00,,
23.0,False,pant,IT,IT,2026-01-05 09:00:00,,
22.0,False,pant,IT,IT,2026-01-05 10:00:00,,
15.0,False,pant,IT,IT,2026-01-05 11:00:00,,
20.0,False,pant,IT,IT,2026-01-05 12:00:00,,
20.0,False,pant,IT,IT,2026-01-05 13:00:00,,
24.0,False,pant,IT,IT,2026-01-05 14:00:00,,
21.0,False,pant,IT,IT,2026-01-05 15:00:00,,
19.0,False,pant,IT,IT,2026-01-05 16:00:00,,
24.0,False,pant,IT,IT,2026-01-05 17:00:00,,
18.0,False,pant,IT,IT,2026-01-05 18:00:00,,
21.0,False,pant,IT,IT,2026-01-05 19:00:00,,
15.0,False,pant,IT,IT,2026-01-05 20:00:00,,
32.0,False,pant,IT,IT,2026-01-05 21:00:00,,
19.0,False,pant,IT,IT,2026-01-05 22:00:00,,
35.0,False,pant,IT,IT,2026-01-05 23:00:00,,
33.0,False,pant,IT,IT,2026-01-06 00:00:00,,
0.0,False,pant,IT,IT,2026-01-06 01:00:00,,
0.0,False,pant,IT,IT,2026-01-06 02:00:00,,
0.0,False,pant,IT,IT,2026-01-06 03:00:00,,
0.0,False,pant,IT,IT,2026-01-06 04:00:00,,
0.0,False,pant,IT,IT,2026-01-06 05:00:00,,
0.0,False,pant,IT,IT,2026-01-06 06:00:00,,
23.0,False,pant,IT,IT,2026-01-06 07:00:00,,
17.0,False,pant,IT,IT,2026-01-06 08:00:00,,
18.0,False,pant,IT,IT,2026-01-06 09:00:00,,
20.0,False,pant,IT,IT,2026-01-06 10:00:00,,
23.0,False,pant,IT,IT,2026-01-06 11:00:00,,
17.0,False,pant,IT,IT,2026-01-06 12:00:00,,
25.0,False,pant,IT,IT,2026-01-06 13:00:00,,
30.0,False,pant,IT,IT,2026-01-06 14:00:00,,
26.0,False,pant,IT,IT,2026-01-06 15:00:00,,
27.0,False,pant,IT,IT,2026-01-06 16:00:00,,
22.0,False,pant,IT,IT,2026-01-06 17:00:00,,
19.0,False,pant,IT,IT,2026-01-06 18:00:00,,
17.0,False,pant,IT,IT,2026-01-06 19:00:00,,
20.0,False,pant,IT,IT,2026-01-06 20:00:00,,
24.0,False,pant,IT,IT,2026-01-06 21:00:00,,
19.0,False,pant,IT,IT,2026-01-06 22:00:00,,
0.0,False,pant,IT,IT,2026-01-06 23:00:00,,
0.0,False,pant,IT,IT,2026-01-07 00:00:00,,
0.0,False,pant,IT,IT,2026-01-07 01:00:00,,
0.0,False,pant,IT,IT,2026-01-07 02:00:00,,
0.0,False,pant,IT,IT,2026-01-07 03:00:00,,
0.0,False,pant,IT,IT,2026-01-07 04:00:00,,
0.0,False,pant,IT,IT,2026-01-07 05:00:00,,
27.0,False,pant,IT,IT,2026-01-07 06:00:00,,
14.0,False,pant,IT,IT,2026-01-07 07:00:00,,
21.0,False,pant,IT,IT,2026-01-07 08:00:00,,
18.0,False,pant,IT,IT,2026-01-07 09:00:00,,
16.0,False,pant,IT,IT,2026-01-07 10:00:00,,
17.0,False,pant,IT,IT,2026-01-07 11:00:00,,
23.0,False,pant,IT,IT,2026-01-07 12:00:00,,
22.0,False,pant,IT,IT,2026-01-07 13:00:00,,
26.0,False,pant,IT,IT,2026-01-07 14:00:00,,
17.0,False,pant,IT,IT,2026-01-07 15:00:00,,
24.0,False,pant,IT,IT,2026-01-07 16:00:00,,
20.0,False,pant,IT,IT,2026-01-07 17:00:00,,
19.0,False,pant,IT,IT,2026-01-07 18:00:00,,
17.0,False,pant,IT,IT,2026-01-07 19:00:00,,
24.0,False,pant,IT,IT,2026-01-07 20:00:00,,
17.0,False,pant,IT,IT,2026-01-07 21:00:00,,
28.0,False,pant,IT,IT,2026-01-07 22:00:00,,
35.0,False,pant,IT,IT,2026-01-07 23:00:00,,
0.0,False,pant,IT,IT,2026-01-08 00:00:00,,
0.0,False,pant,IT,IT,2026-01-08 01:00:00,,
0.0,False,pant,IT,IT,2026-01-08 02:00:00,,
0.0,False,pant,IT,IT,2026-01-08 03:00:00,,
0.0,False,pant,IT,IT,2026-01-08 04:00:00,,
0.0,False,pant,IT,IT,2026-01-08 05:00:00,,
0.0,False,pant,IT,IT,2026-01-08 06:00:00,,
0.0,False,pant,IT,IT,2026-01-08 07:00:00,,
13.0,False,pant,IT,IT,2026-01-08 08:00:00,,
26.0,False,pant,IT,IT,2026-01-08 09:00:00,,
25.0,False,pant,IT,IT,2026-01-08 10:00:00,,
17.0,False,pant,IT,IT,2026-01-08 11:00:00,,
15.0,False,pant,IT,IT,2026-01-08 12:00:00,,
15.0,False,pant,IT,IT,2026-01-08 13:00:00,,
19.0,False,pant,IT,IT,2026-01-08 14:00:00,,
15.0,False,pant,IT,IT,2026-01-08 15:00:00,,
19.0,False,pant,IT,IT,2026-01-08 16:00:00,,
22.0,False,pant,IT,IT,2026-01-08 17:00:00,,
18.0,False,pant,IT,IT,2026-01-08 18:00:00,,
16.0,False,pant,IT,IT,2026-01-08 19:00:00,,
27.0,False,pant,IT,IT,2026-01-08 20:00:00,,
16.0,False,pant,IT,IT,2026-01-08 21:00:00,,
14.0,False,pant,IT,IT,2026-01-08 22:00:00,,
33.0,False,pant,IT,IT,2026-01-08 23:00:00,,
42.0,False,pant,IT,IT,2026-01-09 00:00:00,,
0.0,False,pant,IT,IT,2026-01-09 01:00:00,,
0.0,False,pant,IT,IT,2026-01-09 02:00:00,,
0.0,False,pant,IT,IT,2026-01-09 03:00:00,,
0.0,False,pant,IT,IT,2026-01-09 04:00:00,,
0.0,False,pant,IT,IT,2026-01-09 05:00:00,,
0.0,False,pant,IT,IT,2026-01-09 06:00:00,,
13.0,False,pant,IT,IT,2026-01-09 07:00:00,,
13.0,False,pant,IT,IT,2026-01-09 08:00:00,,
24.0,False,pant,IT,IT,2026-01-09 09:00:00,,
21.0,False,pant,IT,IT,2026-01-09 10:00:00,,
18.0,False,pant,IT,IT,2026-01-09 11:00:00,,
19.0,False,pant,IT,IT,2026-01-09 12:00:00,,
15.0,False,pant,IT,IT,2026-01-09 13:00:00,,
20.0,False,pant,IT,IT,2026-01-09 14:00:00,,
20.0,False,pant,IT,IT,2026-01-09 15:00:00,,
18.0,False,pant,IT,IT,2026-01-09 16:00:00,,
26.0,False,pant,IT,IT,2026-01-09 17:00:00,,
32.0,False,pant,IT,IT,2026-01-09 18:00:00,,
25.0,False,pant,IT,IT,2026-01-09 19:00:00,,
27.0,False,pant,IT,IT,2026-01-09 20:00:00,,
17.0,False,pant,IT,IT,2026-01-09 21:00:00,,
29.0,False,pant,IT,IT,2026-01-09 22:00:00,,
23.0,False,pant,IT,IT,2026-01-09 23:00:00,,
0.0,False,pant,IT,IT,2026-01-10 00:00:00,,
0.0,False,pant,IT,IT,2026-01-10 01:00:00,,
0.0,False,pant,IT,IT,2026-01-10 02:00:00,,
0.0,False,pant,IT,IT,2026-01-10 03:00:00,,
0.0,False,pant,IT,IT,2026-01-10 04:00:00,,
0.0,False,pant,IT,IT,2026-01-10 05:00:00,,
31.0,False,pant,IT,IT,2026-01-10 06:00:00,,
23.0,False,pant,IT,IT,2026-01-10 07:00:00,,
0.0,False,pant,IT,IT,2026-01-10 08:00:00,,
19.0,False,pant,IT,IT,2026-01-10 09:00:00,,
30.0,False,pant,IT,IT,2026-01-10 10:00:00,,
29.0,False,pant,IT,IT,2026-01-10 11:00:00,,
22.0,False,pant,IT,IT,2026-01-10 12:00:00,,
28.0,True,pant,IT,IT,2026-01-10 13:00:00,,
,False,dress,IT,IT,2026-01-03 14:00:00,37.0,
,False,dress,IT,IT,2026-01-03 15:00:00,37.0,
,False,dress,IT,IT,2026-01-03 16:00:00,34.0,
,False,dress,IT,IT,2026-01-03 17:00:00,32.0,
,False,dress,IT,IT,2026-01-03 18:00:00,29.0,
,False,dress,IT,IT,2026-01-03 19:00:00,29.0,
,False,dress,IT,IT,2026-01-03 20:00:00,32.0,
,False,dress,IT,IT,2026-01-03 21:00:00,36.0,
,False,dress,IT,IT,2026-01-03 22:00:00,39.0,
,False,dress,IT,IT,2026-01-03 23:00:00,51.0,
,False,dress,IT,IT,2026-01-04 00:00:00,55.0,
,False,dress,IT,IT,2026-01-04 01:00:00,72.0,
,False,dress,IT,IT,2026-01-04 02:00:00,67.0,
,False,dress,IT,IT,2026-01-04 03:00:00,67.0,
,False,dress,IT,IT,2026-01-04 04:00:00,70.0,
,False,dress,IT,IT,2026-01-04 05:00:00,60.0,
,False,dress,IT,IT,2026-01-04 06:00:00,44.0,
,False,dress,IT,IT,2026-01-04 07:00:00,25.0,
,False,dress,IT,IT,2026-01-04 08:00:00,27.0,
,False,dress,IT,IT,2026-01-04 09:00:00,26.0,
,False,dress,IT,IT,2026-01-04 10:00:00,29.0,
,False,dress,IT,IT,2026-01-04 11:00:00,31.0,
,False,dress,IT,IT,2026-01-04 12:00:00,28.0,
,False,dress,IT,IT,2026-01-04 13:00:00,32.0,
,False,dress,IT,IT,2026-01-04 14:00:00,35.0,
,False,dress,IT,IT,2026-01-04 15:00:00,34.0,
,False,dress,IT,IT,2026-01-04 16:00:00,36.0,
,False,dress,IT,IT,2026-01-04 17:00:00,29.0,
,False,dress,IT,IT,2026-01-04 18:00:00,29.0,
,False,dress,IT,IT,2026-01-04 19:00:00,32.0,
,False,dress,IT,IT,2026-01-04 20:00:00,33.0,
,False,dress,IT,IT,2026-01-04 21:00:00,39.0,
,False,dress,IT,IT,2026-01-04 22:00:00,37.0,
,False,dress,IT,IT,2026-01-04 23:00:00,49.0,
,False,dress,IT,IT,2026-01-05 00:00:00,61.0,
,False,dress,IT,IT,2026-01-05 01:00:00,75.0,
,False,dress,IT,IT,2026-01-05 02:00:00,66.0,
,False,dress,IT,IT,2026-01-05 03:00:00,72.0,
,False,dress,IT,IT,2026-01-05 04:00:00,39.0,
,False,dress,IT,IT,2026-01-05 05:00:00,26.0,
,False,dress,IT,IT,2026-01-05 06:00:00,32.0,
,False,dress,IT,IT,2026-01-05 07:00:00,20.0,
,False,dress,IT,IT,2026-01-05 08:00:00,20.0,
,False,dress,IT,IT,2026-01-05 09:00:00,22.0,
,False,dress,IT,IT,2026-01-05 10:00:00,27.0,
,False,dress,IT,IT,2026-01-05 11:00:00,29.0,
,False,dress,IT,IT,2026-01-05 12:00:00,30.0,
,False,dress,IT,IT,2026-01-05 13:00:00,33.0,
,False,dress,IT,IT,2026-01-05 14:00:00,33.0,
,False,dress,IT,IT,2026-01-05 15:00:00,27.0,
,False,dress,IT,IT,2026-01-05 16:00:00,32.0,
,False,dress,IT,IT,2026-01-05 17:00:00,30.0,
,False,dress,IT,IT,2026-01-05 18:00:00,32.0,
,False,dress,IT,IT,2026-01-05 19:00:00,31.0,
,False,dress,IT,IT,2026-01-05 20:00:00,32.0,
,False,dress,IT,IT,2026-01-05 21:00:00,40.0,
,False,dress,IT,IT,2026-01-05 22:00:00,50.0,
,False,dress,IT,IT,2026-01-05 23:00:00,55.0,
,False,dress,IT,IT,2026-01-06 00:00:00,59.0,
,False,dress,IT,IT,2026-01-06 01:00:00,62.0,
,False,dress,IT,IT,2026-01-06 02:00:00,61.0,
,False,dress,IT,IT,2026-01-06 03:00:00,61.0,
,False,dress,IT,IT,2026-01-06 04:00:00,52.0,
,False,dress,IT,IT,2026-01-06 05:00:00,51.0,
,False,dress,IT,IT,2026-01-06 06:00:00,15.0,
,False,dress,IT,IT,2026-01-06 07:00:00,24.0,
,False,dress,IT,IT,2026-01-06 08:00:00,21.0,
,False,dress,IT,IT,2026-01-06 09:00:00,25.0,
,False,dress,IT,IT,2026-01-06 10:00:00,29.0,
,False,dress,IT,IT,2026-01-06 11:00:00,34.0,
,False,dress,IT,IT,2026-01-06 12:00:00,34.0,
,False,dress,IT,IT,2026-01-06 13:00:00,29.0,
,False,dress,IT,IT,2026-01-06 14:00:00,33.0,
,False,dress,IT,IT,2026-01-06 15:00:00,32.0,
,False,dress,IT,IT,2026-01-06 16:00:00,31.0,
,False,dress,IT,IT,2026-01-06 17:00:00,28.0,
,False,dress,IT,IT,2026-01-06 18:00:00,31.0,
,False,dress,IT,IT,2026-01-06 19:00:00,35.0,
,False,dress,IT,IT,2026-01-06 20:00:00,29.0,
,False,dress,IT,IT,2026-01-06 21:00:00,35.0,
,False,dress,IT,IT,2026-01-06 22:00:00,39.0,
,False,dress,IT,IT,2026-01-06 23:00:00,46.0,
,False,dress,IT,IT,2026-01-07 00:00:00,55.0,
,False,dress,IT,IT,2026-01-07 01:00:00,63.0,
,False,dress,IT,IT,2026-01-07 02:00:00,41.0,
,False,dress,IT,IT,2026-01-07 03:00:00,51.0,
,False,dress,IT,IT,2026-01-07 04:00:00,37.0,
,False,dress,IT,IT,2026-01-07 05:00:00,21.0,
,False,dress,IT,IT,2026-01-07 06:00:00,20.0,
,False,dress,IT,IT,2026-01-07 07:00:00,18.0,
,False,dress,IT,IT,2026-01-07 08:00:00,15.0,
,False,dress,IT,IT,2026-01-07 09:00:00,19.0,
,False,dress,IT,IT,2026-01-07 10:00:00,18.0,
,False,dress,IT,IT,2026-01-07 11:00:00,22.0,
,False,dress,IT,IT,2026-01-07 12:00:00,25.0,
,False,dress,IT,IT,2026-01-07 13:00:00,27.0,
,False,dress,IT,IT,2026-01-07 14:00:00,26.0,
,False,dress,IT,IT,2026-01-07 15:00:00,24.0,
,False,dress,IT,IT,2026-01-07 16:00:00,28.0,
,False,dress,IT,IT,2026-01-07 17:00:00,26.0,
,False,dress,IT,IT,2026-01-07 18:00:00,30.0,
,False,dress,IT,IT,2026-01-07 19:00:00,27.0,
,False,dress,IT,IT,2026-01-07 20:00:00,29.0,
,False,dress,IT,IT,2026-01-07 21:00:00,33.0,
,False,dress,IT,IT,2026-01-07 22:00:00,36.0,
,False,dress,IT,IT,2026-01-07 23:00:00,59.0,
,False,dress,IT,IT,2026-01-08 00:00:00,60.0,
,False,dress,IT,IT,2026-01-08 01:00:00,67.0,
,False,dress,IT,IT,2026-01-08 02:00:00,57.0,
,False,dress,IT,IT,2026-01-08 03:00:00,52.0,
,False,dress,IT,IT,2026-01-08 04:00:00,53.0,
,False,dress,IT,IT,2026-01-08 05:00:00,21.0,
,False,dress,IT,IT,2026-01-08 06:00:00,26.0,
,False,dress,IT,IT,2026-01-08 07:00:00,20.0,
,False,dress,IT,IT,2026-01-08 08:00:00,21.0,
,False,dress,IT,IT,2026-01-08 09:00:00,24.0,
,False,dress,IT,IT,2026-01-08 10:00:00,21.0,
,False,dress,IT,IT,2026-01-08 11:00:00,21.0,
,False,dress,IT,IT,2026-01-08 12:00:00,23.0,
,False,dress,IT,IT,2026-01-08 13:00:00,26.0,
,False,dress,IT,IT,2026-01-08 14:00:00,26.0,
,False,dress,IT,IT,2026-01-08 15:00:00,27.0,
,False,dress,IT,IT,2026-01-08 16:00:00,27.0,
,False,dress,IT,IT,2026-01-08 17:00:00,27.0,
,False,dress,IT,IT,2026-01-08 18:00:00,32.0,
,False,dress,IT,IT,2026-01-08 19:00:00,27.0,
,False,dress,IT,IT,2026-01-08 20:00:00,31.0,
,False,dress,IT,IT,2026-01-08 21:00:00,35.0,
,False,dress,IT,IT,2026-01-08 22:00:00,45.0,
,False,dress,IT,IT,2026-01-08 23:00:00,54.0,
,False,dress,IT,IT,2026-01-09 00:00:00,67.0,
,False,dress,IT,IT,2026-01-09 01:00:00,53.0,
,False,dress,IT,IT,2026-01-09 02:00:00,57.0,
,False,dress,IT,IT,2026-01-09 03:00:00,54.0,
,False,dress,IT,IT,2026-01-09 04:00:00,51.0,
,False,dress,IT,IT,2026-01-09 05:00:00,33.0,
,False,dress,IT,IT,2026-01-09 06:00:00,28.0,
,False,dress,IT,IT,2026-01-09 07:00:00,22.0,
,False,dress,IT,IT,2026-01-09 08:00:00,20.0,
,False,dress,IT,IT,2026-01-09 09:00:00,25.0,
,False,dress,IT,IT,2026-01-09 10:00:00,25.0,
,False,dress,IT,IT,2026-01-09 11:00:00,26.0,
,False,dress,IT,IT,2026-01-09 12:00:00,27.0,
,False,dress,IT,IT,2026-01-09 13:00:00,32.0,
,False,dress,IT,IT,2026-01-09 14:00:00,36.0,
,False,dress,IT,IT,2026-01-09 15:00:00,34.0,
,False,dress,IT,IT,2026-01-09 16:00:00,31.0,
,False,dress,IT,IT,2026-01-09 17:00:00,37.0,
,False,dress,IT,IT,2026-01-09 18:00:00,35.0,
,False,dress,IT,IT,2026-01-09 19:00:00,38.0,
,False,dress,IT,IT,2026-01-09 20:00:00,47.0,
,False,dress,IT,IT,2026-01-09 21:00:00,42.0,
,False,dress,IT,IT,2026-01-09 22:00:00,47.0,
,False,dress,IT,IT,2026-01-09 23:00:00,51.0,
,False,dress,IT,IT,2026-01-10 00:00:00,65.0,
,False,dress,IT,IT,2026-01-10 01:00:00,53.0,
,False,dress,IT,IT,2026-01-10 02:00:00,93.0,
,False,dress,IT,IT,2026-01-10 03:00:00,100.0,
,False,dress,IT,IT,2026-01-10 04:00:00,74.0,
,False,dress,IT,IT,2026-01-10 05:00:00,50.0,
,False,dress,IT,IT,2026-01-10 06:00:00,39.0,
,False,dress,IT,IT,2026-01-10 07:00:00,28.0,
,False,dress,IT,IT,2026-01-10 08:00:00,28.0,
,False,dress,IT,IT,2026-01-10 09:00:00,33.0,
,False,dress,IT,IT,2026-01-10 10:00:00,36.0,
,False,dress,IT,IT,2026-01-10 11:00:00,35.0,
,False,dress,IT,IT,2026-01-10 12:00:00,39.0,
,True,dress,IT,IT,2026-01-10 13:00:00,37.0,
,False,t-shirt,IT,IT,2026-01-03 14:00:00,,33.0
,False,t-shirt,IT,IT,2026-01-03 15:00:00,,41.0
,False,t-shirt,IT,IT,2026-01-03 16:00:00,,29.0
,False,t-shirt,IT,IT,2026-01-03 17:00:00,,35.0
,False,t-shirt,IT,IT,2026-01-03 18:00:00,,33.0
,False,t-shirt,IT,IT,2026-01-03 19:00:00,,18.0
,False,t-shirt,IT,IT,2026-01-03 20:00:00,,39.0
,False,t-shirt,IT,IT,2026-01-03 21:00:00,,30.0
,False,t-shirt,IT,IT,2026-01-03 22:00:00,,34.0
,False,t-shirt,IT,IT,2026-01-03 23:00:00,,36.0
,False,t-shirt,IT,IT,2026-01-04 00:00:00,,38.0
,False,t-shirt,IT,IT,2026-01-04 01:00:00,,88.0
,False,t-shirt,IT,IT,2026-01-04 02:00:00,,0.0
,False,t-shirt,IT,IT,2026-01-04 03:00:00,,0.0
,False,t-shirt,IT,IT,2026-01-04 04:00:00,,0.0
,False,t-shirt,IT,IT,2026-01-04 05:00:00,,0.0
,False,t-shirt,IT,IT,2026-01-04 06:00:00,,0.0
,False,t-shirt,IT,IT,2026-01-04 07:00:00,,0.0
,False,t-shirt,IT,IT,2026-01-04 08:00:00,,18.0
,False,t-shirt,IT,IT,2026-01-04 09:00:00,,29.0
,False,t-shirt,IT,IT,2026-01-04 10:00:00,,33.0
,False,t-shirt,IT,IT,2026-01-04 11:00:00,,36.0
,False,t-shirt,IT,IT,2026-01-04 12:00:00,,28.0
,False,t-shirt,IT,IT,2026-01-04 13:00:00,,28.0
,False,t-shirt,IT,IT,2026-01-04 14:00:00,,37.0
,False,t-shirt,IT,IT,2026-01-04 15:00:00,,31.0
,False,t-shirt,IT,IT,2026-01-04 16:00:00,,40.0
,False,t-shirt,IT,IT,2026-01-04 17:00:00,,39.0
,False,t-shirt,IT,IT,2026-01-04 18:00:00,,31.0
,False,t-shirt,IT,IT,2026-01-04 19:00:00,,32.0
,False,t-shirt,IT,IT,2026-01-04 20:00:00,,26.0
,False,t-shirt,IT,IT,2026-01-04 21:00:00,,28.0
,False,t-shirt,IT,IT,2026-01-04 22:00:00,,44.0
,False,t-shirt,IT,IT,2026-01-04 23:00:00,,41.0
,False,t-shirt,IT,IT,2026-01-05 00:00:00,,47.0
,False,t-shirt,IT,IT,2026-01-05 01:00:00,,0.0
,False,t-shirt,IT,IT,2026-01-05 02:00:00,,0.0
,False,t-shirt,IT,IT,2026-01-05 03:00:00,,0.0
,False,t-shirt,IT,IT,2026-01-05 04:00:00,,0.0
,False,t-shirt,IT,IT,2026-01-05 05:00:00,,0.0
,False,t-shirt,IT,IT,2026-01-05 06:00:00,,24.0
,False,t-shirt,IT,IT,2026-01-05 07:00:00,,29.0
,False,t-shirt,IT,IT,2026-01-05 08:00:00,,24.0
,False,t-shirt,IT,IT,2026-01-05 09:00:00,,22.0
,False,t-shirt,IT,IT,2026-01-05 10:00:00,,28.0
,False,t-shirt,IT,IT,2026-01-05 11:00:00,,28.0
,False,t-shirt,IT,IT,2026-01-05 12:00:00,,31.0
,False,t-shirt,IT,IT,2026-01-05 13:00:00,,30.0
,False,t-shirt,IT,IT,2026-01-05 14:00:00,,30.0
,False,t-shirt,IT,IT,2026-01-05 15:00:00,,34.0
,False,t-shirt,IT,IT,2026-01-05 16:00:00,,29.0
,False,t-shirt,IT,IT,2026-01-05 17:00:00,,37.0
,False,t-shirt,IT,IT,2026-01-05 18:00:00,,32.0
,False,t-shirt,IT,IT,2026-01-05 19:00:00,,28.0
,False,t-shirt,IT,IT,2026-01-05 20:00:00,,32.0
,False,t-shirt,IT,IT,2026-01-05 21:00:00,,31.0
,False,t-shirt,IT,IT,2026-01-05 22:00:00,,32.0
,False,t-shirt,IT,IT,2026-01-05 23:00:00,,36.0
,False,t-shirt,IT,IT,2026-01-06 00:00:00,,46.0
,False,t-shirt,IT,IT,2026-01-06 01:00:00,,44.0
,False,t-shirt,IT,IT,2026-01-06 02:00:00,,0.0
,False,t-shirt,IT,IT,2026-01-06 03:00:00,,100.0
,False,t-shirt,IT,IT,2026-01-06 04:00:00,,0.0
,False,t-shirt,IT,IT,2026-01-06 05:00:00,,0.0
,False,t-shirt,IT,IT,2026-01-06 06:00:00,,0.0
,False,t-shirt,IT,IT,2026-01-06 07:00:00,,24.0
,False,t-shirt,IT,IT,2026-01-06 08:00:00,,23.0
,False,t-shirt,IT,IT,2026-01-06 09:00:00,,23.0
,False,t-shirt,IT,IT,2026-01-06 10:00:00,,29.0
,False,t-shirt,IT,IT,2026-01-06 11:00:00,,30.0
,False,t-shirt,IT,IT,2026-01-06 12:00:00,,25.0
,False,t-shirt,IT,IT,2026-01-06 13:00:00,,30.0
,False,t-shirt,IT,IT,2026-01-06 14:00:00,,31.0
,False,t-shirt,IT,IT,2026-01-06 15:00:00,,31.0
,False,t-shirt,IT,IT,2026-01-06 16:00:00,,21.0
,False,t-shirt,IT,IT,2026-01-06 17:00:00,,28.0
,False,t-shirt,IT,IT,2026-01-06 18:00:00,,29.0
,False,t-shirt,IT,IT,2026-01-06 19:00:00,,21.0
,False,t-shirt,IT,IT,2026-01-06 20:00:00,,25.0
,False,t-shirt,IT,IT,2026-01-06 21:00:00,,23.0
,False,t-shirt,IT,IT,2026-01-06 22:00:00,,25.0
,False,t-shirt,IT,IT,2026-01-06 23:00:00,,34.0
,False,t-shirt,IT,IT,2026-01-07 00:00:00,,68.0
,False,t-shirt,IT,IT,2026-01-07 01:00:00,,57.0
,False,t-shirt,IT,IT,2026-01-07 02:00:00,,0.0
,False,t-shirt,IT,IT,2026-01-07 03:00:00,,0.0
,False,t-shirt,IT,IT,2026-01-07 04:00:00,,0.0
,False,t-shirt,IT,IT,2026-01-07 05:00:00,,0.0
,False,t-shirt,IT,IT,2026-01-07 06:00:00,,30.0
,False,t-shirt,IT,IT,2026-01-07 07:00:00,,13.0
,False,t-shirt,IT,IT,2026-01-07 08:00:00,,16.0
,False,t-shirt,IT,IT,2026-01-07 09:00:00,,25.0
,False,t-shirt,IT,IT,2026-01-07 10:00:00,,27.0
,False,t-shirt,IT,IT,2026-01-07 11:00:00,,24.0
,False,t-shirt,IT,IT,2026-01-07 12:00:00,,26.0
,False,t-shirt,IT,IT,2026-01-07 13:00:00,,29.0
,False,t-shirt,IT,IT,2026-01-07 14:00:00,,25.0
,False,t-shirt,IT,IT,2026-01-07 15:00:00,,30.0
,False,t-shirt,IT,IT,2026-01-07 16:00:00,,27.0
,False,t-shirt,IT,IT,2026-01-07 17:00:00,,28.0
,False,t-shirt,IT,IT,2026-01-07 18:00:00,,26.0
,False,t-shirt,IT,IT,2026-01-07 19:00:00,,20.0
,False,t-shirt,IT,IT,2026-01-07 20:00:00,,32.0
,False,t-shirt,IT,IT,2026-01-07 21:00:00,,35.0
,False,t-shirt,IT,IT,2026-01-07 22:00:00,,50.0
,False,t-shirt,IT,IT,2026-01-07 23:00:00,,24.0
,False,t-shirt,IT,IT,2026-01-08 00:00:00,,59.0
,False,t-shirt,IT,IT,2026-01-08 01:00:00,,0.0
,False,t-shirt,IT,IT,2026-01-08 02:00:00,,0.0
,False,t-shirt,IT,IT,2026-01-08 03:00:00,,0.0
,False,t-shirt,IT,IT,2026-01-08 04:00:00,,0.0
,False,t-shirt,IT,IT,2026-01-08 05:00:00,,0.0
,False,t-shirt,IT,IT,2026-01-08 06:00:00,,20.0
,False,t-shirt,IT,IT,2026-01-08 07:00:00,,21.0
,False,t-shirt,IT,IT,2026-01-08 08:00:00,,19.0
,False,t-shirt,IT,IT,2026-01-08 09:00:00,,21.0
,False,t-shirt,IT,IT,2026-01-08 10:00:00,,23.0
,False,t-shirt,IT,IT,2026-01-08 11:00:00,,21.0
,False,t-shirt,IT,IT,2026-01-08 12:00:00,,30.0
,False,t-shirt,IT,IT,2026-01-08 13:00:00,,30.0
,False,t-shirt,IT,IT,2026-01-08 14:00:00,,28.0
,False,t-shirt,IT,IT,2026-01-08 15:00:00,,31.0
,False,t-shirt,IT,IT,2026-01-08 16:00:00,,29.0
,False,t-shirt,IT,IT,2026-01-08 17:00:00,,28.0
,False,t-shirt,IT,IT,2026-01-08 18:00:00,,24.0
,False,t-shirt,IT,IT,2026-01-08 19:00:00,,32.0
,False,t-shirt,IT,IT,2026-01-08 20:00:00,,27.0
,False,t-shirt,IT,IT,2026-01-08 21:00:00,,37.0
,False,t-shirt,IT,IT,2026-01-08 22:00:00,,43.0
,False,t-shirt,IT,IT,2026-01-08 23:00:00,,52.0
,False,t-shirt,IT,IT,2026-01-09 00:00:00,,0.0
,False,t-shirt,IT,IT,2026-01-09 01:00:00,,0.0
,False,t-shirt,IT,IT,2026-01-09 02:00:00,,0.0
,False,t-shirt,IT,IT,2026-01-09 03:00:00,,0.0
,False,t-shirt,IT,IT,2026-01-09 04:00:00,,0.0
,False,t-shirt,IT,IT,2026-01-09 05:00:00,,0.0
,False,t-shirt,IT,IT,2026-01-09 06:00:00,,27.0
,False,t-shirt,IT,IT,2026-01-09 07:00:00,,17.0
,False,t-shirt,IT,IT,2026-01-09 08:00:00,,25.0
,False,t-shirt,IT,IT,2026-01-09 09:00:00,,26.0
,False,t-shirt,IT,IT,2026-01-09 10:00:00,,23.0
,False,t-shirt,IT,IT,2026-01-09 11:00:00,,28.0
,False,t-shirt,IT,IT,2026-01-09 12:00:00,,25.0
,False,t-shirt,IT,IT,2026-01-09 13:00:00,,25.0
,False,t-shirt,IT,IT,2026-01-09 14:00:00,,31.0
,False,t-shirt,IT,IT,2026-01-09 15:00:00,,31.0
,False,t-shirt,IT,IT,2026-01-09 16:00:00,,30.0
,False,t-shirt,IT,IT,2026-01-09 17:00:00,,31.0
,False,t-shirt,IT,IT,2026-01-09 18:00:00,,41.0
,False,t-shirt,IT,IT,2026-01-09 19:00:00,,36.0
,False,t-shirt,IT,IT,2026-01-09 20:00:00,,32.0
,False,t-shirt,IT,IT,2026-01-09 21:00:00,,49.0
,False,t-shirt,IT,IT,2026-01-09 22:00:00,,37.0
,False,t-shirt,IT,IT,2026-01-09 23:00:00,,30.0
,False,t-shirt,IT,IT,2026-01-10 00:00:00,,97.0
,False,t-shirt,IT,IT,2026-01-10 01:00:00,,0.0
,False,t-shirt,IT,IT,2026-01-10 02:00:00,,0.0
,False,t-shirt,IT,IT,2026-01-10 03:00:00,,0.0
,False,t-shirt,IT,IT,2026-01-10 04:00:00,,0.0
,False,t-shirt,IT,IT,2026-01-10 05:00:00,,0.0
,False,t-shirt,IT,IT,2026-01-10 06:00:00,,27.0
,False,t-shirt,IT,IT,2026-01-10 07:00:00,,34.0
,False,t-shirt,IT,IT,2026-01-10 08:00:00,,26.0
,False,t-shirt,IT,IT,2026-01-10 09:00:00,,32.0
,False,t-shirt,IT,IT,2026-01-10 10:00:00,,30.0
,False,t-shirt,IT,IT,2026-01-10 11:00:00,,26.0
,False,t-shirt,IT,IT,2026-01-10 12:00:00,,23.0
,True,t-shirt,IT,IT,2026-01-10 13:00:00,,32.0
12.0,False,pant,ES,ES,2026-01-03 14:00:00,,
11.0,False,pant,ES,ES,2026-01-03 15:00:00,,
13.0,False,pant,ES,ES,2026-01-03 16:00:00,,
15.0,False,pant,ES,ES,2026-01-03 17:00:00,,
12.0,False,pant,ES,ES,2026-01-03 18:00:00,,
13.0,False,pant,ES,ES,2026-01-03 19:00:00,,
0.0,False,pant,ES,ES,2026-01-03 20:00:00,,
14.0,False,pant,ES,ES,2026-01-03 21:00:00,,
10.0,False,pant,ES,ES,2026-01-03 22:00:00,,
0.0,False,pant,ES,ES,2026-01-03 23:00:00,,
0.0,False,pant,ES,ES,2026-01-04 00:00:00,,
0.0,False,pant,ES,ES,2026-01-04 01:00:00,,
0.0,False,pant,ES,ES,2026-01-04 02:00:00,,
0.0,False,pant,ES,ES,2026-01-04 03:00:00,,
0.0,False,pant,ES,ES,2026-01-04 04:00:00,,
0.0,False,pant,ES,ES,2026-01-04 05:00:00,,
0.0,False,pant,ES,ES,2026-01-04 06:00:00,,
0.0,False,pant,ES,ES,2026-01-04 07:00:00,,
0.0,False,pant,ES,ES,2026-01-04 08:00:00,,
12.0,False,pant,ES,ES,2026-01-04 09:00:00,,
10.0,False,pant,ES,ES,2026-01-04 10:00:00,,
9.0,False,pant,ES,ES,2026-01-04 11:00:00,,
14.0,False,pant,ES,ES,2026-01-04 12:00:00,,
14.0,False,pant,ES,ES,2026-01-04 13:00:00,,
7.0,False,pant,ES,ES,2026-01-04 14:00:00,,
12.0,False,pant,ES,ES,2026-01-04 15:00:00,,
12.0,False,pant,ES,ES,2026-01-04 16:00:00,,
7.0,False,pant,ES,ES,2026-01-04 17:00:00,,
14.0,False,pant,ES,ES,2026-01-04 18:00:00,,
9.0,False,pant,ES,ES,2026-01-04 19:00:00,,
12.0,False,pant,ES,ES,2026-01-04 20:00:00,,
7.0,False,pant,ES,ES,2026-01-04 21:00:00,,
0.0,False,pant,ES,ES,2026-01-04 22:00:00,,
0.0,False,pant,ES,ES,2026-01-04 23:00:00,,
0.0,False,pant,ES,ES,2026-01-05 00:00:00,,
0.0,False,pant,ES,ES,2026-01-05 01:00:00,,
0.0,False,pant,ES,ES,2026-01-05 02:00:00,,
0.0,False,pant,ES,ES,2026-01-05 03:00:00,,
0.0,False,pant,ES,ES,2026-01-05 04:00:00,,
0.0,False,pant,ES,ES,2026-01-05 05:00:00,,
0.0,False,pant,ES,ES,2026-01-05 06:00:00,,
17.0,False,pant,ES,ES,2026-01-05 07:00:00,,
0.0,False,pant,ES,ES,2026-01-05 08:00:00,,
13.0,False,pant,ES,ES,2026-01-05 09:00:00,,
13.0,False,pant,ES,ES,2026-01-05 10:00:00,,
14.0,False,pant,ES,ES,2026-01-05 11:00:00,,
11.0,False,pant,ES,ES,2026-01-05 12:00:00,,
13.0,False,pant,ES,ES,2026-01-05 13:00:00,,
13.0,False,pant,ES,ES,2026-01-05 14:00:00,,
16.0,False,pant,ES,ES,2026-01-05 15:00:00,,
12.0,False,pant,ES,ES,2026-01-05 16:00:00,,
8.0,False,pant,ES,ES,2026-01-05 17:00:00,,
12.0,False,pant,ES,ES,2026-01-05 18:00:00,,
0.0,False,pant,ES,ES,2026-01-05 19:00:00,,
9.0,False,pant,ES,ES,2026-01-05 20:00:00,,
0.0,False,pant,ES,ES,2026-01-05 21:00:00,,
18.0,False,pant,ES,ES,2026-01-05 22:00:00,,
14.0,False,pant,ES,ES,2026-01-05 23:00:00,,
0.0,False,pant,ES,ES,2026-01-06 00:00:00,,
0.0,False,pant,ES,ES,2026-01-06 01:00:00,,
0.0,False,pant,ES,ES,2026-01-06 02:00:00,,
100.0,False,pant,ES,ES,2026-01-06 03:00:00,,
0.0,False,pant,ES,ES,2026-01-06 04:00:00,,
0.0,False,pant,ES,ES,2026-01-06 05:00:00,,
0.0,False,pant,ES,ES,2026-01-06 06:00:00,,
0.0,False,pant,ES,ES,2026-01-06 07:00:00,,
22.0,False,pant,ES,ES,2026-01-06 08:00:00,,
14.0,False,pant,ES,ES,2026-01-06 09:00:00,,
17.0,False,pant,ES,ES,2026-01-06 10:00:00,,
14.0,False,pant,ES,ES,2026-01-06 11:00:00,,
12.0,False,pant,ES,ES,2026-01-06 12:00:00,,
14.0,False,pant,ES,ES,2026-01-06 13:00:00,,
0.0,False,pant,ES,ES,2026-01-06 14:00:00,,
12.0,False,pant,ES,ES,2026-01-06 15:00:00,,
10.0,False,pant,ES,ES,2026-01-06 16:00:00,,
13.0,False,pant,ES,ES,2026-01-06 17:00:00,,
11.0,False,pant,ES,ES,2026-01-06 18:00:00,,
19.0,False,pant,ES,ES,2026-01-06 19:00:00,,
11.0,False,pant,ES,ES,2026-01-06 20:00:00,,
21.0,False,pant,ES,ES,2026-01-06 21:00:00,,
20.0,False,pant,ES,ES,2026-01-06 22:00:00,,
13.0,False,pant,ES,ES,2026-01-06 23:00:00,,
0.0,False,pant,ES,ES,2026-01-07 00:00:00,,
0.0,False,pant,ES,ES,2026-01-07 01:00:00,,
0.0,False,pant,ES,ES,2026-01-07 02:00:00,,
0.0,False,pant,ES,ES,2026-01-07 03:00:00,,
0.0,False,pant,ES,ES,2026-01-07 04:00:00,,
0.0,False,pant,ES,ES,2026-01-07 05:00:00,,
0.0,False,pant,ES,ES,2026-01-07 06:00:00,,
0.0,False,pant,ES,ES,2026-01-07 07:00:00,,
20.0,False,pant,ES,ES,2026-01-07 08:00:00,,
12.0,False,pant,ES,ES,2026-01-07 09:00:00,,
21.0,False,pant,ES,ES,2026-01-07 10:00:00,,
18.0,False,pant,ES,ES,2026-01-07 11:00:00,,
12.0,False,pant,ES,ES,2026-01-07 12:00:00,,
19.0,False,pant,ES,ES,2026-01-07 13:00:00,,
16.0,False,pant,ES,ES,2026-01-07 14:00:00,,
21.0,False,pant,ES,ES,2026-01-07 15:00:00,,
19.0,False,pant,ES,ES,2026-01-07 16:00:00,,
16.0,False,pant,ES,ES,2026-01-07 17:00:00,,
16.0,False,pant,ES,ES,2026-01-07 18:00:00,,
11.0,False,pant,ES,ES,2026-01-07 19:00:00,,
14.0,False,pant,ES,ES,2026-01-07 20:00:00,,
12.0,False,pant,ES,ES,2026-01-07 21:00:00,,
19.0,False,pant,ES,ES,2026-01-07 22:00:00,,
0.0,False,pant,ES,ES,2026-01-07 23:00:00,,
0.0,False,pant,ES,ES,2026-01-08 00:00:00,,
0.0,False,pant,ES,ES,2026-01-08 01:00:00,,
0.0,False,pant,ES,ES,2026-01-08 02:00:00,,
0.0,False,pant,ES,ES,2026-01-08 03:00:00,,
0.0,False,pant,ES,ES,2026-01-08 04:00:00,,
0.0,False,pant,ES,ES,2026-01-08 05:00:00,,
0.0,False,pant,ES,ES,2026-01-08 06:00:00,,
0.0,False,pant,ES,ES,2026-01-08 07:00:00,,
0.0,False,pant,ES,ES,2026-01-08 08:00:00,,
11.0,False,pant,ES,ES,2026-01-08 09:00:00,,
15.0,False,pant,ES,ES,2026-01-08 10:00:00,,
12.0,False,pant,ES,ES,2026-01-08 11:00:00,,
12.0,False,pant,ES,ES,2026-01-08 12:00:00,,
14.0,False,pant,ES,ES,2026-01-08 13:00:00,,
13.0,False,pant,ES,ES,2026-01-08 14:00:00,,
17.0,False,pant,ES,ES,2026-01-08 15:00:00,,
15.0,False,pant,ES,ES,2026-01-08 16:00:00,,
15.0,False,pant,ES,ES,2026-01-08 17:00:00,,
11.0,False,pant,ES,ES,2026-01-08 18:00:00,,
10.0,False,pant,ES,ES,2026-01-08 19:00:00,,
12.0,False,pant,ES,ES,2026-01-08 20:00:00,,
12.0,False,pant,ES,ES,2026-01-08 21:00:00,,
12.0,False,pant,ES,ES,2026-01-08 22:00:00,,
0.0,False,pant,ES,ES,2026-01-08 23:00:00,,
0.0,False,pant,ES,ES,2026-01-09 00:00:00,,
0.0,False,pant,ES,ES,2026-01-09 01:00:00,,
0.0,False,pant,ES,ES,2026-01-09 02:00:00,,
0.0,False,pant,ES,ES,2026-01-09 03:00:00,,
0.0,False,pant,ES,ES,2026-01-09 04:00:00,,
0.0,False,pant,ES,ES,2026-01-09 05:00:00,,
0.0,False,pant,ES,ES,2026-01-09 06:00:00,,
0.0,False,pant,ES,ES,2026-01-09 07:00:00,,
12.0,False,pant,ES,ES,2026-01-09 08:00:00,,
8.0,False,pant,ES,ES,2026-01-09 09:00:00,,
13.0,False,pant,ES,ES,2026-01-09 10:00:00,,
14.0,False,pant,ES,ES,2026-01-09 11:00:00,,
16.0,False,pant,ES,ES,2026-01-09 12:00:00,,
8.0,False,pant,ES,ES,2026-01-09 13:00:00,,
9.0,False,pant,ES,ES,2026-01-09 14:00:00,,
11.0,False,pant,ES,ES,2026-01-09 15:00:00,,
14.0,False,pant,ES,ES,2026-01-09 16:00:00,,
13.0,False,pant,ES,ES,2026-01-09 17:00:00,,
17.0,False,pant,ES,ES,2026-01-09 18:00:00,,
13.0,False,pant,ES,ES,2026-01-09 19:00:00,,
13.0,False,pant,ES,ES,2026-01-09 20:00:00,,
11.0,False,pant,ES,ES,2026-01-09 21:00:00,,
0.0,False,pant,ES,ES,2026-01-09 22:00:00,,
0.0,False,pant,ES,ES,2026-01-09 23:00:00,,
0.0,False,pant,ES,ES,2026-01-10 00:00:00,,
0.0,False,pant,ES,ES,2026-01-10 01:00:00,,
0.0,False,pant,ES,ES,2026-01-10 02:00:00,,
0.0,False,pant,ES,ES,2026-01-10 03:00:00,,
0.0,False,pant,ES,ES,2026-01-10 04:00:00,,
0.0,False,pant,ES,ES,2026-01-10 05:00:00,,
0.0,False,pant,ES,ES,2026-01-10 06:00:00,,
28.0,False,pant,ES,ES,2026-01-10 07:00:00,,
17.0,False,pant,ES,ES,2026-01-10 08:00:00,,
11.0,False,pant,ES,ES,2026-01-10 09:00:00,,
0.0,False,pant,ES,ES,2026-01-10 10:00:00,,
16.0,False,pant,ES,ES,2026-01-10 11:00:00,,
16.0,False,pant,ES,ES,2026-01-10 12:00:00,,
11.0,True,pant,ES,ES,2026-01-10 13:00:00,,
,False,dress,ES,ES,2026-01-03 14:00:00,36.0,
,False,dress,ES,ES,2026-01-03 15:00:00,39.0,
,False,dress,ES,ES,2026-01-03 16:00:00,35.0,
,False,dress,ES,ES,2026-01-03 17:00:00,33.0,
,False,dress,ES,ES,2026-01-03 18:00:00,30.0,
,False,dress,ES,ES,2026-01-03 19:00:00,35.0,
,False,dress,ES,ES,2026-01-03 20:00:00,33.0,
,False,dress,ES,ES,2026-01-03 21:00:00,30.0,
,False,dress,ES,ES,2026-01-03 22:00:00,40.0,
,False,dress,ES,ES,2026-01-03 23:00:00,46.0,
,False,dress,ES,ES,2026-01-04 00:00:00,47.0,
,False,dress,ES,ES,2026-01-04 01:00:00,56.0,
,False,dress,ES,ES,2026-01-04 02:00:00,55.0,
,False,dress,ES,ES,2026-01-04 03:00:00,95.0,
,False,dress,ES,ES,2026-01-04 04:00:00,100.0,
,False,dress,ES,ES,2026-01-04 05:00:00,75.0,
,False,dress,ES,ES,2026-01-04 06:00:00,40.0,
,False,dress,ES,ES,2026-01-04 07:00:00,46.0,
,False,dress,ES,ES,2026-01-04 08:00:00,25.0,
,False,dress,ES,ES,2026-01-04 09:00:00,33.0,
,False,dress,ES,ES,2026-01-04 10:00:00,29.0,
,False,dress,ES,ES,2026-01-04 11:00:00,37.0,
,False,dress,ES,ES,2026-01-04 12:00:00,35.0,
,False,dress,ES,ES,2026-01-04 13:00:00,33.0,
,False,dress,ES,ES,2026-01-04 14:00:00,39.0,
,False,dress,ES,ES,2026-01-04 15:00:00,35.0,
,False,dress,ES,ES,2026-01-04 16:00:00,35.0,
,False,dress,ES,ES,2026-01-04 17:00:00,31.0,
,False,dress,ES,ES,2026-01-04 18:00:00,35.0,
,False,dress,ES,ES,2026-01-04 19:00:00,29.0,
,False,dress,ES,ES,2026-01-04 20:00:00,30.0,
,False,dress,ES,ES,2026-01-04 21:00:00,30.0,
,False,dress,ES,ES,2026-01-04 22:00:00,40.0,
,False,dress,ES,ES,2026-01-04 23:00:00,37.0,
,False,dress,ES,ES,2026-01-05 00:00:00,55.0,
,False,dress,ES,ES,2026-01-05 01:00:00,67.0,
,False,dress,ES,ES,2026-01-05 02:00:00,66.0,
,False,dress,ES,ES,2026-01-05 03:00:00,96.0,
,False,dress,ES,ES,2026-01-05 04:00:00,61.0,
,False,dress,ES,ES,2026-01-05 05:00:00,61.0,
,False,dress,ES,ES,2026-01-05 06:00:00,29.0,
,False,dress,ES,ES,2026-01-05 07:00:00,26.0,
,False,dress,ES,ES,2026-01-05 08:00:00,15.0,
,False,dress,ES,ES,2026-01-05 09:00:00,23.0,
,False,dress,ES,ES,2026-01-05 10:00:00,30.0,
,False,dress,ES,ES,2026-01-05 11:00:00,31.0,
,False,dress,ES,ES,2026-01-05 12:00:00,31.0,
,False,dress,ES,ES,2026-01-05 13:00:00,29.0,
,False,dress,ES,ES,2026-01-05 14:00:00,33.0,
,False,dress,ES,ES,2026-01-05 15:00:00,35.0,
,False,dress,ES,ES,2026-01-05 16:00:00,33.0,
,False,dress,ES,ES,2026-01-05 17:00:00,31.0,
,False,dress,ES,ES,2026-01-05 18:00:00,30.0,
,False,dress,ES,ES,2026-01-05 19:00:00,36.0,
,False,dress,ES,ES,2026-01-05 20:00:00,32.0,
,False,dress,ES,ES,2026-01-05 21:00:00,34.0,
,False,dress,ES,ES,2026-01-05 22:00:00,36.0,
,False,dress,ES,ES,2026-01-05 23:00:00,46.0,
,False,dress,ES,ES,2026-01-06 00:00:00,45.0,
,False,dress,ES,ES,2026-01-06 01:00:00,62.0,
,False,dress,ES,ES,2026-01-06 02:00:00,70.0,
,False,dress,ES,ES,2026-01-06 03:00:00,70.0,
,False,dress,ES,ES,2026-01-06 04:00:00,72.0,
,False,dress,ES,ES,2026-01-06 05:00:00,84.0,
,False,dress,ES,ES,2026-01-06 06:00:00,38.0,
,False,dress,ES,ES,2026-01-06 07:00:00,32.0,
,False,dress,ES,ES,2026-01-06 08:00:00,29.0,
,False,dress,ES,ES,2026-01-06 09:00:00,32.0,
,False,dress,ES,ES,2026-01-06 10:00:00,31.0,
,False,dress,ES,ES,2026-01-06 11:00:00,24.0,
,False,dress,ES,ES,2026-01-06 12:00:00,27.0,
,False,dress,ES,ES,2026-01-06 13:00:00,33.0,
,False,dress,ES,ES,2026-01-06 14:00:00,34.0,
,False,dress,ES,ES,2026-01-06 15:00:00,35.0,
,False,dress,ES,ES,2026-01-06 16:00:00,36.0,
,False,dress,ES,ES,2026-01-06 17:00:00,38.0,
,False,dress,ES,ES,2026-01-06 18:00:00,35.0,
,False,dress,ES,ES,2026-01-06 19:00:00,30.0,
,False,dress,ES,ES,2026-01-06 20:00:00,30.0,
,False,dress,ES,ES,2026-01-06 21:00:00,38.0,
,False,dress,ES,ES,2026-01-06 22:00:00,38.0,
,False,dress,ES,ES,2026-01-06 23:00:00,54.0,
,False,dress,ES,ES,2026-01-07 00:00:00,61.0,
,False,dress,ES,ES,2026-01-07 01:00:00,70.0,
,False,dress,ES,ES,2026-01-07 02:00:00,77.0,
,False,dress,ES,ES,2026-01-07 03:00:00,72.0,
,False,dress,ES,ES,2026-01-07 04:00:00,68.0,
,False,dress,ES,ES,2026-01-07 05:00:00,31.0,
,False,dress,ES,ES,2026-01-07 06:00:00,20.0,
,False,dress,ES,ES,2026-01-07 07:00:00,23.0,
,False,dress,ES,ES,2026-01-07 08:00:00,24.0,
,False,dress,ES,ES,2026-01-07 09:00:00,25.0,
,False,dress,ES,ES,2026-01-07 10:00:00,25.0,
,False,dress,ES,ES,2026-01-07 11:00:00,27.0,
,False,dress,ES,ES,2026-01-07 12:00:00,30.0,
,False,dress,ES,ES,2026-01-07 13:00:00,37.0,
,False,dress,ES,ES,2026-01-07 14:00:00,33.0,
,False,dress,ES,ES,2026-01-07 15:00:00,37.0,
,False,dress,ES,ES,2026-01-07 16:00:00,31.0,
,False,dress,ES,ES,2026-01-07 17:00:00,29.0,
,False,dress,ES,ES,2026-01-07 18:00:00,33.0,
,False,dress,ES,ES,2026-01-07 19:00:00,27.0,
,False,dress,ES,ES,2026-01-07 20:00:00,30.0,
,False,dress,ES,ES,2026-01-07 21:00:00,34.0,
,False,dress,ES,ES,2026-01-07 22:00:00,37.0,
,False,dress,ES,ES,2026-01-07 23:00:00,54.0,
,False,dress,ES,ES,2026-01-08 00:00:00,48.0,
,False,dress,ES,ES,2026-01-08 01:00:00,66.0,
,False,dress,ES,ES,2026-01-08 02:00:00,55.0,
,False,dress,ES,ES,2026-01-08 03:00:00,78.0,
,False,dress,ES,ES,2026-01-08 04:00:00,69.0,
,False,dress,ES,ES,2026-01-08 05:00:00,39.0,
,False,dress,ES,ES,2026-01-08 06:00:00,42.0,
,False,dress,ES,ES,2026-01-08 07:00:00,19.0,
,False,dress,ES,ES,2026-01-08 08:00:00,23.0,
,False,dress,ES,ES,2026-01-08 09:00:00,26.0,
,False,dress,ES,ES,2026-01-08 10:00:00,26.0,
,False,dress,ES,ES,2026-01-08 11:00:00,32.0,
,False,dress,ES,ES,2026-01-08 12:00:00,24.0,
,False,dress,ES,ES,2026-01-08 13:00:00,24.0,
,False,dress,ES,ES,2026-01-08 14:00:00,32.0,
,False,dress,ES,ES,2026-01-08 15:00:00,28.0,
,False,dress,ES,ES,2026-01-08 16:00:00,31.0,
,False,dress,ES,ES,2026-01-08 17:00:00,29.0,
,False,dress,ES,ES,2026-01-08 18:00:00,25.0,
,False,dress,ES,ES,2026-01-08 19:00:00,27.0,
,False,dress,ES,ES,2026-01-08 20:00:00,24.0,
,False,dress,ES,ES,2026-01-08 21:00:00,30.0,
,False,dress,ES,ES,2026-01-08 22:00:00,40.0,
,False,dress,ES,ES,2026-01-08 23:00:00,46.0,
,False,dress,ES,ES,2026-01-09 00:00:00,44.0,
,False,dress,ES,ES,2026-01-09 01:00:00,53.0,
,False,dress,ES,ES,2026-01-09 02:00:00,60.0,
,False,dress,ES,ES,2026-01-09 03:00:00,51.0,
,False,dress,ES,ES,2026-01-09 04:00:00,32.0,
,False,dress,ES,ES,2026-01-09 05:00:00,36.0,
,False,dress,ES,ES,2026-01-09 06:00:00,14.0,
,False,dress,ES,ES,2026-01-09 07:00:00,23.0,
,False,dress,ES,ES,2026-01-09 08:00:00,24.0,
,False,dress,ES,ES,2026-01-09 09:00:00,20.0,
,False,dress,ES,ES,2026-01-09 10:00:00,24.0,
,False,dress,ES,ES,2026-01-09 11:00:00,22.0,
,False,dress,ES,ES,2026-01-09 12:00:00,26.0,
,False,dress,ES,ES,2026-01-09 13:00:00,31.0,
,False,dress,ES,ES,2026-01-09 14:00:00,35.0,
,False,dress,ES,ES,2026-01-09 15:00:00,35.0,
,False,dress,ES,ES,2026-01-09 16:00:00,30.0,
,False,dress,ES,ES,2026-01-09 17:00:00,26.0,
,False,dress,ES,ES,2026-01-09 18:00:00,30.0,
,False,dress,ES,ES,2026-01-09 19:00:00,21.0,
,False,dress,ES,ES,2026-01-09 20:00:00,33.0,
,False,dress,ES,ES,2026-01-09 21:00:00,33.0,
,False,dress,ES,ES,2026-01-09 22:00:00,38.0,
,False,dress,ES,ES,2026-01-09 23:00:00,37.0,
,False,dress,ES,ES,2026-01-10 00:00:00,42.0,
,False,dress,ES,ES,2026-01-10 01:00:00,62.0,
,False,dress,ES,ES,2026-01-10 02:00:00,52.0,
,False,dress,ES,ES,2026-01-10 03:00:00,67.0,
,False,dress,ES,ES,2026-01-10 04:00:00,80.0,
,False,dress,ES,ES,2026-01-10 05:00:00,39.0,
,False,dress,ES,ES,2026-01-10 06:00:00,42.0,
,False,dress,ES,ES,2026-01-10 07:00:00,30.0,
,False,dress,ES,ES,2026-01-10 08:00:00,29.0,
,False,dress,ES,ES,2026-01-10 09:00:00,31.0,
,False,dress,ES,ES,2026-01-10 10:00:00,31.0,
,False,dress,ES,ES,2026-01-10 11:00:00,37.0,
,False,dress,ES,ES,2026-01-10 12:00:00,37.0,
,False,dress,ES,ES,2026-01-10 13:00:00,32.0,
,True,dress,ES,ES,2026-01-10 14:00:00,0.0,
,False,t-shirt,ES,ES,2026-01-03 14:00:00,,88.0
,False,t-shirt,ES,ES,2026-01-03 15:00:00,,54.0
,False,t-shirt,ES,ES,2026-01-03 16:00:00,,62.0
,False,t-shirt,ES,ES,2026-01-03 17:00:00,,51.0
,False,t-shirt,ES,ES,2026-01-03 18:00:00,,59.0
,False,t-shirt,ES,ES,2026-01-03 19:00:00,,0.0
,False,t-shirt,ES,ES,2026-01-03 20:00:00,,0.0
,False,t-shirt,ES,ES,2026-01-03 21:00:00,,0.0
,False,t-shirt,ES,ES,2026-01-03 22:00:00,,0.0
,False,t-shirt,ES,ES,2026-01-03 23:00:00,,0.0
,False,t-shirt,ES,ES,2026-01-04 00:00:00,,0.0
,False,t-shirt,ES,ES,2026-01-04 01:00:00,,0.0
,False,t-shirt,ES,ES,2026-01-04 02:00:00,,0.0
,False,t-shirt,ES,ES,2026-01-04 03:00:00,,0.0
,False,t-shirt,ES,ES,2026-01-04 04:00:00,,0.0
,False,t-shirt,ES,ES,2026-01-04 05:00:00,,0.0
,False,t-shirt,ES,ES,2026-01-04 06:00:00,,0.0
,False,t-shirt,ES,ES,2026-01-04 07:00:00,,0.0
,False,t-shirt,ES,ES,2026-01-04 08:00:00,,0.0
,False,t-shirt,ES,ES,2026-01-04 09:00:00,,0.0
,False,t-shirt,ES,ES,2026-01-04 10:00:00,,48.0
,False,t-shirt,ES,ES,2026-01-04 11:00:00,,0.0
,False,t-shirt,ES,ES,2026-01-04 12:00:00,,45.0
,False,t-shirt,ES,ES,2026-01-04 13:00:00,,38.0
,False,t-shirt,ES,ES,2026-01-04 14:00:00,,0.0
,False,t-shirt,ES,ES,2026-01-04 15:00:00,,33.0
,False,t-shirt,ES,ES,2026-01-04 16:00:00,,0.0
,False,t-shirt,ES,ES,2026-01-04 17:00:00,,65.0
,False,t-shirt,ES,ES,2026-01-04 18:00:00,,41.0
,False,t-shirt,ES,ES,2026-01-04 19:00:00,,33.0
,False,t-shirt,ES,ES,2026-01-04 20:00:00,,54.0
,False,t-shirt,ES,ES,2026-01-04 21:00:00,,0.0
,False,t-shirt,ES,ES,2026-01-04 22:00:00,,40.0
,False,t-shirt,ES,ES,2026-01-04 23:00:00,,0.0
,False,t-shirt,ES,ES,2026-01-05 00:00:00,,0.0
,False,t-shirt,ES,ES,2026-01-05 01:00:00,,0.0
,False,t-shirt,ES,ES,2026-01-05 02:00:00,,0.0
,False,t-shirt,ES,ES,2026-01-05 03:00:00,,0.0
,False,t-shirt,ES,ES,2026-01-05 04:00:00,,0.0
,False,t-shirt,ES,ES,2026-01-05 05:00:00,,0.0
,False,t-shirt,ES,ES,2026-01-05 06:00:00,,0.0
,False,t-shirt,ES,ES,2026-01-05 07:00:00,,0.0
,False,t-shirt,ES,ES,2026-01-05 08:00:00,,0.0
,False,t-shirt,ES,ES,2026-01-05 09:00:00,,0.0
,False,t-shirt,ES,ES,2026-01-05 10:00:00,,100.0
,False,t-shirt,ES,ES,2026-01-05 11:00:00,,39.0
,False,t-shirt,ES,ES,2026-01-05 12:00:00,,51.0
,False,t-shirt,ES,ES,2026-01-05 13:00:00,,46.0
,False,t-shirt,ES,ES,2026-01-05 14:00:00,,52.0
,False,t-shirt,ES,ES,2026-01-05 15:00:00,,57.0
,False,t-shirt,ES,ES,2026-01-05 16:00:00,,0.0
,False,t-shirt,ES,ES,2026-01-05 17:00:00,,0.0
,False,t-shirt,ES,ES,2026-01-05 18:00:00,,0.0
,False,t-shirt,ES,ES,2026-01-05 19:00:00,,37.0
,False,t-shirt,ES,ES,2026-01-05 20:00:00,,0.0
,False,t-shirt,ES,ES,2026-01-05 21:00:00,,0.0
,False,t-shirt,ES,ES,2026-01-05 22:00:00,,54.0
,False,t-shirt,ES,ES,2026-01-05 23:00:00,,86.0
,False,t-shirt,ES,ES,2026-01-06 00:00:00,,0.0
,False,t-shirt,ES,ES,2026-01-06 01:00:00,,0.0
,False,t-shirt,ES,ES,2026-01-06 02:00:00,,0.0
,False,t-shirt,ES,ES,2026-01-06 03:00:00,,0.0
,False,t-shirt,ES,ES,2026-01-06 04:00:00,,0.0
,False,t-shirt,ES,ES,2026-01-06 05:00:00,,0.0
,False,t-shirt,ES,ES,2026-01-06 06:00:00,,0.0
,False,t-shirt,ES,ES,2026-01-06 07:00:00,,0.0
,False,t-shirt,ES,ES,2026-01-06 08:00:00,,0.0
,False,t-shirt,ES,ES,2026-01-06 09:00:00,,0.0
,False,t-shirt,ES,ES,2026-01-06 10:00:00,,0.0
,False,t-shirt,ES,ES,2026-01-06 11:00:00,,34.0
,False,t-shirt,ES,ES,2026-01-06 12:00:00,,0.0
,False,t-shirt,ES,ES,2026-01-06 13:00:00,,61.0
,False,t-shirt,ES,ES,2026-01-06 14:00:00,,0.0
,False,t-shirt,ES,ES,2026-01-06 15:00:00,,45.0
,False,t-shirt,ES,ES,2026-01-06 16:00:00,,53.0
,False,t-shirt,ES,ES,2026-01-06 17:00:00,,47.0
,False,t-shirt,ES,ES,2026-01-06 18:00:00,,61.0
,False,t-shirt,ES,ES,2026-01-06 19:00:00,,41.0
,False,t-shirt,ES,ES,2026-01-06 20:00:00,,0.0
,False,t-shirt,ES,ES,2026-01-06 21:00:00,,0.0
,False,t-shirt,ES,ES,2026-01-06 22:00:00,,51.0
,False,t-shirt,ES,ES,2026-01-06 23:00:00,,0.0
,False,t-shirt,ES,ES,2026-01-07 00:00:00,,0.0
,False,t-shirt,ES,ES,2026-01-07 01:00:00,,0.0
,False,t-shirt,ES,ES,2026-01-07 02:00:00,,0.0
,False,t-shirt,ES,ES,2026-01-07 03:00:00,,0.0
,False,t-shirt,ES,ES,2026-01-07 04:00:00,,0.0
,False,t-shirt,ES,ES,2026-01-07 05:00:00,,0.0
,False,t-shirt,ES,ES,2026-01-07 06:00:00,,0.0
,False,t-shirt,ES,ES,2026-01-07 07:00:00,,0.0
,False,t-shirt,ES,ES,2026-01-07 08:00:00,,0.0
,False,t-shirt,ES,ES,2026-01-07 09:00:00,,61.0
,False,t-shirt,ES,ES,2026-01-07 10:00:00,,0.0
,False,t-shirt,ES,ES,2026-01-07 11:00:00,,44.0
,False,t-shirt,ES,ES,2026-01-07 12:00:00,,37.0
,False,t-shirt,ES,ES,2026-01-07 13:00:00,,0.0
,False,t-shirt,ES,ES,2026-01-07 14:00:00,,65.0
,False,t-shirt,ES,ES,2026-01-07 15:00:00,,63.0
,False,t-shirt,ES,ES,2026-01-07 16:00:00,,0.0
,False,t-shirt,ES,ES,2026-01-07 17:00:00,,35.0
,False,t-shirt,ES,ES,2026-01-07 18:00:00,,0.0
,False,t-shirt,ES,ES,2026-01-07 19:00:00,,30.0
,False,t-shirt,ES,ES,2026-01-07 20:00:00,,42.0
,False,t-shirt,ES,ES,2026-01-07 21:00:00,,77.0
,False,t-shirt,ES,ES,2026-01-07 22:00:00,,56.0
,False,t-shirt,ES,ES,2026-01-07 23:00:00,,0.0
,False,t-shirt,ES,ES,2026-01-08 00:00:00,,0.0
,False,t-shirt,ES,ES,2026-01-08 01:00:00,,0.0
,False,t-shirt,ES,ES,2026-01-08 02:00:00,,0.0
,False,t-shirt,ES,ES,2026-01-08 03:00:00,,0.0
,False,t-shirt,ES,ES,2026-01-08 04:00:00,,0.0
,False,t-shirt,ES,ES,2026-01-08 05:00:00,,0.0
,False,t-shirt,ES,ES,2026-01-08 06:00:00,,0.0
,False,t-shirt,ES,ES,2026-01-08 07:00:00,,0.0
,False,t-shirt,ES,ES,2026-01-08 08:00:00,,0.0
,False,t-shirt,ES,ES,2026-01-08 09:00:00,,0.0
,False,t-shirt,ES,ES,2026-01-08 10:00:00,,35.0
,False,t-shirt,ES,ES,2026-01-08 11:00:00,,33.0
,False,t-shirt,ES,ES,2026-01-08 12:00:00,,72.0
,False,t-shirt,ES,ES,2026-01-08 13:00:00,,57.0
,False,t-shirt,ES,ES,2026-01-08 14:00:00,,63.0
,False,t-shirt,ES,ES,2026-01-08 15:00:00,,40.0
,False,t-shirt,ES,ES,2026-01-08 16:00:00,,0.0
,False,t-shirt,ES,ES,2026-01-08 17:00:00,,0.0
,False,t-shirt,ES,ES,2026-01-08 18:00:00,,34.0
,False,t-shirt,ES,ES,2026-01-08 19:00:00,,0.0
,False,t-shirt,ES,ES,2026-01-08 20:00:00,,0.0
,False,t-shirt,ES,ES,2026-01-08 21:00:00,,0.0
,False,t-shirt,ES,ES,2026-01-08 22:00:00,,57.0
,False,t-shirt,ES,ES,2026-01-08 23:00:00,,0.0
,False,t-shirt,ES,ES,2026-01-09 00:00:00,,0.0
,False,t-shirt,ES,ES,2026-01-09 01:00:00,,0.0
,False,t-shirt,ES,ES,2026-01-09 02:00:00,,0.0
,False,t-shirt,ES,ES,2026-01-09 03:00:00,,0.0
,False,t-shirt,ES,ES,2026-01-09 04:00:00,,0.0
,False,t-shirt,ES,ES,2026-01-09 05:00:00,,0.0
,False,t-shirt,ES,ES,2026-01-09 06:00:00,,0.0
,False,t-shirt,ES,ES,2026-01-09 07:00:00,,0.0
,False,t-shirt,ES,ES,2026-01-09 08:00:00,,60.0
,False,t-shirt,ES,ES,2026-01-09 09:00:00,,40.0
,False,t-shirt,ES,ES,2026-01-09 10:00:00,,36.0
,False,t-shirt,ES,ES,2026-01-09 11:00:00,,0.0
,False,t-shirt,ES,ES,2026-01-09 12:00:00,,0.0
,False,t-shirt,ES,ES,2026-01-09 13:00:00,,50.0
,False,t-shirt,ES,ES,2026-01-09 14:00:00,,38.0
,False,t-shirt,ES,ES,2026-01-09 15:00:00,,35.0
,False,t-shirt,ES,ES,2026-01-09 16:00:00,,49.0
,False,t-shirt,ES,ES,2026-01-09 17:00:00,,0.0
,False,t-shirt,ES,ES,2026-01-09 18:00:00,,0.0
,False,t-shirt,ES,ES,2026-01-09 19:00:00,,40.0
,False,t-shirt,ES,ES,2026-01-09 20:00:00,,0.0
,False,t-shirt,ES,ES,2026-01-09 21:00:00,,43.0
,False,t-shirt,ES,ES,2026-01-09 22:00:00,,0.0
,False,t-shirt,ES,ES,2026-01-09 23:00:00,,0.0
,False,t-shirt,ES,ES,2026-01-10 00:00:00,,0.0
,False,t-shirt,ES,ES,2026-01-10 01:00:00,,0.0
,False,t-shirt,ES,ES,2026-01-10 02:00:00,,0.0
,False,t-shirt,ES,ES,2026-01-10 03:00:00,,0.0
,False,t-shirt,ES,ES,2026-01-10 04:00:00,,0.0
,False,t-shirt,ES,ES,2026-01-10 05:00:00,,0.0
,False,t-shirt,ES,ES,2026-01-10 06:00:00,,0.0
,False,t-shirt,ES,ES,2026-01-10 07:00:00,,0.0
,False,t-shirt,ES,ES,2026-01-10 08:00:00,,0.0
,False,t-shirt,ES,ES,2026-01-10 09:00:00,,0.0
,False,t-shirt,ES,ES,2026-01-10 10:00:00,,0.0
,False,t-shirt,ES,ES,2026-01-10 11:00:00,,52.0
,False,t-shirt,ES,ES,2026-01-10 12:00:00,,54.0
,False,t-shirt,ES,ES,2026-01-10 13:00:00,,0.0
,True,t-shirt,ES,ES,2026-01-10 14:00:00,,0.0
70.0,False,pant,NL,NL,2026-01-03 14:00:00,,
83.0,False,pant,NL,NL,2026-01-03 15:00:00,,
79.0,False,pant,NL,NL,2026-01-03 16:00:00,,
60.0,False,pant,NL,NL,2026-01-03 17:00:00,,
82.0,False,pant,NL,NL,2026-01-03 18:00:00,,
50.0,False,pant,NL,NL,2026-01-03 19:00:00,,
63.0,False,pant,NL,NL,2026-01-03 20:00:00,,
66.0,False,pant,NL,NL,2026-01-03 21:00:00,,
50.0,False,pant,NL,NL,2026-01-03 22:00:00,,
0.0,False,pant,NL,NL,2026-01-03 23:00:00,,
0.0,False,pant,NL,NL,2026-01-04 00:00:00,,
0.0,False,pant,NL,NL,2026-01-04 01:00:00,,
0.0,False,pant,NL,NL,2026-01-04 02:00:00,,
0.0,False,pant,NL,NL,2026-01-04 03:00:00,,
0.0,False,pant,NL,NL,2026-01-04 04:00:00,,
0.0,False,pant,NL,NL,2026-01-04 05:00:00,,
0.0,False,pant,NL,NL,2026-01-04 06:00:00,,
0.0,False,pant,NL,NL,2026-01-04 07:00:00,,
0.0,False,pant,NL,NL,2026-01-04 08:00:00,,
65.0,False,pant,NL,NL,2026-01-04 09:00:00,,
62.0,False,pant,NL,NL,2026-01-04 10:00:00,,
83.0,False,pant,NL,NL,2026-01-04 11:00:00,,
54.0,False,pant,NL,NL,2026-01-04 12:00:00,,
53.0,False,pant,NL,NL,2026-01-04 13:00:00,,
53.0,False,pant,NL,NL,2026-01-04 14:00:00,,
66.0,False,pant,NL,NL,2026-01-04 15:00:00,,
56.0,False,pant,NL,NL,2026-01-04 16:00:00,,
58.0,False,pant,NL,NL,2026-01-04 17:00:00,,
66.0,False,pant,NL,NL,2026-01-04 18:00:00,,
88.0,False,pant,NL,NL,2026-01-04 19:00:00,,
47.0,False,pant,NL,NL,2026-01-04 20:00:00,,
58.0,False,pant,NL,NL,2026-01-04 21:00:00,,
0.0,False,pant,NL,NL,2026-01-04 22:00:00,,
0.0,False,pant,NL,NL,2026-01-04 23:00:00,,
0.0,False,pant,NL,NL,2026-01-05 00:00:00,,
0.0,False,pant,NL,NL,2026-01-05 01:00:00,,
0.0,False,pant,NL,NL,2026-01-05 02:00:00,,
0.0,False,pant,NL,NL,2026-01-05 03:00:00,,
0.0,False,pant,NL,NL,2026-01-05 04:00:00,,
0.0,False,pant,NL,NL,2026-01-05 05:00:00,,
0.0,False,pant,NL,NL,2026-01-05 06:00:00,,
41.0,False,pant,NL,NL,2026-01-05 07:00:00,,
37.0,False,pant,NL,NL,2026-01-05 08:00:00,,
40.0,False,pant,NL,NL,2026-01-05 09:00:00,,
31.0,False,pant,NL,NL,2026-01-05 10:00:00,,
33.0,False,pant,NL,NL,2026-01-05 11:00:00,,
33.0,False,pant,NL,NL,2026-01-05 12:00:00,,
48.0,False,pant,NL,NL,2026-01-05 13:00:00,,
47.0,False,pant,NL,NL,2026-01-05 14:00:00,,
80.0,False,pant,NL,NL,2026-01-05 15:00:00,,
42.0,False,pant,NL,NL,2026-01-05 16:00:00,,
45.0,False,pant,NL,NL,2026-01-05 17:00:00,,
45.0,False,pant,NL,NL,2026-01-05 18:00:00,,
100.0,False,pant,NL,NL,2026-01-05 19:00:00,,
74.0,False,pant,NL,NL,2026-01-05 20:00:00,,
67.0,False,pant,NL,NL,2026-01-05 21:00:00,,
79.0,False,pant,NL,NL,2026-01-05 22:00:00,,
0.0,False,pant,NL,NL,2026-01-05 23:00:00,,
0.0,False,pant,NL,NL,2026-01-06 00:00:00,,
0.0,False,pant,NL,NL,2026-01-06 01:00:00,,
0.0,False,pant,NL,NL,2026-01-06 02:00:00,,
0.0,False,pant,NL,NL,2026-01-06 03:00:00,,
0.0,False,pant,NL,NL,2026-01-06 04:00:00,,
0.0,False,pant,NL,NL,2026-01-06 05:00:00,,
0.0,False,pant,NL,NL,2026-01-06 06:00:00,,
0.0,False,pant,NL,NL,2026-01-06 07:00:00,,
28.0,False,pant,NL,NL,2026-01-06 08:00:00,,
38.0,False,pant,NL,NL,2026-01-06 09:00:00,,
30.0,False,pant,NL,NL,2026-01-06 10:00:00,,
28.0,False,pant,NL,NL,2026-01-06 11:00:00,,
44.0,False,pant,NL,NL,2026-01-06 12:00:00,,
37.0,False,pant,NL,NL,2026-01-06 13:00:00,,
46.0,False,pant,NL,NL,2026-01-06 14:00:00,,
52.0,False,pant,NL,NL,2026-01-06 15:00:00,,
43.0,False,pant,NL,NL,2026-01-06 16:00:00,,
38.0,False,pant,NL,NL,2026-01-06 17:00:00,,
47.0,False,pant,NL,NL,2026-01-06 18:00:00,,
56.0,False,pant,NL,NL,2026-01-06 19:00:00,,
49.0,False,pant,NL,NL,2026-01-06 20:00:00,,
73.0,False,pant,NL,NL,2026-01-06 21:00:00,,
85.0,False,pant,NL,NL,2026-01-06 22:00:00,,
0.0,False,pant,NL,NL,2026-01-06 23:00:00,,
0.0,False,pant,NL,NL,2026-01-07 00:00:00,,
0.0,False,pant,NL,NL,2026-01-07 01:00:00,,
0.0,False,pant,NL,NL,2026-01-07 02:00:00,,
0.0,False,pant,NL,NL,2026-01-07 03:00:00,,
0.0,False,pant,NL,NL,2026-01-07 04:00:00,,
0.0,False,pant,NL,NL,2026-01-07 05:00:00,,
0.0,False,pant,NL,NL,2026-01-07 06:00:00,,
0.0,False,pant,NL,NL,2026-01-07 07:00:00,,
0.0,False,pant,NL,NL,2026-01-07 08:00:00,,
39.0,False,pant,NL,NL,2026-01-07 09:00:00,,
48.0,False,pant,NL,NL,2026-01-07 10:00:00,,
42.0,False,pant,NL,NL,2026-01-07 11:00:00,,
28.0,False,pant,NL,NL,2026-01-07 12:00:00,,
55.0,False,pant,NL,NL,2026-01-07 13:00:00,,
32.0,False,pant,NL,NL,2026-01-07 14:00:00,,
51.0,False,pant,NL,NL,2026-01-07 15:00:00,,
43.0,False,pant,NL,NL,2026-01-07 16:00:00,,
41.0,False,pant,NL,NL,2026-01-07 17:00:00,,
52.0,False,pant,NL,NL,2026-01-07 18:00:00,,
47.0,False,pant,NL,NL,2026-01-07 19:00:00,,
75.0,False,pant,NL,NL,2026-01-07 20:00:00,,
56.0,False,pant,NL,NL,2026-01-07 21:00:00,,
64.0,False,pant,NL,NL,2026-01-07 22:00:00,,
0.0,False,pant,NL,NL,2026-01-07 23:00:00,,
0.0,False,pant,NL,NL,2026-01-08 00:00:00,,
0.0,False,pant,NL,NL,2026-01-08 01:00:00,,
0.0,False,pant,NL,NL,2026-01-08 02:00:00,,
0.0,False,pant,NL,NL,2026-01-08 03:00:00,,
0.0,False,pant,NL,NL,2026-01-08 04:00:00,,
0.0,False,pant,NL,NL,2026-01-08 05:00:00,,
0.0,False,pant,NL,NL,2026-01-08 06:00:00,,
0.0,False,pant,NL,NL,2026-01-08 07:00:00,,
0.0,False,pant,NL,NL,2026-01-08 08:00:00,,
44.0,False,pant,NL,NL,2026-01-08 09:00:00,,
34.0,False,pant,NL,NL,2026-01-08 10:00:00,,
29.0,False,pant,NL,NL,2026-01-08 11:00:00,,
41.0,False,pant,NL,NL,2026-01-08 12:00:00,,
46.0,False,pant,NL,NL,2026-01-08 13:00:00,,
37.0,False,pant,NL,NL,2026-01-08 14:00:00,,
37.0,False,pant,NL,NL,2026-01-08 15:00:00,,
61.0,False,pant,NL,NL,2026-01-08 16:00:00,,
46.0,False,pant,NL,NL,2026-01-08 17:00:00,,
41.0,False,pant,NL,NL,2026-01-08 18:00:00,,
63.0,False,pant,NL,NL,2026-01-08 19:00:00,,
63.0,False,pant,NL,NL,2026-01-08 20:00:00,,
53.0,False,pant,NL,NL,2026-01-08 21:00:00,,
0.0,False,pant,NL,NL,2026-01-08 22:00:00,,
95.0,False,pant,NL,NL,2026-01-08 23:00:00,,
0.0,False,pant,NL,NL,2026-01-09 00:00:00,,
0.0,False,pant,NL,NL,2026-01-09 01:00:00,,
0.0,False,pant,NL,NL,2026-01-09 02:00:00,,
0.0,False,pant,NL,NL,2026-01-09 03:00:00,,
0.0,False,pant,NL,NL,2026-01-09 04:00:00,,
0.0,False,pant,NL,NL,2026-01-09 05:00:00,,
0.0,False,pant,NL,NL,2026-01-09 06:00:00,,
0.0,False,pant,NL,NL,2026-01-09 07:00:00,,
43.0,False,pant,NL,NL,2026-01-09 08:00:00,,
50.0,False,pant,NL,NL,2026-01-09 09:00:00,,
44.0,False,pant,NL,NL,2026-01-09 10:00:00,,
39.0,False,pant,NL,NL,2026-01-09 11:00:00,,
39.0,False,pant,NL,NL,2026-01-09 12:00:00,,
46.0,False,pant,NL,NL,2026-01-09 13:00:00,,
41.0,False,pant,NL,NL,2026-01-09 14:00:00,,
60.0,False,pant,NL,NL,2026-01-09 15:00:00,,
56.0,False,pant,NL,NL,2026-01-09 16:00:00,,
64.0,False,pant,NL,NL,2026-01-09 17:00:00,,
39.0,False,pant,NL,NL,2026-01-09 18:00:00,,
27.0,False,pant,NL,NL,2026-01-09 19:00:00,,
54.0,False,pant,NL,NL,2026-01-09 20:00:00,,
59.0,False,pant,NL,NL,2026-01-09 21:00:00,,
46.0,False,pant,NL,NL,2026-01-09 22:00:00,,
71.0,False,pant,NL,NL,2026-01-09 23:00:00,,
0.0,False,pant,NL,NL,2026-01-10 00:00:00,,
0.0,False,pant,NL,NL,2026-01-10 01:00:00,,
0.0,False,pant,NL,NL,2026-01-10 02:00:00,,
0.0,False,pant,NL,NL,2026-01-10 03:00:00,,
0.0,False,pant,NL,NL,2026-01-10 04:00:00,,
0.0,False,pant,NL,NL,2026-01-10 05:00:00,,
0.0,False,pant,NL,NL,2026-01-10 06:00:00,,
0.0,False,pant,NL,NL,2026-01-10 07:00:00,,
0.0,False,pant,NL,NL,2026-01-10 08:00:00,,
0.0,False,pant,NL,NL,2026-01-10 09:00:00,,
33.0,False,pant,NL,NL,2026-01-10 10:00:00,,
50.0,False,pant,NL,NL,2026-01-10 11:00:00,,
63.0,False,pant,NL,NL,2026-01-10 12:00:00,,
70.0,False,pant,NL,NL,2026-01-10 13:00:00,,
0.0,True,pant,NL,NL,2026-01-10 14:00:00,,
,False,dress,NL,NL,2026-01-03 14:00:00,50.0,
,False,dress,NL,NL,2026-01-03 15:00:00,51.0,
,False,dress,NL,NL,2026-01-03 16:00:00,53.0,
,False,dress,NL,NL,2026-01-03 17:00:00,55.0,
,False,dress,NL,NL,2026-01-03 18:00:00,56.0,
,False,dress,NL,NL,2026-01-03 19:00:00,66.0,
,False,dress,NL,NL,2026-01-03 20:00:00,69.0,
,False,dress,NL,NL,2026-01-03 21:00:00,63.0,
,False,dress,NL,NL,2026-01-03 22:00:00,75.0,
,False,dress,NL,NL,2026-01-03 23:00:00,86.0,
,False,dress,NL,NL,2026-01-04 00:00:00,88.0,
,False,dress,NL,NL,2026-01-04 01:00:00,76.0,
,False,dress,NL,NL,2026-01-04 02:00:00,74.0,
,False,dress,NL,NL,2026-01-04 03:00:00,87.0,
,False,dress,NL,NL,2026-01-04 04:00:00,65.0,
,False,dress,NL,NL,2026-01-04 05:00:00,52.0,
,False,dress,NL,NL,2026-01-04 06:00:00,63.0,
,False,dress,NL,NL,2026-01-04 07:00:00,65.0,
,False,dress,NL,NL,2026-01-04 08:00:00,56.0,
,False,dress,NL,NL,2026-01-04 09:00:00,47.0,
,False,dress,NL,NL,2026-01-04 10:00:00,39.0,
,False,dress,NL,NL,2026-01-04 11:00:00,43.0,
,False,dress,NL,NL,2026-01-04 12:00:00,47.0,
,False,dress,NL,NL,2026-01-04 13:00:00,52.0,
,False,dress,NL,NL,2026-01-04 14:00:00,57.0,
,False,dress,NL,NL,2026-01-04 15:00:00,47.0,
,False,dress,NL,NL,2026-01-04 16:00:00,50.0,
,False,dress,NL,NL,2026-01-04 17:00:00,52.0,
,False,dress,NL,NL,2026-01-04 18:00:00,53.0,
,False,dress,NL,NL,2026-01-04 19:00:00,60.0,
,False,dress,NL,NL,2026-01-04 20:00:00,55.0,
,False,dress,NL,NL,2026-01-04 21:00:00,71.0,
,False,dress,NL,NL,2026-01-04 22:00:00,92.0,
,False,dress,NL,NL,2026-01-04 23:00:00,81.0,
,False,dress,NL,NL,2026-01-05 00:00:00,77.0,
,False,dress,NL,NL,2026-01-05 01:00:00,64.0,
,False,dress,NL,NL,2026-01-05 02:00:00,90.0,
,False,dress,NL,NL,2026-01-05 03:00:00,60.0,
,False,dress,NL,NL,2026-01-05 04:00:00,70.0,
,False,dress,NL,NL,2026-01-05 05:00:00,39.0,
,False,dress,NL,NL,2026-01-05 06:00:00,24.0,
,False,dress,NL,NL,2026-01-05 07:00:00,35.0,
,False,dress,NL,NL,2026-01-05 08:00:00,26.0,
,False,dress,NL,NL,2026-01-05 09:00:00,28.0,
,False,dress,NL,NL,2026-01-05 10:00:00,31.0,
,False,dress,NL,NL,2026-01-05 11:00:00,35.0,
,False,dress,NL,NL,2026-01-05 12:00:00,34.0,
,False,dress,NL,NL,2026-01-05 13:00:00,37.0,
,False,dress,NL,NL,2026-01-05 14:00:00,36.0,
,False,dress,NL,NL,2026-01-05 15:00:00,40.0,
,False,dress,NL,NL,2026-01-05 16:00:00,47.0,
,False,dress,NL,NL,2026-01-05 17:00:00,47.0,
,False,dress,NL,NL,2026-01-05 18:00:00,52.0,
,False,dress,NL,NL,2026-01-05 19:00:00,56.0,
,False,dress,NL,NL,2026-01-05 20:00:00,57.0,
,False,dress,NL,NL,2026-01-05 21:00:00,73.0,
,False,dress,NL,NL,2026-01-05 22:00:00,77.0,
,False,dress,NL,NL,2026-01-05 23:00:00,79.0,
,False,dress,NL,NL,2026-01-06 00:00:00,95.0,
,False,dress,NL,NL,2026-01-06 01:00:00,74.0,
,False,dress,NL,NL,2026-01-06 02:00:00,100.0,
,False,dress,NL,NL,2026-01-06 03:00:00,53.0,
,False,dress,NL,NL,2026-01-06 04:00:00,59.0,
,False,dress,NL,NL,2026-01-06 05:00:00,25.0,
,False,dress,NL,NL,2026-01-06 06:00:00,30.0,
,False,dress,NL,NL,2026-01-06 07:00:00,22.0,
,False,dress,NL,NL,2026-01-06 08:00:00,29.0,
,False,dress,NL,NL,2026-01-06 09:00:00,30.0,
,False,dress,NL,NL,2026-01-06 10:00:00,32.0,
,False,dress,NL,NL,2026-01-06 11:00:00,44.0,
,False,dress,NL,NL,2026-01-06 12:00:00,36.0,
,False,dress,NL,NL,2026-01-06 13:00:00,40.0,
,False,dress,NL,NL,2026-01-06 14:00:00,35.0,
,False,dress,NL,NL,2026-01-06 15:00:00,42.0,
,False,dress,NL,NL,2026-01-06 16:00:00,40.0,
,False,dress,NL,NL,2026-01-06 17:00:00,46.0,
,False,dress,NL,NL,2026-01-06 18:00:00,48.0,
,False,dress,NL,NL,2026-01-06 19:00:00,59.0,
,False,dress,NL,NL,2026-01-06 20:00:00,62.0,
,False,dress,NL,NL,2026-01-06 21:00:00,68.0,
,False,dress,NL,NL,2026-01-06 22:00:00,77.0,
,False,dress,NL,NL,2026-01-06 23:00:00,90.0,
,False,dress,NL,NL,2026-01-07 00:00:00,77.0,
,False,dress,NL,NL,2026-01-07 01:00:00,92.0,
,False,dress,NL,NL,2026-01-07 02:00:00,86.0,
,False,dress,NL,NL,2026-01-07 03:00:00,74.0,
,False,dress,NL,NL,2026-01-07 04:00:00,61.0,
,False,dress,NL,NL,2026-01-07 05:00:00,39.0,
,False,dress,NL,NL,2026-01-07 06:00:00,28.0,
,False,dress,NL,NL,2026-01-07 07:00:00,24.0,
,False,dress,NL,NL,2026-01-07 08:00:00,26.0,
,False,dress,NL,NL,2026-01-07 09:00:00,34.0,
,False,dress,NL,NL,2026-01-07 10:00:00,39.0,
,False,dress,NL,NL,2026-01-07 11:00:00,39.0,
,False,dress,NL,NL,2026-01-07 12:00:00,40.0,
,False,dress,NL,NL,2026-01-07 13:00:00,46.0,
,False,dress,NL,NL,2026-01-07 14:00:00,39.0,
,False,dress,NL,NL,2026-01-07 15:00:00,47.0,
,False,dress,NL,NL,2026-01-07 16:00:00,47.0,
,False,dress,NL,NL,2026-01-07 17:00:00,49.0,
,False,dress,NL,NL,2026-01-07 18:00:00,49.0,
,False,dress,NL,NL,2026-01-07 19:00:00,55.0,
,False,dress,NL,NL,2026-01-07 20:00:00,63.0,
,False,dress,NL,NL,2026-01-07 21:00:00,72.0,
,False,dress,NL,NL,2026-01-07 22:00:00,68.0,
,False,dress,NL,NL,2026-01-07 23:00:00,88.0,
,False,dress,NL,NL,2026-01-08 00:00:00,85.0,
,False,dress,NL,NL,2026-01-08 01:00:00,94.0,
,False,dress,NL,NL,2026-01-08 02:00:00,58.0,
,False,dress,NL,NL,2026-01-08 03:00:00,68.0,
,False,dress,NL,NL,2026-01-08 04:00:00,78.0,
,False,dress,NL,NL,2026-01-08 05:00:00,34.0,
,False,dress,NL,NL,2026-01-08 06:00:00,40.0,
,False,dress,NL,NL,2026-01-08 07:00:00,36.0,
,False,dress,NL,NL,2026-01-08 08:00:00,34.0,
,False,dress,NL,NL,2026-01-08 09:00:00,38.0,
,False,dress,NL,NL,2026-01-08 10:00:00,31.0,
,False,dress,NL,NL,2026-01-08 11:00:00,37.0,
,False,dress,NL,NL,2026-01-08 12:00:00,36.0,
,False,dress,NL,NL,2026-01-08 13:00:00,36.0,
,False,dress,NL,NL,2026-01-08 14:00:00,41.0,
,False,dress,NL,NL,2026-01-08 15:00:00,40.0,
,False,dress,NL,NL,2026-01-08 16:00:00,40.0,
,False,dress,NL,NL,2026-01-08 17:00:00,43.0,
,False,dress,NL,NL,2026-01-08 18:00:00,58.0,
,False,dress,NL,NL,2026-01-08 19:00:00,50.0,
,False,dress,NL,NL,2026-01-08 20:00:00,62.0,
,False,dress,NL,NL,2026-01-08 21:00:00,70.0,
,False,dress,NL,NL,2026-01-08 22:00:00,80.0,
,False,dress,NL,NL,2026-01-08 23:00:00,82.0,
,False,dress,NL,NL,2026-01-09 00:00:00,95.0,
,False,dress,NL,NL,2026-01-09 01:00:00,90.0,
,False,dress,NL,NL,2026-01-09 02:00:00,79.0,
,False,dress,NL,NL,2026-01-09 03:00:00,60.0,
,False,dress,NL,NL,2026-01-09 04:00:00,51.0,
,False,dress,NL,NL,2026-01-09 05:00:00,30.0,
,False,dress,NL,NL,2026-01-09 06:00:00,27.0,
,False,dress,NL,NL,2026-01-09 07:00:00,32.0,
,False,dress,NL,NL,2026-01-09 08:00:00,34.0,
,False,dress,NL,NL,2026-01-09 09:00:00,35.0,
,False,dress,NL,NL,2026-01-09 10:00:00,33.0,
,False,dress,NL,NL,2026-01-09 11:00:00,40.0,
,False,dress,NL,NL,2026-01-09 12:00:00,35.0,
,False,dress,NL,NL,2026-01-09 13:00:00,43.0,
,False,dress,NL,NL,2026-01-09 14:00:00,43.0,
,False,dress,NL,NL,2026-01-09 15:00:00,45.0,
,False,dress,NL,NL,2026-01-09 16:00:00,51.0,
,False,dress,NL,NL,2026-01-09 17:00:00,48.0,
,False,dress,NL,NL,2026-01-09 18:00:00,54.0,
,False,dress,NL,NL,2026-01-09 19:00:00,55.0,
,False,dress,NL,NL,2026-01-09 20:00:00,60.0,
,False,dress,NL,NL,2026-01-09 21:00:00,62.0,
,False,dress,NL,NL,2026-01-09 22:00:00,66.0,
,False,dress,NL,NL,2026-01-09 23:00:00,73.0,
,False,dress,NL,NL,2026-01-10 00:00:00,95.0,
,False,dress,NL,NL,2026-01-10 01:00:00,88.0,
,False,dress,NL,NL,2026-01-10 02:00:00,66.0,
,False,dress,NL,NL,2026-01-10 03:00:00,73.0,
,False,dress,NL,NL,2026-01-10 04:00:00,61.0,
,False,dress,NL,NL,2026-01-10 05:00:00,43.0,
,False,dress,NL,NL,2026-01-10 06:00:00,51.0,
,False,dress,NL,NL,2026-01-10 07:00:00,40.0,
,False,dress,NL,NL,2026-01-10 08:00:00,40.0,
,False,dress,NL,NL,2026-01-10 09:00:00,42.0,
,False,dress,NL,NL,2026-01-10 10:00:00,48.0,
,False,dress,NL,NL,2026-01-10 11:00:00,42.0,
,False,dress,NL,NL,2026-01-10 12:00:00,44.0,
,False,dress,NL,NL,2026-01-10 13:00:00,52.0,
,True,dress,NL,NL,2026-01-10 14:00:00,0.0,
,False,t-shirt,NL,NL,2026-01-03 14:00:00,,74.0
,False,t-shirt,NL,NL,2026-01-03 15:00:00,,51.0
,False,t-shirt,NL,NL,2026-01-03 16:00:00,,69.0
,False,t-shirt,NL,NL,2026-01-03 17:00:00,,57.0
,False,t-shirt,NL,NL,2026-01-03 18:00:00,,45.0
,False,t-shirt,NL,NL,2026-01-03 19:00:00,,46.0
,False,t-shirt,NL,NL,2026-01-03 20:00:00,,43.0
,False,t-shirt,NL,NL,2026-01-03 21:00:00,,47.0
,False,t-shirt,NL,NL,2026-01-03 22:00:00,,29.0
,False,t-shirt,NL,NL,2026-01-03 23:00:00,,47.0
,False,t-shirt,NL,NL,2026-01-04 00:00:00,,85.0
,False,t-shirt,NL,NL,2026-01-04 01:00:00,,0.0
,False,t-shirt,NL,NL,2026-01-04 02:00:00,,0.0
,False,t-shirt,NL,NL,2026-01-04 03:00:00,,0.0
,False,t-shirt,NL,NL,2026-01-04 04:00:00,,0.0
,False,t-shirt,NL,NL,2026-01-04 05:00:00,,0.0
,False,t-shirt,NL,NL,2026-01-04 06:00:00,,0.0
,False,t-shirt,NL,NL,2026-01-04 07:00:00,,56.0
,False,t-shirt,NL,NL,2026-01-04 08:00:00,,47.0
,False,t-shirt,NL,NL,2026-01-04 09:00:00,,43.0
,False,t-shirt,NL,NL,2026-01-04 10:00:00,,55.0
,False,t-shirt,NL,NL,2026-01-04 11:00:00,,61.0
,False,t-shirt,NL,NL,2026-01-04 12:00:00,,49.0
,False,t-shirt,NL,NL,2026-01-04 13:00:00,,64.0
,False,t-shirt,NL,NL,2026-01-04 14:00:00,,50.0
,False,t-shirt,NL,NL,2026-01-04 15:00:00,,65.0
,False,t-shirt,NL,NL,2026-01-04 16:00:00,,50.0
,False,t-shirt,NL,NL,2026-01-04 17:00:00,,47.0
,False,t-shirt,NL,NL,2026-01-04 18:00:00,,56.0
,False,t-shirt,NL,NL,2026-01-04 19:00:00,,55.0
,False,t-shirt,NL,NL,2026-01-04 20:00:00,,72.0
,False,t-shirt,NL,NL,2026-01-04 21:00:00,,68.0
,False,t-shirt,NL,NL,2026-01-04 22:00:00,,67.0
,False,t-shirt,NL,NL,2026-01-04 23:00:00,,90.0
,False,t-shirt,NL,NL,2026-01-05 00:00:00,,0.0
,False,t-shirt,NL,NL,2026-01-05 01:00:00,,0.0
,False,t-shirt,NL,NL,2026-01-05 02:00:00,,0.0
,False,t-shirt,NL,NL,2026-01-05 03:00:00,,0.0
,False,t-shirt,NL,NL,2026-01-05 04:00:00,,0.0
,False,t-shirt,NL,NL,2026-01-05 05:00:00,,0.0
,False,t-shirt,NL,NL,2026-01-05 06:00:00,,0.0
,False,t-shirt,NL,NL,2026-01-05 07:00:00,,35.0
,False,t-shirt,NL,NL,2026-01-05 08:00:00,,30.0
,False,t-shirt,NL,NL,2026-01-05 09:00:00,,31.0
,False,t-shirt,NL,NL,2026-01-05 10:00:00,,39.0
,False,t-shirt,NL,NL,2026-01-05 11:00:00,,47.0
,False,t-shirt,NL,NL,2026-01-05 12:00:00,,34.0
,False,t-shirt,NL,NL,2026-01-05 13:00:00,,28.0
,False,t-shirt,NL,NL,2026-01-05 14:00:00,,47.0
,False,t-shirt,NL,NL,2026-01-05 15:00:00,,41.0
,False,t-shirt,NL,NL,2026-01-05 16:00:00,,43.0
,False,t-shirt,NL,NL,2026-01-05 17:00:00,,45.0
,False,t-shirt,NL,NL,2026-01-05 18:00:00,,45.0
,False,t-shirt,NL,NL,2026-01-05 19:00:00,,62.0
,False,t-shirt,NL,NL,2026-01-05 20:00:00,,43.0
,False,t-shirt,NL,NL,2026-01-05 21:00:00,,50.0
,False,t-shirt,NL,NL,2026-01-05 22:00:00,,76.0
,False,t-shirt,NL,NL,2026-01-05 23:00:00,,0.0
,False,t-shirt,NL,NL,2026-01-06 00:00:00,,0.0
,False,t-shirt,NL,NL,2026-01-06 01:00:00,,0.0
,False,t-shirt,NL,NL,2026-01-06 02:00:00,,0.0
,False,t-shirt,NL,NL,2026-01-06 03:00:00,,0.0
,False,t-shirt,NL,NL,2026-01-06 04:00:00,,0.0
,False,t-shirt,NL,NL,2026-01-06 05:00:00,,0.0
,False,t-shirt,NL,NL,2026-01-06 06:00:00,,50.0
,False,t-shirt,NL,NL,2026-01-06 07:00:00,,25.0
,False,t-shirt,NL,NL,2026-01-06 08:00:00,,28.0
,False,t-shirt,NL,NL,2026-01-06 09:00:00,,44.0
,False,t-shirt,NL,NL,2026-01-06 10:00:00,,35.0
,False,t-shirt,NL,NL,2026-01-06 11:00:00,,37.0
,False,t-shirt,NL,NL,2026-01-06 12:00:00,,36.0
,False,t-shirt,NL,NL,2026-01-06 13:00:00,,41.0
,False,t-shirt,NL,NL,2026-01-06 14:00:00,,49.0
,False,t-shirt,NL,NL,2026-01-06 15:00:00,,53.0
,False,t-shirt,NL,NL,2026-01-06 16:00:00,,46.0
,False,t-shirt,NL,NL,2026-01-06 17:00:00,,50.0
,False,t-shirt,NL,NL,2026-01-06 18:00:00,,49.0
,False,t-shirt,NL,NL,2026-01-06 19:00:00,,56.0
,False,t-shirt,NL,NL,2026-01-06 20:00:00,,61.0
,False,t-shirt,NL,NL,2026-01-06 21:00:00,,69.0
,False,t-shirt,NL,NL,2026-01-06 22:00:00,,61.0
,False,t-shirt,NL,NL,2026-01-06 23:00:00,,0.0
,False,t-shirt,NL,NL,2026-01-07 00:00:00,,100.0
,False,t-shirt,NL,NL,2026-01-07 01:00:00,,0.0
,False,t-shirt,NL,NL,2026-01-07 02:00:00,,0.0
,False,t-shirt,NL,NL,2026-01-07 03:00:00,,0.0
,False,t-shirt,NL,NL,2026-01-07 04:00:00,,0.0
,False,t-shirt,NL,NL,2026-01-07 05:00:00,,0.0
,False,t-shirt,NL,NL,2026-01-07 06:00:00,,43.0
,False,t-shirt,NL,NL,2026-01-07 07:00:00,,25.0
,False,t-shirt,NL,NL,2026-01-07 08:00:00,,35.0
,False,t-shirt,NL,NL,2026-01-07 09:00:00,,31.0
,False,t-shirt,NL,NL,2026-01-07 10:00:00,,39.0
,False,t-shirt,NL,NL,2026-01-07 11:00:00,,55.0
,False,t-shirt,NL,NL,2026-01-07 12:00:00,,35.0
,False,t-shirt,NL,NL,2026-01-07 13:00:00,,44.0
,False,t-shirt,NL,NL,2026-01-07 14:00:00,,41.0
,False,t-shirt,NL,NL,2026-01-07 15:00:00,,39.0
,False,t-shirt,NL,NL,2026-01-07 16:00:00,,44.0
,False,t-shirt,NL,NL,2026-01-07 17:00:00,,43.0
,False,t-shirt,NL,NL,2026-01-07 18:00:00,,46.0
,False,t-shirt,NL,NL,2026-01-07 19:00:00,,54.0
,False,t-shirt,NL,NL,2026-01-07 20:00:00,,65.0
,False,t-shirt,NL,NL,2026-01-07 21:00:00,,55.0
,False,t-shirt,NL,NL,2026-01-07 22:00:00,,54.0
,False,t-shirt,NL,NL,2026-01-07 23:00:00,,0.0
,False,t-shirt,NL,NL,2026-01-08 00:00:00,,0.0
,False,t-shirt,NL,NL,2026-01-08 01:00:00,,0.0
,False,t-shirt,NL,NL,2026-01-08 02:00:00,,0.0
,False,t-shirt,NL,NL,2026-01-08 03:00:00,,0.0
,False,t-shirt,NL,NL,2026-01-08 04:00:00,,0.0
,False,t-shirt,NL,NL,2026-01-08 05:00:00,,0.0
,False,t-shirt,NL,NL,2026-01-08 06:00:00,,0.0
,False,t-shirt,NL,NL,2026-01-08 07:00:00,,30.0
,False,t-shirt,NL,NL,2026-01-08 08:00:00,,32.0
,False,t-shirt,NL,NL,2026-01-08 09:00:00,,44.0
,False,t-shirt,NL,NL,2026-01-08 10:00:00,,47.0
,False,t-shirt,NL,NL,2026-01-08 11:00:00,,43.0
,False,t-shirt,NL,NL,2026-01-08 12:00:00,,41.0
,False,t-shirt,NL,NL,2026-01-08 13:00:00,,43.0
,False,t-shirt,NL,NL,2026-01-08 14:00:00,,53.0
,False,t-shirt,NL,NL,2026-01-08 15:00:00,,50.0
,False,t-shirt,NL,NL,2026-01-08 16:00:00,,33.0
,False,t-shirt,NL,NL,2026-01-08 17:00:00,,39.0
,False,t-shirt,NL,NL,2026-01-08 18:00:00,,60.0
,False,t-shirt,NL,NL,2026-01-08 19:00:00,,47.0
,False,t-shirt,NL,NL,2026-01-08 20:00:00,,58.0
,False,t-shirt,NL,NL,2026-01-08 21:00:00,,51.0
,False,t-shirt,NL,NL,2026-01-08 22:00:00,,60.0
,False,t-shirt,NL,NL,2026-01-08 23:00:00,,79.0
,False,t-shirt,NL,NL,2026-01-09 00:00:00,,0.0
,False,t-shirt,NL,NL,2026-01-09 01:00:00,,0.0
,False,t-shirt,NL,NL,2026-01-09 02:00:00,,0.0
,False,t-shirt,NL,NL,2026-01-09 03:00:00,,0.0
,False,t-shirt,NL,NL,2026-01-09 04:00:00,,0.0
,False,t-shirt,NL,NL,2026-01-09 05:00:00,,0.0
,False,t-shirt,NL,NL,2026-01-09 06:00:00,,0.0
,False,t-shirt,NL,NL,2026-01-09 07:00:00,,0.0
,False,t-shirt,NL,NL,2026-01-09 08:00:00,,33.0
,False,t-shirt,NL,NL,2026-01-09 09:00:00,,29.0
,False,t-shirt,NL,NL,2026-01-09 10:00:00,,41.0
,False,t-shirt,NL,NL,2026-01-09 11:00:00,,47.0
,False,t-shirt,NL,NL,2026-01-09 12:00:00,,38.0
,False,t-shirt,NL,NL,2026-01-09 13:00:00,,52.0
,False,t-shirt,NL,NL,2026-01-09 14:00:00,,49.0
,False,t-shirt,NL,NL,2026-01-09 15:00:00,,52.0
,False,t-shirt,NL,NL,2026-01-09 16:00:00,,38.0
,False,t-shirt,NL,NL,2026-01-09 17:00:00,,61.0
,False,t-shirt,NL,NL,2026-01-09 18:00:00,,63.0
,False,t-shirt,NL,NL,2026-01-09 19:00:00,,44.0
,False,t-shirt,NL,NL,2026-01-09 20:00:00,,49.0
,False,t-shirt,NL,NL,2026-01-09 21:00:00,,54.0
,False,t-shirt,NL,NL,2026-01-09 22:00:00,,77.0
,False,t-shirt,NL,NL,2026-01-09 23:00:00,,70.0
,False,t-shirt,NL,NL,2026-01-10 00:00:00,,81.0
,False,t-shirt,NL,NL,2026-01-10 01:00:00,,0.0
,False,t-shirt,NL,NL,2026-01-10 02:00:00,,0.0
,False,t-shirt,NL,NL,2026-01-10 03:00:00,,0.0
,False,t-shirt,NL,NL,2026-01-10 04:00:00,,0.0
,False,t-shirt,NL,NL,2026-01-10 05:00:00,,0.0
,False,t-shirt,NL,NL,2026-01-10 06:00:00,,0.0
,False,t-shirt,NL,NL,2026-01-10 07:00:00,,54.0
,False,t-shirt,NL,NL,2026-01-10 08:00:00,,35.0
,False,t-shirt,NL,NL,2026-01-10 09:00:00,,43.0
,False,t-shirt,NL,NL,2026-01-10 10:00:00,,50.0
,False,t-shirt,NL,NL,2026-01-10 11:00:00,,49.0
,False,t-shirt,NL,NL,2026-01-10 12:00:00,,66.0
,False,t-shirt,NL,NL,2026-01-10 13:00:00,,64.0
,True,t-shirt,NL,NL,2026-01-10 14:00:00,,0.0
29.0,False,pant,SE,SE,2026-01-03 14:00:00,,
36.0,False,pant,SE,SE,2026-01-03 15:00:00,,
24.0,False,pant,SE,SE,2026-01-03 16:00:00,,
32.0,False,pant,SE,SE,2026-01-03 17:00:00,,
23.0,False,pant,SE,SE,2026-01-03 18:00:00,,
25.0,False,pant,SE,SE,2026-01-03 19:00:00,,
24.0,False,pant,SE,SE,2026-01-03 20:00:00,,
29.0,False,pant,SE,SE,2026-01-03 21:00:00,,
22.0,False,pant,SE,SE,2026-01-03 22:00:00,,
26.0,False,pant,SE,SE,2026-01-03 23:00:00,,
0.0,False,pant,SE,SE,2026-01-04 00:00:00,,
0.0,False,pant,SE,SE,2026-01-04 01:00:00,,
0.0,False,pant,SE,SE,2026-01-04 02:00:00,,
0.0,False,pant,SE,SE,2026-01-04 03:00:00,,
0.0,False,pant,SE,SE,2026-01-04 04:00:00,,
0.0,False,pant,SE,SE,2026-01-04 05:00:00,,
0.0,False,pant,SE,SE,2026-01-04 06:00:00,,
0.0,False,pant,SE,SE,2026-01-04 07:00:00,,
35.0,False,pant,SE,SE,2026-01-04 08:00:00,,
29.0,False,pant,SE,SE,2026-01-04 09:00:00,,
25.0,False,pant,SE,SE,2026-01-04 10:00:00,,
36.0,False,pant,SE,SE,2026-01-04 11:00:00,,
45.0,False,pant,SE,SE,2026-01-04 12:00:00,,
35.0,False,pant,SE,SE,2026-01-04 13:00:00,,
38.0,False,pant,SE,SE,2026-01-04 14:00:00,,
33.0,False,pant,SE,SE,2026-01-04 15:00:00,,
29.0,False,pant,SE,SE,2026-01-04 16:00:00,,
37.0,False,pant,SE,SE,2026-01-04 17:00:00,,
29.0,False,pant,SE,SE,2026-01-04 18:00:00,,
21.0,False,pant,SE,SE,2026-01-04 19:00:00,,
36.0,False,pant,SE,SE,2026-01-04 20:00:00,,
35.0,False,pant,SE,SE,2026-01-04 21:00:00,,
20.0,False,pant,SE,SE,2026-01-04 22:00:00,,
0.0,False,pant,SE,SE,2026-01-04 23:00:00,,
0.0,False,pant,SE,SE,2026-01-05 00:00:00,,
0.0,False,pant,SE,SE,2026-01-05 01:00:00,,
0.0,False,pant,SE,SE,2026-01-05 02:00:00,,
0.0,False,pant,SE,SE,2026-01-05 03:00:00,,
0.0,False,pant,SE,SE,2026-01-05 04:00:00,,
0.0,False,pant,SE,SE,2026-01-05 05:00:00,,
0.0,False,pant,SE,SE,2026-01-05 06:00:00,,
0.0,False,pant,SE,SE,2026-01-05 07:00:00,,
22.0,False,pant,SE,SE,2026-01-05 08:00:00,,
30.0,False,pant,SE,SE,2026-01-05 09:00:00,,
26.0,False,pant,SE,SE,2026-01-05 10:00:00,,
32.0,False,pant,SE,SE,2026-01-05 11:00:00,,
33.0,False,pant,SE,SE,2026-01-05 12:00:00,,
30.0,False,pant,SE,SE,2026-01-05 13:00:00,,
26.0,False,pant,SE,SE,2026-01-05 14:00:00,,
32.0,False,pant,SE,SE,2026-01-05 15:00:00,,
34.0,False,pant,SE,SE,2026-01-05 16:00:00,,
20.0,False,pant,SE,SE,2026-01-05 17:00:00,,
23.0,False,pant,SE,SE,2026-01-05 18:00:00,,
23.0,False,pant,SE,SE,2026-01-05 19:00:00,,
30.0,False,pant,SE,SE,2026-01-05 20:00:00,,
21.0,False,pant,SE,SE,2026-01-05 21:00:00,,
26.0,False,pant,SE,SE,2026-01-05 22:00:00,,
0.0,False,pant,SE,SE,2026-01-05 23:00:00,,
0.0,False,pant,SE,SE,2026-01-06 00:00:00,,
0.0,False,pant,SE,SE,2026-01-06 01:00:00,,
0.0,False,pant,SE,SE,2026-01-06 02:00:00,,
0.0,False,pant,SE,SE,2026-01-06 03:00:00,,
0.0,False,pant,SE,SE,2026-01-06 04:00:00,,
0.0,False,pant,SE,SE,2026-01-06 05:00:00,,
0.0,False,pant,SE,SE,2026-01-06 06:00:00,,
28.0,False,pant,SE,SE,2026-01-06 07:00:00,,
20.0,False,pant,SE,SE,2026-01-06 08:00:00,,
31.0,False,pant,SE,SE,2026-01-06 09:00:00,,
30.0,False,pant,SE,SE,2026-01-06 10:00:00,,
24.0,False,pant,SE,SE,2026-01-06 11:00:00,,
29.0,False,pant,SE,SE,2026-01-06 12:00:00,,
30.0,False,pant,SE,SE,2026-01-06 13:00:00,,
37.0,False,pant,SE,SE,2026-01-06 14:00:00,,
34.0,False,pant,SE,SE,2026-01-06 15:00:00,,
25.0,False,pant,SE,SE,2026-01-06 16:00:00,,
19.0,False,pant,SE,SE,2026-01-06 17:00:00,,
25.0,False,pant,SE,SE,2026-01-06 18:00:00,,
32.0,False,pant,SE,SE,2026-01-06 19:00:00,,
23.0,False,pant,SE,SE,2026-01-06 20:00:00,,
32.0,False,pant,SE,SE,2026-01-06 21:00:00,,
21.0,False,pant,SE,SE,2026-01-06 22:00:00,,
0.0,False,pant,SE,SE,2026-01-06 23:00:00,,
43.0,False,pant,SE,SE,2026-01-07 00:00:00,,
0.0,False,pant,SE,SE,2026-01-07 01:00:00,,
0.0,False,pant,SE,SE,2026-01-07 02:00:00,,
0.0,False,pant,SE,SE,2026-01-07 03:00:00,,
0.0,False,pant,SE,SE,2026-01-07 04:00:00,,
0.0,False,pant,SE,SE,2026-01-07 05:00:00,,
0.0,False,pant,SE,SE,2026-01-07 06:00:00,,
15.0,False,pant,SE,SE,2026-01-07 07:00:00,,
16.0,False,pant,SE,SE,2026-01-07 08:00:00,,
0.0,False,pant,SE,SE,2026-01-07 09:00:00,,
22.0,False,pant,SE,SE,2026-01-07 10:00:00,,
15.0,False,pant,SE,SE,2026-01-07 11:00:00,,
25.0,False,pant,SE,SE,2026-01-07 12:00:00,,
21.0,False,pant,SE,SE,2026-01-07 13:00:00,,
21.0,False,pant,SE,SE,2026-01-07 14:00:00,,
15.0,False,pant,SE,SE,2026-01-07 15:00:00,,
23.0,False,pant,SE,SE,2026-01-07 16:00:00,,
26.0,False,pant,SE,SE,2026-01-07 17:00:00,,
35.0,False,pant,SE,SE,2026-01-07 18:00:00,,
26.0,False,pant,SE,SE,2026-01-07 19:00:00,,
25.0,False,pant,SE,SE,2026-01-07 20:00:00,,
22.0,False,pant,SE,SE,2026-01-07 21:00:00,,
19.0,False,pant,SE,SE,2026-01-07 22:00:00,,
0.0,False,pant,SE,SE,2026-01-07 23:00:00,,
0.0,False,pant,SE,SE,2026-01-08 00:00:00,,
0.0,False,pant,SE,SE,2026-01-08 01:00:00,,
0.0,False,pant,SE,SE,2026-01-08 02:00:00,,
0.0,False,pant,SE,SE,2026-01-08 03:00:00,,
0.0,False,pant,SE,SE,2026-01-08 04:00:00,,
0.0,False,pant,SE,SE,2026-01-08 05:00:00,,
19.0,False,pant,SE,SE,2026-01-08 06:00:00,,
12.0,False,pant,SE,SE,2026-01-08 07:00:00,,
26.0,False,pant,SE,SE,2026-01-08 08:00:00,,
18.0,False,pant,SE,SE,2026-01-08 09:00:00,,
20.0,False,pant,SE,SE,2026-01-08 10:00:00,,
20.0,False,pant,SE,SE,2026-01-08 11:00:00,,
24.0,False,pant,SE,SE,2026-01-08 12:00:00,,
19.0,False,pant,SE,SE,2026-01-08 13:00:00,,
11.0,False,pant,SE,SE,2026-01-08 14:00:00,,
24.0,False,pant,SE,SE,2026-01-08 15:00:00,,
19.0,False,pant,SE,SE,2026-01-08 16:00:00,,
21.0,False,pant,SE,SE,2026-01-08 17:00:00,,
25.0,False,pant,SE,SE,2026-01-08 18:00:00,,
21.0,False,pant,SE,SE,2026-01-08 19:00:00,,
33.0,False,pant,SE,SE,2026-01-08 20:00:00,,
30.0,False,pant,SE,SE,2026-01-08 21:00:00,,
33.0,False,pant,SE,SE,2026-01-08 22:00:00,,
29.0,False,pant,SE,SE,2026-01-08 23:00:00,,
0.0,False,pant,SE,SE,2026-01-09 00:00:00,,
100.0,False,pant,SE,SE,2026-01-09 01:00:00,,
0.0,False,pant,SE,SE,2026-01-09 02:00:00,,
0.0,False,pant,SE,SE,2026-01-09 03:00:00,,
0.0,False,pant,SE,SE,2026-01-09 04:00:00,,
0.0,False,pant,SE,SE,2026-01-09 05:00:00,,
0.0,False,pant,SE,SE,2026-01-09 06:00:00,,
19.0,False,pant,SE,SE,2026-01-09 07:00:00,,
20.0,False,pant,SE,SE,2026-01-09 08:00:00,,
18.0,False,pant,SE,SE,2026-01-09 09:00:00,,
25.0,False,pant,SE,SE,2026-01-09 10:00:00,,
23.0,False,pant,SE,SE,2026-01-09 11:00:00,,
28.0,False,pant,SE,SE,2026-01-09 12:00:00,,
27.0,False,pant,SE,SE,2026-01-09 13:00:00,,
26.0,False,pant,SE,SE,2026-01-09 14:00:00,,
19.0,False,pant,SE,SE,2026-01-09 15:00:00,,
26.0,False,pant,SE,SE,2026-01-09 16:00:00,,
28.0,False,pant,SE,SE,2026-01-09 17:00:00,,
19.0,False,pant,SE,SE,2026-01-09 18:00:00,,
19.0,False,pant,SE,SE,2026-01-09 19:00:00,,
20.0,False,pant,SE,SE,2026-01-09 20:00:00,,
20.0,False,pant,SE,SE,2026-01-09 21:00:00,,
22.0,False,pant,SE,SE,2026-01-09 22:00:00,,
26.0,False,pant,SE,SE,2026-01-09 23:00:00,,
0.0,False,pant,SE,SE,2026-01-10 00:00:00,,
0.0,False,pant,SE,SE,2026-01-10 01:00:00,,
0.0,False,pant,SE,SE,2026-01-10 02:00:00,,
0.0,False,pant,SE,SE,2026-01-10 03:00:00,,
0.0,False,pant,SE,SE,2026-01-10 04:00:00,,
0.0,False,pant,SE,SE,2026-01-10 05:00:00,,
34.0,False,pant,SE,SE,2026-01-10 06:00:00,,
22.0,False,pant,SE,SE,2026-01-10 07:00:00,,
23.0,False,pant,SE,SE,2026-01-10 08:00:00,,
37.0,False,pant,SE,SE,2026-01-10 09:00:00,,
34.0,False,pant,SE,SE,2026-01-10 10:00:00,,
29.0,False,pant,SE,SE,2026-01-10 11:00:00,,
40.0,False,pant,SE,SE,2026-01-10 12:00:00,,
30.0,False,pant,SE,SE,2026-01-10 13:00:00,,
0.0,True,pant,SE,SE,2026-01-10 14:00:00,,
,False,dress,SE,SE,2026-01-03 14:00:00,39.0,
,False,dress,SE,SE,2026-01-03 15:00:00,47.0,
,False,dress,SE,SE,2026-01-03 16:00:00,45.0,
,False,dress,SE,SE,2026-01-03 17:00:00,44.0,
,False,dress,SE,SE,2026-01-03 18:00:00,50.0,
,False,dress,SE,SE,2026-01-03 19:00:00,51.0,
,False,dress,SE,SE,2026-01-03 20:00:00,48.0,
,False,dress,SE,SE,2026-01-03 21:00:00,57.0,
,False,dress,SE,SE,2026-01-03 22:00:00,57.0,
,False,dress,SE,SE,2026-01-03 23:00:00,64.0,
,False,dress,SE,SE,2026-01-04 00:00:00,75.0,
,False,dress,SE,SE,2026-01-04 01:00:00,74.0,
,False,dress,SE,SE,2026-01-04 02:00:00,68.0,
,False,dress,SE,SE,2026-01-04 03:00:00,63.0,
,False,dress,SE,SE,2026-01-04 04:00:00,0.0,
,False,dress,SE,SE,2026-01-04 05:00:00,32.0,
,False,dress,SE,SE,2026-01-04 06:00:00,39.0,
,False,dress,SE,SE,2026-01-04 07:00:00,27.0,
,False,dress,SE,SE,2026-01-04 08:00:00,30.0,
,False,dress,SE,SE,2026-01-04 09:00:00,40.0,
,False,dress,SE,SE,2026-01-04 10:00:00,34.0,
,False,dress,SE,SE,2026-01-04 11:00:00,40.0,
,False,dress,SE,SE,2026-01-04 12:00:00,45.0,
,False,dress,SE,SE,2026-01-04 13:00:00,43.0,
,False,dress,SE,SE,2026-01-04 14:00:00,46.0,
,False,dress,SE,SE,2026-01-04 15:00:00,43.0,
,False,dress,SE,SE,2026-01-04 16:00:00,48.0,
,False,dress,SE,SE,2026-01-04 17:00:00,43.0,
,False,dress,SE,SE,2026-01-04 18:00:00,50.0,
,False,dress,SE,SE,2026-01-04 19:00:00,53.0,
,False,dress,SE,SE,2026-01-04 20:00:00,55.0,
,False,dress,SE,SE,2026-01-04 21:00:00,56.0,
,False,dress,SE,SE,2026-01-04 22:00:00,59.0,
,False,dress,SE,SE,2026-01-04 23:00:00,79.0,
,False,dress,SE,SE,2026-01-05 00:00:00,84.0,
,False,dress,SE,SE,2026-01-05 01:00:00,82.0,
,False,dress,SE,SE,2026-01-05 02:00:00,66.0,
,False,dress,SE,SE,2026-01-05 03:00:00,65.0,
,False,dress,SE,SE,2026-01-05 04:00:00,42.0,
,False,dress,SE,SE,2026-01-05 05:00:00,34.0,
,False,dress,SE,SE,2026-01-05 06:00:00,28.0,
,False,dress,SE,SE,2026-01-05 07:00:00,27.0,
,False,dress,SE,SE,2026-01-05 08:00:00,26.0,
,False,dress,SE,SE,2026-01-05 09:00:00,34.0,
,False,dress,SE,SE,2026-01-05 10:00:00,32.0,
,False,dress,SE,SE,2026-01-05 11:00:00,34.0,
,False,dress,SE,SE,2026-01-05 12:00:00,33.0,
,False,dress,SE,SE,2026-01-05 13:00:00,38.0,
,False,dress,SE,SE,2026-01-05 14:00:00,38.0,
,False,dress,SE,SE,2026-01-05 15:00:00,48.0,
,False,dress,SE,SE,2026-01-05 16:00:00,43.0,
,False,dress,SE,SE,2026-01-05 17:00:00,46.0,
,False,dress,SE,SE,2026-01-05 18:00:00,48.0,
,False,dress,SE,SE,2026-01-05 19:00:00,53.0,
,False,dress,SE,SE,2026-01-05 20:00:00,53.0,
,False,dress,SE,SE,2026-01-05 21:00:00,61.0,
,False,dress,SE,SE,2026-01-05 22:00:00,67.0,
,False,dress,SE,SE,2026-01-05 23:00:00,74.0,
,False,dress,SE,SE,2026-01-06 00:00:00,75.0,
,False,dress,SE,SE,2026-01-06 01:00:00,70.0,
,False,dress,SE,SE,2026-01-06 02:00:00,65.0,
,False,dress,SE,SE,2026-01-06 03:00:00,87.0,
,False,dress,SE,SE,2026-01-06 04:00:00,41.0,
,False,dress,SE,SE,2026-01-06 05:00:00,38.0,
,False,dress,SE,SE,2026-01-06 06:00:00,32.0,
,False,dress,SE,SE,2026-01-06 07:00:00,36.0,
,False,dress,SE,SE,2026-01-06 08:00:00,29.0,
,False,dress,SE,SE,2026-01-06 09:00:00,36.0,
,False,dress,SE,SE,2026-01-06 10:00:00,40.0,
,False,dress,SE,SE,2026-01-06 11:00:00,38.0,
,False,dress,SE,SE,2026-01-06 12:00:00,40.0,
,False,dress,SE,SE,2026-01-06 13:00:00,43.0,
,False,dress,SE,SE,2026-01-06 14:00:00,47.0,
,False,dress,SE,SE,2026-01-06 15:00:00,46.0,
,False,dress,SE,SE,2026-01-06 16:00:00,46.0,
,False,dress,SE,SE,2026-01-06 17:00:00,49.0,
,False,dress,SE,SE,2026-01-06 18:00:00,52.0,
,False,dress,SE,SE,2026-01-06 19:00:00,56.0,
,False,dress,SE,SE,2026-01-06 20:00:00,58.0,
,False,dress,SE,SE,2026-01-06 21:00:00,58.0,
,False,dress,SE,SE,2026-01-06 22:00:00,74.0,
,False,dress,SE,SE,2026-01-06 23:00:00,79.0,
,False,dress,SE,SE,2026-01-07 00:00:00,75.0,
,False,dress,SE,SE,2026-01-07 01:00:00,66.0,
,False,dress,SE,SE,2026-01-07 02:00:00,68.0,
,False,dress,SE,SE,2026-01-07 03:00:00,57.0,
,False,dress,SE,SE,2026-01-07 04:00:00,43.0,
,False,dress,SE,SE,2026-01-07 05:00:00,30.0,
,False,dress,SE,SE,2026-01-07 06:00:00,26.0,
,False,dress,SE,SE,2026-01-07 07:00:00,28.0,
,False,dress,SE,SE,2026-01-07 08:00:00,25.0,
,False,dress,SE,SE,2026-01-07 09:00:00,32.0,
,False,dress,SE,SE,2026-01-07 10:00:00,35.0,
,False,dress,SE,SE,2026-01-07 11:00:00,35.0,
,False,dress,SE,SE,2026-01-07 12:00:00,36.0,
,False,dress,SE,SE,2026-01-07 13:00:00,41.0,
,False,dress,SE,SE,2026-01-07 14:00:00,36.0,
,False,dress,SE,SE,2026-01-07 15:00:00,42.0,
,False,dress,SE,SE,2026-01-07 16:00:00,38.0,
,False,dress,SE,SE,2026-01-07 17:00:00,42.0,
,False,dress,SE,SE,2026-01-07 18:00:00,42.0,
,False,dress,SE,SE,2026-01-07 19:00:00,57.0,
,False,dress,SE,SE,2026-01-07 20:00:00,52.0,
,False,dress,SE,SE,2026-01-07 21:00:00,54.0,
,False,dress,SE,SE,2026-01-07 22:00:00,67.0,
,False,dress,SE,SE,2026-01-07 23:00:00,70.0,
,False,dress,SE,SE,2026-01-08 00:00:00,100.0,
,False,dress,SE,SE,2026-01-08 01:00:00,50.0,
,False,dress,SE,SE,2026-01-08 02:00:00,36.0,
,False,dress,SE,SE,2026-01-08 03:00:00,50.0,
,False,dress,SE,SE,2026-01-08 04:00:00,36.0,
,False,dress,SE,SE,2026-01-08 05:00:00,28.0,
,False,dress,SE,SE,2026-01-08 06:00:00,25.0,
,False,dress,SE,SE,2026-01-08 07:00:00,21.0,
,False,dress,SE,SE,2026-01-08 08:00:00,28.0,
,False,dress,SE,SE,2026-01-08 09:00:00,29.0,
,False,dress,SE,SE,2026-01-08 10:00:00,39.0,
,False,dress,SE,SE,2026-01-08 11:00:00,41.0,
,False,dress,SE,SE,2026-01-08 12:00:00,31.0,
,False,dress,SE,SE,2026-01-08 13:00:00,33.0,
,False,dress,SE,SE,2026-01-08 14:00:00,36.0,
,False,dress,SE,SE,2026-01-08 15:00:00,40.0,
,False,dress,SE,SE,2026-01-08 16:00:00,46.0,
,False,dress,SE,SE,2026-01-08 17:00:00,44.0,
,False,dress,SE,SE,2026-01-08 18:00:00,49.0,
,False,dress,SE,SE,2026-01-08 19:00:00,48.0,
,False,dress,SE,SE,2026-01-08 20:00:00,50.0,
,False,dress,SE,SE,2026-01-08 21:00:00,58.0,
,False,dress,SE,SE,2026-01-08 22:00:00,77.0,
,False,dress,SE,SE,2026-01-08 23:00:00,66.0,
,False,dress,SE,SE,2026-01-09 00:00:00,86.0,
,False,dress,SE,SE,2026-01-09 01:00:00,57.0,
,False,dress,SE,SE,2026-01-09 02:00:00,0.0,
,False,dress,SE,SE,2026-01-09 03:00:00,50.0,
,False,dress,SE,SE,2026-01-09 04:00:00,42.0,
,False,dress,SE,SE,2026-01-09 05:00:00,33.0,
,False,dress,SE,SE,2026-01-09 06:00:00,33.0,
,False,dress,SE,SE,2026-01-09 07:00:00,28.0,
,False,dress,SE,SE,2026-01-09 08:00:00,26.0,
,False,dress,SE,SE,2026-01-09 09:00:00,29.0,
,False,dress,SE,SE,2026-01-09 10:00:00,28.0,
,False,dress,SE,SE,2026-01-09 11:00:00,34.0,
,False,dress,SE,SE,2026-01-09 12:00:00,37.0,
,False,dress,SE,SE,2026-01-09 13:00:00,31.0,
,False,dress,SE,SE,2026-01-09 14:00:00,32.0,
,False,dress,SE,SE,2026-01-09 15:00:00,34.0,
,False,dress,SE,SE,2026-01-09 16:00:00,40.0,
,False,dress,SE,SE,2026-01-09 17:00:00,41.0,
,False,dress,SE,SE,2026-01-09 18:00:00,46.0,
,False,dress,SE,SE,2026-01-09 19:00:00,53.0,
,False,dress,SE,SE,2026-01-09 20:00:00,50.0,
,False,dress,SE,SE,2026-01-09 21:00:00,57.0,
,False,dress,SE,SE,2026-01-09 22:00:00,75.0,
,False,dress,SE,SE,2026-01-09 23:00:00,51.0,
,False,dress,SE,SE,2026-01-10 00:00:00,64.0,
,False,dress,SE,SE,2026-01-10 01:00:00,76.0,
,False,dress,SE,SE,2026-01-10 02:00:00,43.0,
,False,dress,SE,SE,2026-01-10 03:00:00,42.0,
,False,dress,SE,SE,2026-01-10 04:00:00,0.0,
,False,dress,SE,SE,2026-01-10 05:00:00,44.0,
,False,dress,SE,SE,2026-01-10 06:00:00,43.0,
,False,dress,SE,SE,2026-01-10 07:00:00,35.0,
,False,dress,SE,SE,2026-01-10 08:00:00,40.0,
,False,dress,SE,SE,2026-01-10 09:00:00,33.0,
,False,dress,SE,SE,2026-01-10 10:00:00,40.0,
,False,dress,SE,SE,2026-01-10 11:00:00,43.0,
,False,dress,SE,SE,2026-01-10 12:00:00,38.0,
,False,dress,SE,SE,2026-01-10 13:00:00,43.0,
,True,dress,SE,SE,2026-01-10 14:00:00,0.0,
,False,t-shirt,SE,SE,2026-01-03 14:00:00,,52.0
,False,t-shirt,SE,SE,2026-01-03 15:00:00,,66.0
,False,t-shirt,SE,SE,2026-01-03 16:00:00,,43.0
,False,t-shirt,SE,SE,2026-01-03 17:00:00,,30.0
,False,t-shirt,SE,SE,2026-01-03 18:00:00,,63.0
,False,t-shirt,SE,SE,2026-01-03 19:00:00,,41.0
,False,t-shirt,SE,SE,2026-01-03 20:00:00,,57.0
,False,t-shirt,SE,SE,2026-01-03 21:00:00,,53.0
,False,t-shirt,SE,SE,2026-01-03 22:00:00,,58.0
,False,t-shirt,SE,SE,2026-01-03 23:00:00,,61.0
,False,t-shirt,SE,SE,2026-01-04 00:00:00,,85.0
,False,t-shirt,SE,SE,2026-01-04 01:00:00,,0.0
,False,t-shirt,SE,SE,2026-01-04 02:00:00,,0.0
,False,t-shirt,SE,SE,2026-01-04 03:00:00,,0.0
,False,t-shirt,SE,SE,2026-01-04 04:00:00,,0.0
,False,t-shirt,SE,SE,2026-01-04 05:00:00,,0.0
,False,t-shirt,SE,SE,2026-01-04 06:00:00,,0.0
,False,t-shirt,SE,SE,2026-01-04 07:00:00,,0.0
,False,t-shirt,SE,SE,2026-01-04 08:00:00,,46.0
,False,t-shirt,SE,SE,2026-01-04 09:00:00,,43.0
,False,t-shirt,SE,SE,2026-01-04 10:00:00,,54.0
,False,t-shirt,SE,SE,2026-01-04 11:00:00,,42.0
,False,t-shirt,SE,SE,2026-01-04 12:00:00,,49.0
,False,t-shirt,SE,SE,2026-01-04 13:00:00,,60.0
,False,t-shirt,SE,SE,2026-01-04 14:00:00,,42.0
,False,t-shirt,SE,SE,2026-01-04 15:00:00,,50.0
,False,t-shirt,SE,SE,2026-01-04 16:00:00,,63.0
,False,t-shirt,SE,SE,2026-01-04 17:00:00,,67.0
,False,t-shirt,SE,SE,2026-01-04 18:00:00,,58.0
,False,t-shirt,SE,SE,2026-01-04 19:00:00,,66.0
,False,t-shirt,SE,SE,2026-01-04 20:00:00,,63.0
,False,t-shirt,SE,SE,2026-01-04 21:00:00,,79.0
,False,t-shirt,SE,SE,2026-01-04 22:00:00,,91.0
,False,t-shirt,SE,SE,2026-01-04 23:00:00,,56.0
,False,t-shirt,SE,SE,2026-01-05 00:00:00,,48.0
,False,t-shirt,SE,SE,2026-01-05 01:00:00,,0.0
,False,t-shirt,SE,SE,2026-01-05 02:00:00,,0.0
,False,t-shirt,SE,SE,2026-01-05 03:00:00,,0.0
,False,t-shirt,SE,SE,2026-01-05 04:00:00,,0.0
,False,t-shirt,SE,SE,2026-01-05 05:00:00,,0.0
,False,t-shirt,SE,SE,2026-01-05 06:00:00,,56.0
,False,t-shirt,SE,SE,2026-01-05 07:00:00,,35.0
,False,t-shirt,SE,SE,2026-01-05 08:00:00,,38.0
,False,t-shirt,SE,SE,2026-01-05 09:00:00,,40.0
,False,t-shirt,SE,SE,2026-01-05 10:00:00,,48.0
,False,t-shirt,SE,SE,2026-01-05 11:00:00,,44.0
,False,t-shirt,SE,SE,2026-01-05 12:00:00,,60.0
,False,t-shirt,SE,SE,2026-01-05 13:00:00,,45.0
,False,t-shirt,SE,SE,2026-01-05 14:00:00,,56.0
,False,t-shirt,SE,SE,2026-01-05 15:00:00,,47.0
,False,t-shirt,SE,SE,2026-01-05 16:00:00,,57.0
,False,t-shirt,SE,SE,2026-01-05 17:00:00,,61.0
,False,t-shirt,SE,SE,2026-01-05 18:00:00,,53.0
,False,t-shirt,SE,SE,2026-01-05 19:00:00,,70.0
,False,t-shirt,SE,SE,2026-01-05 20:00:00,,66.0
,False,t-shirt,SE,SE,2026-01-05 21:00:00,,58.0
,False,t-shirt,SE,SE,2026-01-05 22:00:00,,82.0
,False,t-shirt,SE,SE,2026-01-05 23:00:00,,79.0
,False,t-shirt,SE,SE,2026-01-06 00:00:00,,0.0
,False,t-shirt,SE,SE,2026-01-06 01:00:00,,68.0
,False,t-shirt,SE,SE,2026-01-06 02:00:00,,89.0
,False,t-shirt,SE,SE,2026-01-06 03:00:00,,0.0
,False,t-shirt,SE,SE,2026-01-06 04:00:00,,0.0
,False,t-shirt,SE,SE,2026-01-06 05:00:00,,0.0
,False,t-shirt,SE,SE,2026-01-06 06:00:00,,0.0
,False,t-shirt,SE,SE,2026-01-06 07:00:00,,48.0
,False,t-shirt,SE,SE,2026-01-06 08:00:00,,30.0
,False,t-shirt,SE,SE,2026-01-06 09:00:00,,48.0
,False,t-shirt,SE,SE,2026-01-06 10:00:00,,44.0
,False,t-shirt,SE,SE,2026-01-06 11:00:00,,52.0
,False,t-shirt,SE,SE,2026-01-06 12:00:00,,42.0
,False,t-shirt,SE,SE,2026-01-06 13:00:00,,46.0
,False,t-shirt,SE,SE,2026-01-06 14:00:00,,55.0
,False,t-shirt,SE,SE,2026-01-06 15:00:00,,55.0
,False,t-shirt,SE,SE,2026-01-06 16:00:00,,51.0
,False,t-shirt,SE,SE,2026-01-06 17:00:00,,60.0
,False,t-shirt,SE,SE,2026-01-06 18:00:00,,58.0
,False,t-shirt,SE,SE,2026-01-06 19:00:00,,64.0
,False,t-shirt,SE,SE,2026-01-06 20:00:00,,77.0
,False,t-shirt,SE,SE,2026-01-06 21:00:00,,67.0
,False,t-shirt,SE,SE,2026-01-06 22:00:00,,62.0
,False,t-shirt,SE,SE,2026-01-06 23:00:00,,82.0
,False,t-shirt,SE,SE,2026-01-07 00:00:00,,0.0
,False,t-shirt,SE,SE,2026-01-07 01:00:00,,0.0
,False,t-shirt,SE,SE,2026-01-07 02:00:00,,0.0
,False,t-shirt,SE,SE,2026-01-07 03:00:00,,0.0
,False,t-shirt,SE,SE,2026-01-07 04:00:00,,0.0
,False,t-shirt,SE,SE,2026-01-07 05:00:00,,0.0
,False,t-shirt,SE,SE,2026-01-07 06:00:00,,56.0
,False,t-shirt,SE,SE,2026-01-07 07:00:00,,27.0
,False,t-shirt,SE,SE,2026-01-07 08:00:00,,41.0
,False,t-shirt,SE,SE,2026-01-07 09:00:00,,29.0
,False,t-shirt,SE,SE,2026-01-07 10:00:00,,42.0
,False,t-shirt,SE,SE,2026-01-07 11:00:00,,35.0
,False,t-shirt,SE,SE,2026-01-07 12:00:00,,48.0
,False,t-shirt,SE,SE,2026-01-07 13:00:00,,41.0
,False,t-shirt,SE,SE,2026-01-07 14:00:00,,34.0
,False,t-shirt,SE,SE,2026-01-07 15:00:00,,17.0
,False,t-shirt,SE,SE,2026-01-07 16:00:00,,61.0
,False,t-shirt,SE,SE,2026-01-07 17:00:00,,50.0
,False,t-shirt,SE,SE,2026-01-07 18:00:00,,62.0
,False,t-shirt,SE,SE,2026-01-07 19:00:00,,65.0
,False,t-shirt,SE,SE,2026-01-07 20:00:00,,51.0
,False,t-shirt,SE,SE,2026-01-07 21:00:00,,81.0
,False,t-shirt,SE,SE,2026-01-07 22:00:00,,62.0
,False,t-shirt,SE,SE,2026-01-07 23:00:00,,64.0
,False,t-shirt,SE,SE,2026-01-08 00:00:00,,90.0
,False,t-shirt,SE,SE,2026-01-08 01:00:00,,0.0
,False,t-shirt,SE,SE,2026-01-08 02:00:00,,0.0
,False,t-shirt,SE,SE,2026-01-08 03:00:00,,0.0
,False,t-shirt,SE,SE,2026-01-08 04:00:00,,0.0
,False,t-shirt,SE,SE,2026-01-08 05:00:00,,0.0
,False,t-shirt,SE,SE,2026-01-08 06:00:00,,36.0
,False,t-shirt,SE,SE,2026-01-08 07:00:00,,0.0
,False,t-shirt,SE,SE,2026-01-08 08:00:00,,45.0
,False,t-shirt,SE,SE,2026-01-08 09:00:00,,43.0
,False,t-shirt,SE,SE,2026-01-08 10:00:00,,39.0
,False,t-shirt,SE,SE,2026-01-08 11:00:00,,48.0
,False,t-shirt,SE,SE,2026-01-08 12:00:00,,43.0
,False,t-shirt,SE,SE,2026-01-08 13:00:00,,63.0
,False,t-shirt,SE,SE,2026-01-08 14:00:00,,44.0
,False,t-shirt,SE,SE,2026-01-08 15:00:00,,27.0
,False,t-shirt,SE,SE,2026-01-08 16:00:00,,59.0
,False,t-shirt,SE,SE,2026-01-08 17:00:00,,53.0
,False,t-shirt,SE,SE,2026-01-08 18:00:00,,57.0
,False,t-shirt,SE,SE,2026-01-08 19:00:00,,61.0
,False,t-shirt,SE,SE,2026-01-08 20:00:00,,64.0
,False,t-shirt,SE,SE,2026-01-08 21:00:00,,100.0
,False,t-shirt,SE,SE,2026-01-08 22:00:00,,68.0
,False,t-shirt,SE,SE,2026-01-08 23:00:00,,68.0
,False,t-shirt,SE,SE,2026-01-09 00:00:00,,78.0
,False,t-shirt,SE,SE,2026-01-09 01:00:00,,0.0
,False,t-shirt,SE,SE,2026-01-09 02:00:00,,0.0
,False,t-shirt,SE,SE,2026-01-09 03:00:00,,0.0
,False,t-shirt,SE,SE,2026-01-09 04:00:00,,0.0
,False,t-shirt,SE,SE,2026-01-09 05:00:00,,69.0
,False,t-shirt,SE,SE,2026-01-09 06:00:00,,0.0
,False,t-shirt,SE,SE,2026-01-09 07:00:00,,39.0
,False,t-shirt,SE,SE,2026-01-09 08:00:00,,32.0
,False,t-shirt,SE,SE,2026-01-09 09:00:00,,32.0
,False,t-shirt,SE,SE,2026-01-09 10:00:00,,53.0
,False,t-shirt,SE,SE,2026-01-09 11:00:00,,42.0
,False,t-shirt,SE,SE,2026-01-09 12:00:00,,36.0
,False,t-shirt,SE,SE,2026-01-09 13:00:00,,41.0
,False,t-shirt,SE,SE,2026-01-09 14:00:00,,45.0
,False,t-shirt,SE,SE,2026-01-09 15:00:00,,61.0
,False,t-shirt,SE,SE,2026-01-09 16:00:00,,48.0
,False,t-shirt,SE,SE,2026-01-09 17:00:00,,61.0
,False,t-shirt,SE,SE,2026-01-09 18:00:00,,23.0
,False,t-shirt,SE,SE,2026-01-09 19:00:00,,60.0
,False,t-shirt,SE,SE,2026-01-09 20:00:00,,54.0
,False,t-shirt,SE,SE,2026-01-09 21:00:00,,80.0
,False,t-shirt,SE,SE,2026-01-09 22:00:00,,80.0
,False,t-shirt,SE,SE,2026-01-09 23:00:00,,54.0
,False,t-shirt,SE,SE,2026-01-10 00:00:00,,0.0
,False,t-shirt,SE,SE,2026-01-10 01:00:00,,0.0
,False,t-shirt,SE,SE,2026-01-10 02:00:00,,0.0
,False,t-shirt,SE,SE,2026-01-10 03:00:00,,0.0
,False,t-shirt,SE,SE,2026-01-10 04:00:00,,0.0
,False,t-shirt,SE,SE,2026-01-10 05:00:00,,0.0
,False,t-shirt,SE,SE,2026-01-10 06:00:00,,0.0
,False,t-shirt,SE,SE,2026-01-10 07:00:00,,71.0
,False,t-shirt,SE,SE,2026-01-10 08:00:00,,46.0
,False,t-shirt,SE,SE,2026-01-10 09:00:00,,46.0
,False,t-shirt,SE,SE,2026-01-10 10:00:00,,55.0
,False,t-shirt,SE,SE,2026-01-10 11:00:00,,56.0
,False,t-shirt,SE,SE,2026-01-10 12:00:00,,45.0
,False,t-shirt,SE,SE,2026-01-10 13:00:00,,40.0
,True,t-shirt,SE,SE,2026-01-10 14:00:00,,0.0
52.0,False,pant,PL,PL,2026-01-03 14:00:00,,
51.0,False,pant,PL,PL,2026-01-03 15:00:00,,
79.0,False,pant,PL,PL,2026-01-03 16:00:00,,
55.0,False,pant,PL,PL,2026-01-03 17:00:00,,
62.0,False,pant,PL,PL,2026-01-03 18:00:00,,
63.0,False,pant,PL,PL,2026-01-03 19:00:00,,
65.0,False,pant,PL,PL,2026-01-03 20:00:00,,
88.0,False,pant,PL,PL,2026-01-03 21:00:00,,
84.0,False,pant,PL,PL,2026-01-03 22:00:00,,
0.0,False,pant,PL,PL,2026-01-03 23:00:00,,
0.0,False,pant,PL,PL,2026-01-04 00:00:00,,
0.0,False,pant,PL,PL,2026-01-04 01:00:00,,
0.0,False,pant,PL,PL,2026-01-04 02:00:00,,
0.0,False,pant,PL,PL,2026-01-04 03:00:00,,
0.0,False,pant,PL,PL,2026-01-04 04:00:00,,
0.0,False,pant,PL,PL,2026-01-04 05:00:00,,
0.0,False,pant,PL,PL,2026-01-04 06:00:00,,
0.0,False,pant,PL,PL,2026-01-04 07:00:00,,
0.0,False,pant,PL,PL,2026-01-04 08:00:00,,
61.0,False,pant,PL,PL,2026-01-04 09:00:00,,
85.0,False,pant,PL,PL,2026-01-04 10:00:00,,
81.0,False,pant,PL,PL,2026-01-04 11:00:00,,
47.0,False,pant,PL,PL,2026-01-04 12:00:00,,
74.0,False,pant,PL,PL,2026-01-04 13:00:00,,
54.0,False,pant,PL,PL,2026-01-04 14:00:00,,
68.0,False,pant,PL,PL,2026-01-04 15:00:00,,
47.0,False,pant,PL,PL,2026-01-04 16:00:00,,
42.0,False,pant,PL,PL,2026-01-04 17:00:00,,
76.0,False,pant,PL,PL,2026-01-04 18:00:00,,
51.0,False,pant,PL,PL,2026-01-04 19:00:00,,
0.0,False,pant,PL,PL,2026-01-04 20:00:00,,
0.0,False,pant,PL,PL,2026-01-04 21:00:00,,
92.0,False,pant,PL,PL,2026-01-04 22:00:00,,
0.0,False,pant,PL,PL,2026-01-04 23:00:00,,
0.0,False,pant,PL,PL,2026-01-05 00:00:00,,
0.0,False,pant,PL,PL,2026-01-05 01:00:00,,
0.0,False,pant,PL,PL,2026-01-05 02:00:00,,
0.0,False,pant,PL,PL,2026-01-05 03:00:00,,
0.0,False,pant,PL,PL,2026-01-05 04:00:00,,
0.0,False,pant,PL,PL,2026-01-05 05:00:00,,
0.0,False,pant,PL,PL,2026-01-05 06:00:00,,
0.0,False,pant,PL,PL,2026-01-05 07:00:00,,
0.0,False,pant,PL,PL,2026-01-05 08:00:00,,
70.0,False,pant,PL,PL,2026-01-05 09:00:00,,
63.0,False,pant,PL,PL,2026-01-05 10:00:00,,
0.0,False,pant,PL,PL,2026-01-05 11:00:00,,
38.0,False,pant,PL,PL,2026-01-05 12:00:00,,
46.0,False,pant,PL,PL,2026-01-05 13:00:00,,
68.0,False,pant,PL,PL,2026-01-05 14:00:00,,
51.0,False,pant,PL,PL,2026-01-05 15:00:00,,
65.0,False,pant,PL,PL,2026-01-05 16:00:00,,
57.0,False,pant,PL,PL,2026-01-05 17:00:00,,
65.0,False,pant,PL,PL,2026-01-05 18:00:00,,
43.0,False,pant,PL,PL,2026-01-05 19:00:00,,
54.0,False,pant,PL,PL,2026-01-05 20:00:00,,
100.0,False,pant,PL,PL,2026-01-05 21:00:00,,
0.0,False,pant,PL,PL,2026-01-05 22:00:00,,
0.0,False,pant,PL,PL,2026-01-05 23:00:00,,
0.0,False,pant,PL,PL,2026-01-06 00:00:00,,
0.0,False,pant,PL,PL,2026-01-06 01:00:00,,
0.0,False,pant,PL,PL,2026-01-06 02:00:00,,
0.0,False,pant,PL,PL,2026-01-06 03:00:00,,
0.0,False,pant,PL,PL,2026-01-06 04:00:00,,
0.0,False,pant,PL,PL,2026-01-06 05:00:00,,
0.0,False,pant,PL,PL,2026-01-06 06:00:00,,
0.0,False,pant,PL,PL,2026-01-06 07:00:00,,
0.0,False,pant,PL,PL,2026-01-06 08:00:00,,
0.0,False,pant,PL,PL,2026-01-06 09:00:00,,
74.0,False,pant,PL,PL,2026-01-06 10:00:00,,
0.0,False,pant,PL,PL,2026-01-06 11:00:00,,
58.0,False,pant,PL,PL,2026-01-06 12:00:00,,
46.0,False,pant,PL,PL,2026-01-06 13:00:00,,
0.0,False,pant,PL,PL,2026-01-06 14:00:00,,
69.0,False,pant,PL,PL,2026-01-06 15:00:00,,
44.0,False,pant,PL,PL,2026-01-06 16:00:00,,
52.0,False,pant,PL,PL,2026-01-06 17:00:00,,
0.0,False,pant,PL,PL,2026-01-06 18:00:00,,
40.0,False,pant,PL,PL,2026-01-06 19:00:00,,
60.0,False,pant,PL,PL,2026-01-06 20:00:00,,
57.0,False,pant,PL,PL,2026-01-06 21:00:00,,
0.0,False,pant,PL,PL,2026-01-06 22:00:00,,
0.0,False,pant,PL,PL,2026-01-06 23:00:00,,
0.0,False,pant,PL,PL,2026-01-07 00:00:00,,
0.0,False,pant,PL,PL,2026-01-07 01:00:00,,
0.0,False,pant,PL,PL,2026-01-07 02:00:00,,
0.0,False,pant,PL,PL,2026-01-07 03:00:00,,
0.0,False,pant,PL,PL,2026-01-07 04:00:00,,
0.0,False,pant,PL,PL,2026-01-07 05:00:00,,
0.0,False,pant,PL,PL,2026-01-07 06:00:00,,
67.0,False,pant,PL,PL,2026-01-07 07:00:00,,
0.0,False,pant,PL,PL,2026-01-07 08:00:00,,
39.0,False,pant,PL,PL,2026-01-07 09:00:00,,
51.0,False,pant,PL,PL,2026-01-07 10:00:00,,
0.0,False,pant,PL,PL,2026-01-07 11:00:00,,
35.0,False,pant,PL,PL,2026-01-07 12:00:00,,
0.0,False,pant,PL,PL,2026-01-07 13:00:00,,
76.0,False,pant,PL,PL,2026-01-07 14:00:00,,
60.0,False,pant,PL,PL,2026-01-07 15:00:00,,
42.0,False,pant,PL,PL,2026-01-07 16:00:00,,
51.0,False,pant,PL,PL,2026-01-07 17:00:00,,
65.0,False,pant,PL,PL,2026-01-07 18:00:00,,
0.0,False,pant,PL,PL,2026-01-07 19:00:00,,
73.0,False,pant,PL,PL,2026-01-07 20:00:00,,
60.0,False,pant,PL,PL,2026-01-07 21:00:00,,
90.0,False,pant,PL,PL,2026-01-07 22:00:00,,
0.0,False,pant,PL,PL,2026-01-07 23:00:00,,
0.0,False,pant,PL,PL,2026-01-08 00:00:00,,
0.0,False,pant,PL,PL,2026-01-08 01:00:00,,
0.0,False,pant,PL,PL,2026-01-08 02:00:00,,
0.0,False,pant,PL,PL,2026-01-08 03:00:00,,
0.0,False,pant,PL,PL,2026-01-08 04:00:00,,
0.0,False,pant,PL,PL,2026-01-08 05:00:00,,
0.0,False,pant,PL,PL,2026-01-08 06:00:00,,
60.0,False,pant,PL,PL,2026-01-08 07:00:00,,
0.0,False,pant,PL,PL,2026-01-08 08:00:00,,
38.0,False,pant,PL,PL,2026-01-08 09:00:00,,
54.0,False,pant,PL,PL,2026-01-08 10:00:00,,
40.0,False,pant,PL,PL,2026-01-08 11:00:00,,
52.0,False,pant,PL,PL,2026-01-08 12:00:00,,
0.0,False,pant,PL,PL,2026-01-08 13:00:00,,
43.0,False,pant,PL,PL,2026-01-08 14:00:00,,
57.0,False,pant,PL,PL,2026-01-08 15:00:00,,
67.0,False,pant,PL,PL,2026-01-08 16:00:00,,
54.0,False,pant,PL,PL,2026-01-08 17:00:00,,
0.0,False,pant,PL,PL,2026-01-08 18:00:00,,
56.0,False,pant,PL,PL,2026-01-08 19:00:00,,
78.0,False,pant,PL,PL,2026-01-08 20:00:00,,
0.0,False,pant,PL,PL,2026-01-08 21:00:00,,
0.0,False,pant,PL,PL,2026-01-08 22:00:00,,
0.0,False,pant,PL,PL,2026-01-08 23:00:00,,
0.0,False,pant,PL,PL,2026-01-09 00:00:00,,
0.0,False,pant,PL,PL,2026-01-09 01:00:00,,
0.0,False,pant,PL,PL,2026-01-09 02:00:00,,
0.0,False,pant,PL,PL,2026-01-09 03:00:00,,
0.0,False,pant,PL,PL,2026-01-09 04:00:00,,
0.0,False,pant,PL,PL,2026-01-09 05:00:00,,
0.0,False,pant,PL,PL,2026-01-09 06:00:00,,
0.0,False,pant,PL,PL,2026-01-09 07:00:00,,
0.0,False,pant,PL,PL,2026-01-09 08:00:00,,
0.0,False,pant,PL,PL,2026-01-09 09:00:00,,
40.0,False,pant,PL,PL,2026-01-09 10:00:00,,
0.0,False,pant,PL,PL,2026-01-09 11:00:00,,
62.0,False,pant,PL,PL,2026-01-09 12:00:00,,
50.0,False,pant,PL,PL,2026-01-09 13:00:00,,
48.0,False,pant,PL,PL,2026-01-09 14:00:00,,
44.0,False,pant,PL,PL,2026-01-09 15:00:00,,
50.0,False,pant,PL,PL,2026-01-09 16:00:00,,
78.0,False,pant,PL,PL,2026-01-09 17:00:00,,
69.0,False,pant,PL,PL,2026-01-09 18:00:00,,
40.0,False,pant,PL,PL,2026-01-09 19:00:00,,
65.0,False,pant,PL,PL,2026-01-09 20:00:00,,
0.0,False,pant,PL,PL,2026-01-09 21:00:00,,
85.0,False,pant,PL,PL,2026-01-09 22:00:00,,
0.0,False,pant,PL,PL,2026-01-09 23:00:00,,
0.0,False,pant,PL,PL,2026-01-10 00:00:00,,
0.0,False,pant,PL,PL,2026-01-10 01:00:00,,
0.0,False,pant,PL,PL,2026-01-10 02:00:00,,
0.0,False,pant,PL,PL,2026-01-10 03:00:00,,
0.0,False,pant,PL,PL,2026-01-10 04:00:00,,
0.0,False,pant,PL,PL,2026-01-10 05:00:00,,
0.0,False,pant,PL,PL,2026-01-10 06:00:00,,
0.0,False,pant,PL,PL,2026-01-10 07:00:00,,
0.0,False,pant,PL,PL,2026-01-10 08:00:00,,
0.0,False,pant,PL,PL,2026-01-10 09:00:00,,
0.0,False,pant,PL,PL,2026-01-10 10:00:00,,
56.0,False,pant,PL,PL,2026-01-10 11:00:00,,
44.0,False,pant,PL,PL,2026-01-10 12:00:00,,
51.0,False,pant,PL,PL,2026-01-10 13:00:00,,
0.0,True,pant,PL,PL,2026-01-10 14:00:00,,
,False,dress,PL,PL,2026-01-03 14:00:00,43.0,
,False,dress,PL,PL,2026-01-03 15:00:00,42.0,
,False,dress,PL,PL,2026-01-03 16:00:00,47.0,
,False,dress,PL,PL,2026-01-03 17:00:00,47.0,
,False,dress,PL,PL,2026-01-03 18:00:00,48.0,
,False,dress,PL,PL,2026-01-03 19:00:00,44.0,
,False,dress,PL,PL,2026-01-03 20:00:00,50.0,
,False,dress,PL,PL,2026-01-03 21:00:00,49.0,
,False,dress,PL,PL,2026-01-03 22:00:00,55.0,
,False,dress,PL,PL,2026-01-03 23:00:00,65.0,
,False,dress,PL,PL,2026-01-04 00:00:00,72.0,
,False,dress,PL,PL,2026-01-04 01:00:00,75.0,
,False,dress,PL,PL,2026-01-04 02:00:00,100.0,
,False,dress,PL,PL,2026-01-04 03:00:00,79.0,
,False,dress,PL,PL,2026-01-04 04:00:00,61.0,
,False,dress,PL,PL,2026-01-04 05:00:00,40.0,
,False,dress,PL,PL,2026-01-04 06:00:00,34.0,
,False,dress,PL,PL,2026-01-04 07:00:00,25.0,
,False,dress,PL,PL,2026-01-04 08:00:00,39.0,
,False,dress,PL,PL,2026-01-04 09:00:00,38.0,
,False,dress,PL,PL,2026-01-04 10:00:00,30.0,
,False,dress,PL,PL,2026-01-04 11:00:00,38.0,
,False,dress,PL,PL,2026-01-04 12:00:00,41.0,
,False,dress,PL,PL,2026-01-04 13:00:00,43.0,
,False,dress,PL,PL,2026-01-04 14:00:00,40.0,
,False,dress,PL,PL,2026-01-04 15:00:00,42.0,
,False,dress,PL,PL,2026-01-04 16:00:00,45.0,
,False,dress,PL,PL,2026-01-04 17:00:00,46.0,
,False,dress,PL,PL,2026-01-04 18:00:00,44.0,
,False,dress,PL,PL,2026-01-04 19:00:00,45.0,
,False,dress,PL,PL,2026-01-04 20:00:00,53.0,
,False,dress,PL,PL,2026-01-04 21:00:00,61.0,
,False,dress,PL,PL,2026-01-04 22:00:00,59.0,
,False,dress,PL,PL,2026-01-04 23:00:00,68.0,
,False,dress,PL,PL,2026-01-05 00:00:00,72.0,
,False,dress,PL,PL,2026-01-05 01:00:00,65.0,
,False,dress,PL,PL,2026-01-05 02:00:00,76.0,
,False,dress,PL,PL,2026-01-05 03:00:00,80.0,
,False,dress,PL,PL,2026-01-05 04:00:00,37.0,
,False,dress,PL,PL,2026-01-05 05:00:00,36.0,
,False,dress,PL,PL,2026-01-05 06:00:00,24.0,
,False,dress,PL,PL,2026-01-05 07:00:00,22.0,
,False,dress,PL,PL,2026-01-05 08:00:00,24.0,
,False,dress,PL,PL,2026-01-05 09:00:00,29.0,
,False,dress,PL,PL,2026-01-05 10:00:00,31.0,
,False,dress,PL,PL,2026-01-05 11:00:00,32.0,
,False,dress,PL,PL,2026-01-05 12:00:00,34.0,
,False,dress,PL,PL,2026-01-05 13:00:00,39.0,
,False,dress,PL,PL,2026-01-05 14:00:00,40.0,
,False,dress,PL,PL,2026-01-05 15:00:00,41.0,
,False,dress,PL,PL,2026-01-05 16:00:00,42.0,
,False,dress,PL,PL,2026-01-05 17:00:00,43.0,
,False,dress,PL,PL,2026-01-05 18:00:00,48.0,
,False,dress,PL,PL,2026-01-05 19:00:00,46.0,
,False,dress,PL,PL,2026-01-05 20:00:00,51.0,
,False,dress,PL,PL,2026-01-05 21:00:00,51.0,
,False,dress,PL,PL,2026-01-05 22:00:00,54.0,
,False,dress,PL,PL,2026-01-05 23:00:00,73.0,
,False,dress,PL,PL,2026-01-06 00:00:00,81.0,
,False,dress,PL,PL,2026-01-06 01:00:00,78.0,
,False,dress,PL,PL,2026-01-06 02:00:00,79.0,
,False,dress,PL,PL,2026-01-06 03:00:00,87.0,
,False,dress,PL,PL,2026-01-06 04:00:00,69.0,
,False,dress,PL,PL,2026-01-06 05:00:00,48.0,
,False,dress,PL,PL,2026-01-06 06:00:00,36.0,
,False,dress,PL,PL,2026-01-06 07:00:00,33.0,
,False,dress,PL,PL,2026-01-06 08:00:00,28.0,
,False,dress,PL,PL,2026-01-06 09:00:00,38.0,
,False,dress,PL,PL,2026-01-06 10:00:00,36.0,
,False,dress,PL,PL,2026-01-06 11:00:00,43.0,
,False,dress,PL,PL,2026-01-06 12:00:00,45.0,
,False,dress,PL,PL,2026-01-06 13:00:00,41.0,
,False,dress,PL,PL,2026-01-06 14:00:00,46.0,
,False,dress,PL,PL,2026-01-06 15:00:00,41.0,
,False,dress,PL,PL,2026-01-06 16:00:00,43.0,
,False,dress,PL,PL,2026-01-06 17:00:00,39.0,
,False,dress,PL,PL,2026-01-06 18:00:00,41.0,
,False,dress,PL,PL,2026-01-06 19:00:00,46.0,
,False,dress,PL,PL,2026-01-06 20:00:00,49.0,
,False,dress,PL,PL,2026-01-06 21:00:00,56.0,
,False,dress,PL,PL,2026-01-06 22:00:00,61.0,
,False,dress,PL,PL,2026-01-06 23:00:00,68.0,
,False,dress,PL,PL,2026-01-07 00:00:00,66.0,
,False,dress,PL,PL,2026-01-07 01:00:00,88.0,
,False,dress,PL,PL,2026-01-07 02:00:00,60.0,
,False,dress,PL,PL,2026-01-07 03:00:00,72.0,
,False,dress,PL,PL,2026-01-07 04:00:00,31.0,
,False,dress,PL,PL,2026-01-07 05:00:00,32.0,
,False,dress,PL,PL,2026-01-07 06:00:00,21.0,
,False,dress,PL,PL,2026-01-07 07:00:00,21.0,
,False,dress,PL,PL,2026-01-07 08:00:00,21.0,
,False,dress,PL,PL,2026-01-07 09:00:00,23.0,
,False,dress,PL,PL,2026-01-07 10:00:00,29.0,
,False,dress,PL,PL,2026-01-07 11:00:00,26.0,
,False,dress,PL,PL,2026-01-07 12:00:00,29.0,
,False,dress,PL,PL,2026-01-07 13:00:00,34.0,
,False,dress,PL,PL,2026-01-07 14:00:00,39.0,
,False,dress,PL,PL,2026-01-07 15:00:00,43.0,
,False,dress,PL,PL,2026-01-07 16:00:00,43.0,
,False,dress,PL,PL,2026-01-07 17:00:00,40.0,
,False,dress,PL,PL,2026-01-07 18:00:00,41.0,
,False,dress,PL,PL,2026-01-07 19:00:00,46.0,
,False,dress,PL,PL,2026-01-07 20:00:00,44.0,
,False,dress,PL,PL,2026-01-07 21:00:00,56.0,
,False,dress,PL,PL,2026-01-07 22:00:00,65.0,
,False,dress,PL,PL,2026-01-07 23:00:00,73.0,
,False,dress,PL,PL,2026-01-08 00:00:00,43.0,
,False,dress,PL,PL,2026-01-08 01:00:00,55.0,
,False,dress,PL,PL,2026-01-08 02:00:00,61.0,
,False,dress,PL,PL,2026-01-08 03:00:00,46.0,
,False,dress,PL,PL,2026-01-08 04:00:00,0.0,
,False,dress,PL,PL,2026-01-08 05:00:00,22.0,
,False,dress,PL,PL,2026-01-08 06:00:00,22.0,
,False,dress,PL,PL,2026-01-08 07:00:00,21.0,
,False,dress,PL,PL,2026-01-08 08:00:00,25.0,
,False,dress,PL,PL,2026-01-08 09:00:00,29.0,
,False,dress,PL,PL,2026-01-08 10:00:00,26.0,
,False,dress,PL,PL,2026-01-08 11:00:00,35.0,
,False,dress,PL,PL,2026-01-08 12:00:00,26.0,
,False,dress,PL,PL,2026-01-08 13:00:00,34.0,
,False,dress,PL,PL,2026-01-08 14:00:00,36.0,
,False,dress,PL,PL,2026-01-08 15:00:00,35.0,
,False,dress,PL,PL,2026-01-08 16:00:00,39.0,
,False,dress,PL,PL,2026-01-08 17:00:00,38.0,
,False,dress,PL,PL,2026-01-08 18:00:00,39.0,
,False,dress,PL,PL,2026-01-08 19:00:00,45.0,
,False,dress,PL,PL,2026-01-08 20:00:00,46.0,
,False,dress,PL,PL,2026-01-08 21:00:00,48.0,
,False,dress,PL,PL,2026-01-08 22:00:00,63.0,
,False,dress,PL,PL,2026-01-08 23:00:00,66.0,
,False,dress,PL,PL,2026-01-09 00:00:00,55.0,
,False,dress,PL,PL,2026-01-09 01:00:00,55.0,
,False,dress,PL,PL,2026-01-09 02:00:00,42.0,
,False,dress,PL,PL,2026-01-09 03:00:00,45.0,
,False,dress,PL,PL,2026-01-09 04:00:00,25.0,
,False,dress,PL,PL,2026-01-09 05:00:00,20.0,
,False,dress,PL,PL,2026-01-09 06:00:00,25.0,
,False,dress,PL,PL,2026-01-09 07:00:00,18.0,
,False,dress,PL,PL,2026-01-09 08:00:00,22.0,
,False,dress,PL,PL,2026-01-09 09:00:00,23.0,
,False,dress,PL,PL,2026-01-09 10:00:00,25.0,
,False,dress,PL,PL,2026-01-09 11:00:00,26.0,
,False,dress,PL,PL,2026-01-09 12:00:00,29.0,
,False,dress,PL,PL,2026-01-09 13:00:00,37.0,
,False,dress,PL,PL,2026-01-09 14:00:00,39.0,
,False,dress,PL,PL,2026-01-09 15:00:00,37.0,
,False,dress,PL,PL,2026-01-09 16:00:00,42.0,
,False,dress,PL,PL,2026-01-09 17:00:00,44.0,
,False,dress,PL,PL,2026-01-09 18:00:00,44.0,
,False,dress,PL,PL,2026-01-09 19:00:00,44.0,
,False,dress,PL,PL,2026-01-09 20:00:00,46.0,
,False,dress,PL,PL,2026-01-09 21:00:00,50.0,
,False,dress,PL,PL,2026-01-09 22:00:00,59.0,
,False,dress,PL,PL,2026-01-09 23:00:00,63.0,
,False,dress,PL,PL,2026-01-10 00:00:00,59.0,
,False,dress,PL,PL,2026-01-10 01:00:00,69.0,
,False,dress,PL,PL,2026-01-10 02:00:00,72.0,
,False,dress,PL,PL,2026-01-10 03:00:00,60.0,
,False,dress,PL,PL,2026-01-10 04:00:00,0.0,
,False,dress,PL,PL,2026-01-10 05:00:00,20.0,
,False,dress,PL,PL,2026-01-10 06:00:00,24.0,
,False,dress,PL,PL,2026-01-10 07:00:00,31.0,
,False,dress,PL,PL,2026-01-10 08:00:00,30.0,
,False,dress,PL,PL,2026-01-10 09:00:00,41.0,
,False,dress,PL,PL,2026-01-10 10:00:00,45.0,
,False,dress,PL,PL,2026-01-10 11:00:00,46.0,
,False,dress,PL,PL,2026-01-10 12:00:00,47.0,
,False,dress,PL,PL,2026-01-10 13:00:00,46.0,
,True,dress,PL,PL,2026-01-10 14:00:00,54.0,
,False,t-shirt,PL,PL,2026-01-03 14:00:00,,42.0
,False,t-shirt,PL,PL,2026-01-03 15:00:00,,36.0
,False,t-shirt,PL,PL,2026-01-03 16:00:00,,49.0
,False,t-shirt,PL,PL,2026-01-03 17:00:00,,31.0
,False,t-shirt,PL,PL,2026-01-03 18:00:00,,42.0
,False,t-shirt,PL,PL,2026-01-03 19:00:00,,45.0
,False,t-shirt,PL,PL,2026-01-03 20:00:00,,39.0
,False,t-shirt,PL,PL,2026-01-03 21:00:00,,41.0
,False,t-shirt,PL,PL,2026-01-03 22:00:00,,45.0
,False,t-shirt,PL,PL,2026-01-03 23:00:00,,29.0
,False,t-shirt,PL,PL,2026-01-04 00:00:00,,49.0
,False,t-shirt,PL,PL,2026-01-04 01:00:00,,63.0
,False,t-shirt,PL,PL,2026-01-04 02:00:00,,0.0
,False,t-shirt,PL,PL,2026-01-04 03:00:00,,0.0
,False,t-shirt,PL,PL,2026-01-04 04:00:00,,0.0
,False,t-shirt,PL,PL,2026-01-04 05:00:00,,0.0
,False,t-shirt,PL,PL,2026-01-04 06:00:00,,0.0
,False,t-shirt,PL,PL,2026-01-04 07:00:00,,43.0
,False,t-shirt,PL,PL,2026-01-04 08:00:00,,0.0
,False,t-shirt,PL,PL,2026-01-04 09:00:00,,39.0
,False,t-shirt,PL,PL,2026-01-04 10:00:00,,36.0
,False,t-shirt,PL,PL,2026-01-04 11:00:00,,40.0
,False,t-shirt,PL,PL,2026-01-04 12:00:00,,38.0
,False,t-shirt,PL,PL,2026-01-04 13:00:00,,45.0
,False,t-shirt,PL,PL,2026-01-04 14:00:00,,37.0
,False,t-shirt,PL,PL,2026-01-04 15:00:00,,43.0
,False,t-shirt,PL,PL,2026-01-04 16:00:00,,39.0
,False,t-shirt,PL,PL,2026-01-04 17:00:00,,41.0
,False,t-shirt,PL,PL,2026-01-04 18:00:00,,38.0
,False,t-shirt,PL,PL,2026-01-04 19:00:00,,35.0
,False,t-shirt,PL,PL,2026-01-04 20:00:00,,51.0
,False,t-shirt,PL,PL,2026-01-04 21:00:00,,37.0
,False,t-shirt,PL,PL,2026-01-04 22:00:00,,37.0
,False,t-shirt,PL,PL,2026-01-04 23:00:00,,39.0
,False,t-shirt,PL,PL,2026-01-05 00:00:00,,37.0
,False,t-shirt,PL,PL,2026-01-05 01:00:00,,0.0
,False,t-shirt,PL,PL,2026-01-05 02:00:00,,0.0
,False,t-shirt,PL,PL,2026-01-05 03:00:00,,0.0
,False,t-shirt,PL,PL,2026-01-05 04:00:00,,0.0
,False,t-shirt,PL,PL,2026-01-05 05:00:00,,0.0
,False,t-shirt,PL,PL,2026-01-05 06:00:00,,0.0
,False,t-shirt,PL,PL,2026-01-05 07:00:00,,34.0
,False,t-shirt,PL,PL,2026-01-05 08:00:00,,37.0
,False,t-shirt,PL,PL,2026-01-05 09:00:00,,33.0
,False,t-shirt,PL,PL,2026-01-05 10:00:00,,25.0
,False,t-shirt,PL,PL,2026-01-05 11:00:00,,30.0
,False,t-shirt,PL,PL,2026-01-05 12:00:00,,28.0
,False,t-shirt,PL,PL,2026-01-05 13:00:00,,38.0
,False,t-shirt,PL,PL,2026-01-05 14:00:00,,36.0
,False,t-shirt,PL,PL,2026-01-05 15:00:00,,35.0
,False,t-shirt,PL,PL,2026-01-05 16:00:00,,41.0
,False,t-shirt,PL,PL,2026-01-05 17:00:00,,40.0
,False,t-shirt,PL,PL,2026-01-05 18:00:00,,38.0
,False,t-shirt,PL,PL,2026-01-05 19:00:00,,36.0
,False,t-shirt,PL,PL,2026-01-05 20:00:00,,47.0
,False,t-shirt,PL,PL,2026-01-05 21:00:00,,41.0
,False,t-shirt,PL,PL,2026-01-05 22:00:00,,62.0
,False,t-shirt,PL,PL,2026-01-05 23:00:00,,46.0
,False,t-shirt,PL,PL,2026-01-06 00:00:00,,55.0
,False,t-shirt,PL,PL,2026-01-06 01:00:00,,0.0
,False,t-shirt,PL,PL,2026-01-06 02:00:00,,0.0
,False,t-shirt,PL,PL,2026-01-06 03:00:00,,0.0
,False,t-shirt,PL,PL,2026-01-06 04:00:00,,0.0
,False,t-shirt,PL,PL,2026-01-06 05:00:00,,0.0
,False,t-shirt,PL,PL,2026-01-06 06:00:00,,0.0
,False,t-shirt,PL,PL,2026-01-06 07:00:00,,36.0
,False,t-shirt,PL,PL,2026-01-06 08:00:00,,31.0
,False,t-shirt,PL,PL,2026-01-06 09:00:00,,38.0
,False,t-shirt,PL,PL,2026-01-06 10:00:00,,27.0
,False,t-shirt,PL,PL,2026-01-06 11:00:00,,40.0
,False,t-shirt,PL,PL,2026-01-06 12:00:00,,43.0
,False,t-shirt,PL,PL,2026-01-06 13:00:00,,32.0
,False,t-shirt,PL,PL,2026-01-06 14:00:00,,42.0
,False,t-shirt,PL,PL,2026-01-06 15:00:00,,46.0
,False,t-shirt,PL,PL,2026-01-06 16:00:00,,44.0
,False,t-shirt,PL,PL,2026-01-06 17:00:00,,45.0
,False,t-shirt,PL,PL,2026-01-06 18:00:00,,41.0
,False,t-shirt,PL,PL,2026-01-06 19:00:00,,39.0
,False,t-shirt,PL,PL,2026-01-06 20:00:00,,34.0
,False,t-shirt,PL,PL,2026-01-06 21:00:00,,34.0
,False,t-shirt,PL,PL,2026-01-06 22:00:00,,52.0
,False,t-shirt,PL,PL,2026-01-06 23:00:00,,66.0
,False,t-shirt,PL,PL,2026-01-07 00:00:00,,65.0
,False,t-shirt,PL,PL,2026-01-07 01:00:00,,0.0
,False,t-shirt,PL,PL,2026-01-07 02:00:00,,0.0
,False,t-shirt,PL,PL,2026-01-07 03:00:00,,0.0
,False,t-shirt,PL,PL,2026-01-07 04:00:00,,0.0
,False,t-shirt,PL,PL,2026-01-07 05:00:00,,0.0
,False,t-shirt,PL,PL,2026-01-07 06:00:00,,0.0
,False,t-shirt,PL,PL,2026-01-07 07:00:00,,31.0
,False,t-shirt,PL,PL,2026-01-07 08:00:00,,29.0
,False,t-shirt,PL,PL,2026-01-07 09:00:00,,29.0
,False,t-shirt,PL,PL,2026-01-07 10:00:00,,32.0
,False,t-shirt,PL,PL,2026-01-07 11:00:00,,37.0
,False,t-shirt,PL,PL,2026-01-07 12:00:00,,30.0
,False,t-shirt,PL,PL,2026-01-07 13:00:00,,31.0
,False,t-shirt,PL,PL,2026-01-07 14:00:00,,29.0
,False,t-shirt,PL,PL,2026-01-07 15:00:00,,30.0
,False,t-shirt,PL,PL,2026-01-07 16:00:00,,35.0
,False,t-shirt,PL,PL,2026-01-07 17:00:00,,37.0
,False,t-shirt,PL,PL,2026-01-07 18:00:00,,42.0
,False,t-shirt,PL,PL,2026-01-07 19:00:00,,42.0
,False,t-shirt,PL,PL,2026-01-07 20:00:00,,40.0
,False,t-shirt,PL,PL,2026-01-07 21:00:00,,49.0
,False,t-shirt,PL,PL,2026-01-07 22:00:00,,48.0
,False,t-shirt,PL,PL,2026-01-07 23:00:00,,41.0
,False,t-shirt,PL,PL,2026-01-08 00:00:00,,0.0
,False,t-shirt,PL,PL,2026-01-08 01:00:00,,0.0
,False,t-shirt,PL,PL,2026-01-08 02:00:00,,0.0
,False,t-shirt,PL,PL,2026-01-08 03:00:00,,0.0
,False,t-shirt,PL,PL,2026-01-08 04:00:00,,0.0
,False,t-shirt,PL,PL,2026-01-08 05:00:00,,0.0
,False,t-shirt,PL,PL,2026-01-08 06:00:00,,21.0
,False,t-shirt,PL,PL,2026-01-08 07:00:00,,22.0
,False,t-shirt,PL,PL,2026-01-08 08:00:00,,13.0
,False,t-shirt,PL,PL,2026-01-08 09:00:00,,31.0
,False,t-shirt,PL,PL,2026-01-08 10:00:00,,31.0
,False,t-shirt,PL,PL,2026-01-08 11:00:00,,16.0
,False,t-shirt,PL,PL,2026-01-08 12:00:00,,27.0
,False,t-shirt,PL,PL,2026-01-08 13:00:00,,34.0
,False,t-shirt,PL,PL,2026-01-08 14:00:00,,36.0
,False,t-shirt,PL,PL,2026-01-08 15:00:00,,39.0
,False,t-shirt,PL,PL,2026-01-08 16:00:00,,38.0
,False,t-shirt,PL,PL,2026-01-08 17:00:00,,46.0
,False,t-shirt,PL,PL,2026-01-08 18:00:00,,32.0
,False,t-shirt,PL,PL,2026-01-08 19:00:00,,43.0
,False,t-shirt,PL,PL,2026-01-08 20:00:00,,40.0
,False,t-shirt,PL,PL,2026-01-08 21:00:00,,45.0
,False,t-shirt,PL,PL,2026-01-08 22:00:00,,63.0
,False,t-shirt,PL,PL,2026-01-08 23:00:00,,76.0
,False,t-shirt,PL,PL,2026-01-09 00:00:00,,0.0
,False,t-shirt,PL,PL,2026-01-09 01:00:00,,0.0
,False,t-shirt,PL,PL,2026-01-09 02:00:00,,0.0
,False,t-shirt,PL,PL,2026-01-09 03:00:00,,0.0
,False,t-shirt,PL,PL,2026-01-09 04:00:00,,0.0
,False,t-shirt,PL,PL,2026-01-09 05:00:00,,0.0
,False,t-shirt,PL,PL,2026-01-09 06:00:00,,32.0
,False,t-shirt,PL,PL,2026-01-09 07:00:00,,19.0
,False,t-shirt,PL,PL,2026-01-09 08:00:00,,20.0
,False,t-shirt,PL,PL,2026-01-09 09:00:00,,25.0
,False,t-shirt,PL,PL,2026-01-09 10:00:00,,24.0
,False,t-shirt,PL,PL,2026-01-09 11:00:00,,37.0
,False,t-shirt,PL,PL,2026-01-09 12:00:00,,31.0
,False,t-shirt,PL,PL,2026-01-09 13:00:00,,36.0
,False,t-shirt,PL,PL,2026-01-09 14:00:00,,37.0
,False,t-shirt,PL,PL,2026-01-09 15:00:00,,31.0
,False,t-shirt,PL,PL,2026-01-09 16:00:00,,35.0
,False,t-shirt,PL,PL,2026-01-09 17:00:00,,36.0
,False,t-shirt,PL,PL,2026-01-09 18:00:00,,40.0
,False,t-shirt,PL,PL,2026-01-09 19:00:00,,49.0
,False,t-shirt,PL,PL,2026-01-09 20:00:00,,40.0
,False,t-shirt,PL,PL,2026-01-09 21:00:00,,43.0
,False,t-shirt,PL,PL,2026-01-09 22:00:00,,58.0
,False,t-shirt,PL,PL,2026-01-09 23:00:00,,28.0
,False,t-shirt,PL,PL,2026-01-10 00:00:00,,79.0
,False,t-shirt,PL,PL,2026-01-10 01:00:00,,100.0
,False,t-shirt,PL,PL,2026-01-10 02:00:00,,0.0
,False,t-shirt,PL,PL,2026-01-10 03:00:00,,0.0
,False,t-shirt,PL,PL,2026-01-10 04:00:00,,0.0
,False,t-shirt,PL,PL,2026-01-10 05:00:00,,0.0
,False,t-shirt,PL,PL,2026-01-10 06:00:00,,30.0
,False,t-shirt,PL,PL,2026-01-10 07:00:00,,32.0
,False,t-shirt,PL,PL,2026-01-10 08:00:00,,32.0
,False,t-shirt,PL,PL,2026-01-10 09:00:00,,38.0
,False,t-shirt,PL,PL,2026-01-10 10:00:00,,33.0
,False,t-shirt,PL,PL,2026-01-10 11:00:00,,42.0
,False,t-shirt,PL,PL,2026-01-10 12:00:00,,44.0
,False,t-shirt,PL,PL,2026-01-10 13:00:00,,43.0
,True,t-shirt,PL,PL,2026-01-10 14:00:00,,0.0
76.0,False,pant,AU,AU,2026-01-03 14:00:00,,
71.0,False,pant,AU,AU,2026-01-03 15:00:00,,
63.0,False,pant,AU,AU,2026-01-03 16:00:00,,
0.0,False,pant,AU,AU,2026-01-03 17:00:00,,
0.0,False,pant,AU,AU,2026-01-03 18:00:00,,
55.0,False,pant,AU,AU,2026-01-03 19:00:00,,
65.0,False,pant,AU,AU,2026-01-03 20:00:00,,
56.0,False,pant,AU,AU,2026-01-03 21:00:00,,
69.0,False,pant,AU,AU,2026-01-03 22:00:00,,
78.0,False,pant,AU,AU,2026-01-03 23:00:00,,
87.0,False,pant,AU,AU,2026-01-04 00:00:00,,
85.0,False,pant,AU,AU,2026-01-04 01:00:00,,
81.0,False,pant,AU,AU,2026-01-04 02:00:00,,
91.0,False,pant,AU,AU,2026-01-04 03:00:00,,
91.0,False,pant,AU,AU,2026-01-04 04:00:00,,
91.0,False,pant,AU,AU,2026-01-04 05:00:00,,
84.0,False,pant,AU,AU,2026-01-04 06:00:00,,
79.0,False,pant,AU,AU,2026-01-04 07:00:00,,
66.0,False,pant,AU,AU,2026-01-04 08:00:00,,
76.0,False,pant,AU,AU,2026-01-04 09:00:00,,
81.0,False,pant,AU,AU,2026-01-04 10:00:00,,
94.0,False,pant,AU,AU,2026-01-04 11:00:00,,
100.0,False,pant,AU,AU,2026-01-04 12:00:00,,
71.0,False,pant,AU,AU,2026-01-04 13:00:00,,
79.0,False,pant,AU,AU,2026-01-04 14:00:00,,
75.0,False,pant,AU,AU,2026-01-04 15:00:00,,
68.0,False,pant,AU,AU,2026-01-04 16:00:00,,
0.0,False,pant,AU,AU,2026-01-04 17:00:00,,
58.0,False,pant,AU,AU,2026-01-04 18:00:00,,
50.0,False,pant,AU,AU,2026-01-04 19:00:00,,
69.0,False,pant,AU,AU,2026-01-04 20:00:00,,
59.0,False,pant,AU,AU,2026-01-04 21:00:00,,
52.0,False,pant,AU,AU,2026-01-04 22:00:00,,
66.0,False,pant,AU,AU,2026-01-04 23:00:00,,
64.0,False,pant,AU,AU,2026-01-05 00:00:00,,
66.0,False,pant,AU,AU,2026-01-05 01:00:00,,
76.0,False,pant,AU,AU,2026-01-05 02:00:00,,
76.0,False,pant,AU,AU,2026-01-05 03:00:00,,
78.0,False,pant,AU,AU,2026-01-05 04:00:00,,
67.0,False,pant,AU,AU,2026-01-05 05:00:00,,
83.0,False,pant,AU,AU,2026-01-05 06:00:00,,
71.0,False,pant,AU,AU,2026-01-05 07:00:00,,
78.0,False,pant,AU,AU,2026-01-05 08:00:00,,
66.0,False,pant,AU,AU,2026-01-05 09:00:00,,
89.0,False,pant,AU,AU,2026-01-05 10:00:00,,
84.0,False,pant,AU,AU,2026-01-05 11:00:00,,
93.0,False,pant,AU,AU,2026-01-05 12:00:00,,
68.0,False,pant,AU,AU,2026-01-05 13:00:00,,
72.0,False,pant,AU,AU,2026-01-05 14:00:00,,
58.0,False,pant,AU,AU,2026-01-05 15:00:00,,
0.0,False,pant,AU,AU,2026-01-05 16:00:00,,
81.0,False,pant,AU,AU,2026-01-05 17:00:00,,
0.0,False,pant,AU,AU,2026-01-05 18:00:00,,
76.0,False,pant,AU,AU,2026-01-05 19:00:00,,
74.0,False,pant,AU,AU,2026-01-05 20:00:00,,
77.0,False,pant,AU,AU,2026-01-05 21:00:00,,
69.0,False,pant,AU,AU,2026-01-05 22:00:00,,
65.0,False,pant,AU,AU,2026-01-05 23:00:00,,
71.0,False,pant,AU,AU,2026-01-06 00:00:00,,
68.0,False,pant,AU,AU,2026-01-06 01:00:00,,
71.0,False,pant,AU,AU,2026-01-06 02:00:00,,
78.0,False,pant,AU,AU,2026-01-06 03:00:00,,
65.0,False,pant,AU,AU,2026-01-06 04:00:00,,
69.0,False,pant,AU,AU,2026-01-06 05:00:00,,
67.0,False,pant,AU,AU,2026-01-06 06:00:00,,
76.0,False,pant,AU,AU,2026-01-06 07:00:00,,
75.0,False,pant,AU,AU,2026-01-06 08:00:00,,
77.0,False,pant,AU,AU,2026-01-06 09:00:00,,
78.0,False,pant,AU,AU,2026-01-06 10:00:00,,
80.0,False,pant,AU,AU,2026-01-06 11:00:00,,
93.0,False,pant,AU,AU,2026-01-06 12:00:00,,
99.0,False,pant,AU,AU,2026-01-06 13:00:00,,
70.0,False,pant,AU,AU,2026-01-06 14:00:00,,
63.0,False,pant,AU,AU,2026-01-06 15:00:00,,
0.0,False,pant,AU,AU,2026-01-06 16:00:00,,
0.0,False,pant,AU,AU,2026-01-06 17:00:00,,
56.0,False,pant,AU,AU,2026-01-06 18:00:00,,
68.0,False,pant,AU,AU,2026-01-06 19:00:00,,
77.0,False,pant,AU,AU,2026-01-06 20:00:00,,
62.0,False,pant,AU,AU,2026-01-06 21:00:00,,
51.0,False,pant,AU,AU,2026-01-06 22:00:00,,
64.0,False,pant,AU,AU,2026-01-06 23:00:00,,
67.0,False,pant,AU,AU,2026-01-07 00:00:00,,
64.0,False,pant,AU,AU,2026-01-07 01:00:00,,
58.0,False,pant,AU,AU,2026-01-07 02:00:00,,
65.0,False,pant,AU,AU,2026-01-07 03:00:00,,
65.0,False,pant,AU,AU,2026-01-07 04:00:00,,
62.0,False,pant,AU,AU,2026-01-07 05:00:00,,
81.0,False,pant,AU,AU,2026-01-07 06:00:00,,
63.0,False,pant,AU,AU,2026-01-07 07:00:00,,
73.0,False,pant,AU,AU,2026-01-07 08:00:00,,
80.0,False,pant,AU,AU,2026-01-07 09:00:00,,
75.0,False,pant,AU,AU,2026-01-07 10:00:00,,
75.0,False,pant,AU,AU,2026-01-07 11:00:00,,
88.0,False,pant,AU,AU,2026-01-07 12:00:00,,
58.0,False,pant,AU,AU,2026-01-07 13:00:00,,
51.0,False,pant,AU,AU,2026-01-07 14:00:00,,
57.0,False,pant,AU,AU,2026-01-07 15:00:00,,
91.0,False,pant,AU,AU,2026-01-07 16:00:00,,
0.0,False,pant,AU,AU,2026-01-07 17:00:00,,
53.0,False,pant,AU,AU,2026-01-07 18:00:00,,
64.0,False,pant,AU,AU,2026-01-07 19:00:00,,
64.0,False,pant,AU,AU,2026-01-07 20:00:00,,
57.0,False,pant,AU,AU,2026-01-07 21:00:00,,
68.0,False,pant,AU,AU,2026-01-07 22:00:00,,
72.0,False,pant,AU,AU,2026-01-07 23:00:00,,
70.0,False,pant,AU,AU,2026-01-08 00:00:00,,
72.0,False,pant,AU,AU,2026-01-08 01:00:00,,
67.0,False,pant,AU,AU,2026-01-08 02:00:00,,
69.0,False,pant,AU,AU,2026-01-08 03:00:00,,
72.0,False,pant,AU,AU,2026-01-08 04:00:00,,
63.0,False,pant,AU,AU,2026-01-08 05:00:00,,
73.0,False,pant,AU,AU,2026-01-08 06:00:00,,
64.0,False,pant,AU,AU,2026-01-08 07:00:00,,
73.0,False,pant,AU,AU,2026-01-08 08:00:00,,
66.0,False,pant,AU,AU,2026-01-08 09:00:00,,
78.0,False,pant,AU,AU,2026-01-08 10:00:00,,
88.0,False,pant,AU,AU,2026-01-08 11:00:00,,
74.0,False,pant,AU,AU,2026-01-08 12:00:00,,
61.0,False,pant,AU,AU,2026-01-08 13:00:00,,
71.0,False,pant,AU,AU,2026-01-08 14:00:00,,
52.0,False,pant,AU,AU,2026-01-08 15:00:00,,
73.0,False,pant,AU,AU,2026-01-08 16:00:00,,
63.0,False,pant,AU,AU,2026-01-08 17:00:00,,
74.0,False,pant,AU,AU,2026-01-08 18:00:00,,
64.0,False,pant,AU,AU,2026-01-08 19:00:00,,
60.0,False,pant,AU,AU,2026-01-08 20:00:00,,
72.0,False,pant,AU,AU,2026-01-08 21:00:00,,
56.0,False,pant,AU,AU,2026-01-08 22:00:00,,
82.0,False,pant,AU,AU,2026-01-08 23:00:00,,
61.0,False,pant,AU,AU,2026-01-09 00:00:00,,
65.0,False,pant,AU,AU,2026-01-09 01:00:00,,
65.0,False,pant,AU,AU,2026-01-09 02:00:00,,
71.0,False,pant,AU,AU,2026-01-09 03:00:00,,
70.0,False,pant,AU,AU,2026-01-09 04:00:00,,
68.0,False,pant,AU,AU,2026-01-09 05:00:00,,
62.0,False,pant,AU,AU,2026-01-09 06:00:00,,
66.0,False,pant,AU,AU,2026-01-09 07:00:00,,
52.0,False,pant,AU,AU,2026-01-09 08:00:00,,
71.0,False,pant,AU,AU,2026-01-09 09:00:00,,
64.0,False,pant,AU,AU,2026-01-09 10:00:00,,
83.0,False,pant,AU,AU,2026-01-09 11:00:00,,
59.0,False,pant,AU,AU,2026-01-09 12:00:00,,
84.0,False,pant,AU,AU,2026-01-09 13:00:00,,
67.0,False,pant,AU,AU,2026-01-09 14:00:00,,
55.0,False,pant,AU,AU,2026-01-09 15:00:00,,
72.0,False,pant,AU,AU,2026-01-09 16:00:00,,
0.0,False,pant,AU,AU,2026-01-09 17:00:00,,
64.0,False,pant,AU,AU,2026-01-09 18:00:00,,
56.0,False,pant,AU,AU,2026-01-09 19:00:00,,
61.0,False,pant,AU,AU,2026-01-09 20:00:00,,
62.0,False,pant,AU,AU,2026-01-09 21:00:00,,
70.0,False,pant,AU,AU,2026-01-09 22:00:00,,
67.0,False,pant,AU,AU,2026-01-09 23:00:00,,
72.0,False,pant,AU,AU,2026-01-10 00:00:00,,
87.0,False,pant,AU,AU,2026-01-10 01:00:00,,
80.0,False,pant,AU,AU,2026-01-10 02:00:00,,
81.0,False,pant,AU,AU,2026-01-10 03:00:00,,
85.0,False,pant,AU,AU,2026-01-10 04:00:00,,
73.0,False,pant,AU,AU,2026-01-10 05:00:00,,
78.0,False,pant,AU,AU,2026-01-10 06:00:00,,
74.0,False,pant,AU,AU,2026-01-10 07:00:00,,
62.0,False,pant,AU,AU,2026-01-10 08:00:00,,
61.0,False,pant,AU,AU,2026-01-10 09:00:00,,
77.0,False,pant,AU,AU,2026-01-10 10:00:00,,
88.0,False,pant,AU,AU,2026-01-10 11:00:00,,
71.0,False,pant,AU,AU,2026-01-10 12:00:00,,
81.0,False,pant,AU,AU,2026-01-10 13:00:00,,
0.0,True,pant,AU,AU,2026-01-10 14:00:00,,
,False,dress,AU,AU,2026-01-03 14:00:00,75.0,
,False,dress,AU,AU,2026-01-03 15:00:00,71.0,
,False,dress,AU,AU,2026-01-03 16:00:00,75.0,
,False,dress,AU,AU,2026-01-03 17:00:00,71.0,
,False,dress,AU,AU,2026-01-03 18:00:00,62.0,
,False,dress,AU,AU,2026-01-03 19:00:00,64.0,
,False,dress,AU,AU,2026-01-03 20:00:00,69.0,
,False,dress,AU,AU,2026-01-03 21:00:00,65.0,
,False,dress,AU,AU,2026-01-03 22:00:00,66.0,
,False,dress,AU,AU,2026-01-03 23:00:00,67.0,
,False,dress,AU,AU,2026-01-04 00:00:00,68.0,
,False,dress,AU,AU,2026-01-04 01:00:00,70.0,
,False,dress,AU,AU,2026-01-04 02:00:00,73.0,
,False,dress,AU,AU,2026-01-04 03:00:00,73.0,
,False,dress,AU,AU,2026-01-04 04:00:00,72.0,
,False,dress,AU,AU,2026-01-04 05:00:00,74.0,
,False,dress,AU,AU,2026-01-04 06:00:00,73.0,
,False,dress,AU,AU,2026-01-04 07:00:00,74.0,
,False,dress,AU,AU,2026-01-04 08:00:00,85.0,
,False,dress,AU,AU,2026-01-04 09:00:00,75.0,
,False,dress,AU,AU,2026-01-04 10:00:00,93.0,
,False,dress,AU,AU,2026-01-04 11:00:00,90.0,
,False,dress,AU,AU,2026-01-04 12:00:00,92.0,
,False,dress,AU,AU,2026-01-04 13:00:00,81.0,
,False,dress,AU,AU,2026-01-04 14:00:00,73.0,
,False,dress,AU,AU,2026-01-04 15:00:00,71.0,
,False,dress,AU,AU,2026-01-04 16:00:00,79.0,
,False,dress,AU,AU,2026-01-04 17:00:00,71.0,
,False,dress,AU,AU,2026-01-04 18:00:00,54.0,
,False,dress,AU,AU,2026-01-04 19:00:00,62.0,
,False,dress,AU,AU,2026-01-04 20:00:00,56.0,
,False,dress,AU,AU,2026-01-04 21:00:00,56.0,
,False,dress,AU,AU,2026-01-04 22:00:00,51.0,
,False,dress,AU,AU,2026-01-04 23:00:00,54.0,
,False,dress,AU,AU,2026-01-05 00:00:00,61.0,
,False,dress,AU,AU,2026-01-05 01:00:00,55.0,
,False,dress,AU,AU,2026-01-05 02:00:00,63.0,
,False,dress,AU,AU,2026-01-05 03:00:00,63.0,
,False,dress,AU,AU,2026-01-05 04:00:00,63.0,
,False,dress,AU,AU,2026-01-05 05:00:00,65.0,
,False,dress,AU,AU,2026-01-05 06:00:00,64.0,
,False,dress,AU,AU,2026-01-05 07:00:00,67.0,
,False,dress,AU,AU,2026-01-05 08:00:00,72.0,
,False,dress,AU,AU,2026-01-05 09:00:00,79.0,
,False,dress,AU,AU,2026-01-05 10:00:00,76.0,
,False,dress,AU,AU,2026-01-05 11:00:00,92.0,
,False,dress,AU,AU,2026-01-05 12:00:00,83.0,
,False,dress,AU,AU,2026-01-05 13:00:00,82.0,
,False,dress,AU,AU,2026-01-05 14:00:00,79.0,
,False,dress,AU,AU,2026-01-05 15:00:00,81.0,
,False,dress,AU,AU,2026-01-05 16:00:00,71.0,
,False,dress,AU,AU,2026-01-05 17:00:00,74.0,
,False,dress,AU,AU,2026-01-05 18:00:00,75.0,
,False,dress,AU,AU,2026-01-05 19:00:00,61.0,
,False,dress,AU,AU,2026-01-05 20:00:00,60.0,
,False,dress,AU,AU,2026-01-05 21:00:00,62.0,
,False,dress,AU,AU,2026-01-05 22:00:00,57.0,
,False,dress,AU,AU,2026-01-05 23:00:00,58.0,
,False,dress,AU,AU,2026-01-06 00:00:00,61.0,
,False,dress,AU,AU,2026-01-06 01:00:00,61.0,
,False,dress,AU,AU,2026-01-06 02:00:00,62.0,
,False,dress,AU,AU,2026-01-06 03:00:00,60.0,
,False,dress,AU,AU,2026-01-06 04:00:00,61.0,
,False,dress,AU,AU,2026-01-06 05:00:00,66.0,
,False,dress,AU,AU,2026-01-06 06:00:00,65.0,
,False,dress,AU,AU,2026-01-06 07:00:00,70.0,
,False,dress,AU,AU,2026-01-06 08:00:00,72.0,
,False,dress,AU,AU,2026-01-06 09:00:00,75.0,
,False,dress,AU,AU,2026-01-06 10:00:00,79.0,
,False,dress,AU,AU,2026-01-06 11:00:00,87.0,
,False,dress,AU,AU,2026-01-06 12:00:00,100.0,
,False,dress,AU,AU,2026-01-06 13:00:00,83.0,
,False,dress,AU,AU,2026-01-06 14:00:00,77.0,
,False,dress,AU,AU,2026-01-06 15:00:00,76.0,
,False,dress,AU,AU,2026-01-06 16:00:00,75.0,
,False,dress,AU,AU,2026-01-06 17:00:00,71.0,
,False,dress,AU,AU,2026-01-06 18:00:00,60.0,
,False,dress,AU,AU,2026-01-06 19:00:00,59.0,
,False,dress,AU,AU,2026-01-06 20:00:00,63.0,
,False,dress,AU,AU,2026-01-06 21:00:00,62.0,
,False,dress,AU,AU,2026-01-06 22:00:00,60.0,
,False,dress,AU,AU,2026-01-06 23:00:00,53.0,
,False,dress,AU,AU,2026-01-07 00:00:00,59.0,
,False,dress,AU,AU,2026-01-07 01:00:00,59.0,
,False,dress,AU,AU,2026-01-07 02:00:00,64.0,
,False,dress,AU,AU,2026-01-07 03:00:00,62.0,
,False,dress,AU,AU,2026-01-07 04:00:00,63.0,
,False,dress,AU,AU,2026-01-07 05:00:00,66.0,
,False,dress,AU,AU,2026-01-07 06:00:00,65.0,
,False,dress,AU,AU,2026-01-07 07:00:00,72.0,
,False,dress,AU,AU,2026-01-07 08:00:00,72.0,
,False,dress,AU,AU,2026-01-07 09:00:00,85.0,
,False,dress,AU,AU,2026-01-07 10:00:00,83.0,
,False,dress,AU,AU,2026-01-07 11:00:00,88.0,
,False,dress,AU,AU,2026-01-07 12:00:00,94.0,
,False,dress,AU,AU,2026-01-07 13:00:00,80.0,
,False,dress,AU,AU,2026-01-07 14:00:00,78.0,
,False,dress,AU,AU,2026-01-07 15:00:00,62.0,
,False,dress,AU,AU,2026-01-07 16:00:00,67.0,
,False,dress,AU,AU,2026-01-07 17:00:00,65.0,
,False,dress,AU,AU,2026-01-07 18:00:00,64.0,
,False,dress,AU,AU,2026-01-07 19:00:00,61.0,
,False,dress,AU,AU,2026-01-07 20:00:00,65.0,
,False,dress,AU,AU,2026-01-07 21:00:00,64.0,
,False,dress,AU,AU,2026-01-07 22:00:00,57.0,
,False,dress,AU,AU,2026-01-07 23:00:00,58.0,
,False,dress,AU,AU,2026-01-08 00:00:00,59.0,
,False,dress,AU,AU,2026-01-08 01:00:00,66.0,
,False,dress,AU,AU,2026-01-08 02:00:00,64.0,
,False,dress,AU,AU,2026-01-08 03:00:00,60.0,
,False,dress,AU,AU,2026-01-08 04:00:00,67.0,
,False,dress,AU,AU,2026-01-08 05:00:00,64.0,
,False,dress,AU,AU,2026-01-08 06:00:00,68.0,
,False,dress,AU,AU,2026-01-08 07:00:00,76.0,
,False,dress,AU,AU,2026-01-08 08:00:00,74.0,
,False,dress,AU,AU,2026-01-08 09:00:00,74.0,
,False,dress,AU,AU,2026-01-08 10:00:00,82.0,
,False,dress,AU,AU,2026-01-08 11:00:00,88.0,
,False,dress,AU,AU,2026-01-08 12:00:00,87.0,
,False,dress,AU,AU,2026-01-08 13:00:00,78.0,
,False,dress,AU,AU,2026-01-08 14:00:00,77.0,
,False,dress,AU,AU,2026-01-08 15:00:00,66.0,
,False,dress,AU,AU,2026-01-08 16:00:00,66.0,
,False,dress,AU,AU,2026-01-08 17:00:00,59.0,
,False,dress,AU,AU,2026-01-08 18:00:00,54.0,
,False,dress,AU,AU,2026-01-08 19:00:00,52.0,
,False,dress,AU,AU,2026-01-08 20:00:00,61.0,
,False,dress,AU,AU,2026-01-08 21:00:00,58.0,
,False,dress,AU,AU,2026-01-08 22:00:00,58.0,
,False,dress,AU,AU,2026-01-08 23:00:00,59.0,
,False,dress,AU,AU,2026-01-09 00:00:00,60.0,
,False,dress,AU,AU,2026-01-09 01:00:00,58.0,
,False,dress,AU,AU,2026-01-09 02:00:00,63.0,
,False,dress,AU,AU,2026-01-09 03:00:00,63.0,
,False,dress,AU,AU,2026-01-09 04:00:00,64.0,
,False,dress,AU,AU,2026-01-09 05:00:00,70.0,
,False,dress,AU,AU,2026-01-09 06:00:00,65.0,
,False,dress,AU,AU,2026-01-09 07:00:00,71.0,
,False,dress,AU,AU,2026-01-09 08:00:00,74.0,
,False,dress,AU,AU,2026-01-09 09:00:00,78.0,
,False,dress,AU,AU,2026-01-09 10:00:00,77.0,
,False,dress,AU,AU,2026-01-09 11:00:00,85.0,
,False,dress,AU,AU,2026-01-09 12:00:00,79.0,
,False,dress,AU,AU,2026-01-09 13:00:00,77.0,
,False,dress,AU,AU,2026-01-09 14:00:00,65.0,
,False,dress,AU,AU,2026-01-09 15:00:00,63.0,
,False,dress,AU,AU,2026-01-09 16:00:00,58.0,
,False,dress,AU,AU,2026-01-09 17:00:00,55.0,
,False,dress,AU,AU,2026-01-09 18:00:00,56.0,
,False,dress,AU,AU,2026-01-09 19:00:00,57.0,
,False,dress,AU,AU,2026-01-09 20:00:00,60.0,
,False,dress,AU,AU,2026-01-09 21:00:00,69.0,
,False,dress,AU,AU,2026-01-09 22:00:00,77.0,
,False,dress,AU,AU,2026-01-09 23:00:00,72.0,
,False,dress,AU,AU,2026-01-10 00:00:00,78.0,
,False,dress,AU,AU,2026-01-10 01:00:00,75.0,
,False,dress,AU,AU,2026-01-10 02:00:00,76.0,
,False,dress,AU,AU,2026-01-10 03:00:00,88.0,
,False,dress,AU,AU,2026-01-10 04:00:00,78.0,
,False,dress,AU,AU,2026-01-10 05:00:00,78.0,
,False,dress,AU,AU,2026-01-10 06:00:00,78.0,
,False,dress,AU,AU,2026-01-10 07:00:00,77.0,
,False,dress,AU,AU,2026-01-10 08:00:00,75.0,
,False,dress,AU,AU,2026-01-10 09:00:00,78.0,
,False,dress,AU,AU,2026-01-10 10:00:00,78.0,
,False,dress,AU,AU,2026-01-10 11:00:00,83.0,
,False,dress,AU,AU,2026-01-10 12:00:00,84.0,
,False,dress,AU,AU,2026-01-10 13:00:00,80.0,
,True,dress,AU,AU,2026-01-10 14:00:00,81.0,
,False,t-shirt,AU,AU,2026-01-03 14:00:00,,51.0
,False,t-shirt,AU,AU,2026-01-03 15:00:00,,72.0
,False,t-shirt,AU,AU,2026-01-03 16:00:00,,0.0
,False,t-shirt,AU,AU,2026-01-03 17:00:00,,0.0
,False,t-shirt,AU,AU,2026-01-03 18:00:00,,0.0
,False,t-shirt,AU,AU,2026-01-03 19:00:00,,0.0
,False,t-shirt,AU,AU,2026-01-03 20:00:00,,55.0
,False,t-shirt,AU,AU,2026-01-03 21:00:00,,45.0
,False,t-shirt,AU,AU,2026-01-03 22:00:00,,54.0
,False,t-shirt,AU,AU,2026-01-03 23:00:00,,61.0
,False,t-shirt,AU,AU,2026-01-04 00:00:00,,45.0
,False,t-shirt,AU,AU,2026-01-04 01:00:00,,46.0
,False,t-shirt,AU,AU,2026-01-04 02:00:00,,51.0
,False,t-shirt,AU,AU,2026-01-04 03:00:00,,56.0
,False,t-shirt,AU,AU,2026-01-04 04:00:00,,64.0
,False,t-shirt,AU,AU,2026-01-04 05:00:00,,53.0
,False,t-shirt,AU,AU,2026-01-04 06:00:00,,47.0
,False,t-shirt,AU,AU,2026-01-04 07:00:00,,62.0
,False,t-shirt,AU,AU,2026-01-04 08:00:00,,40.0
,False,t-shirt,AU,AU,2026-01-04 09:00:00,,52.0
,False,t-shirt,AU,AU,2026-01-04 10:00:00,,60.0
,False,t-shirt,AU,AU,2026-01-04 11:00:00,,44.0
,False,t-shirt,AU,AU,2026-01-04 12:00:00,,55.0
,False,t-shirt,AU,AU,2026-01-04 13:00:00,,51.0
,False,t-shirt,AU,AU,2026-01-04 14:00:00,,54.0
,False,t-shirt,AU,AU,2026-01-04 15:00:00,,97.0
,False,t-shirt,AU,AU,2026-01-04 16:00:00,,0.0
,False,t-shirt,AU,AU,2026-01-04 17:00:00,,0.0
,False,t-shirt,AU,AU,2026-01-04 18:00:00,,0.0
,False,t-shirt,AU,AU,2026-01-04 19:00:00,,0.0
,False,t-shirt,AU,AU,2026-01-04 20:00:00,,0.0
,False,t-shirt,AU,AU,2026-01-04 21:00:00,,26.0
,False,t-shirt,AU,AU,2026-01-04 22:00:00,,43.0
,False,t-shirt,AU,AU,2026-01-04 23:00:00,,48.0
,False,t-shirt,AU,AU,2026-01-05 00:00:00,,46.0
,False,t-shirt,AU,AU,2026-01-05 01:00:00,,48.0
,False,t-shirt,AU,AU,2026-01-05 02:00:00,,57.0
,False,t-shirt,AU,AU,2026-01-05 03:00:00,,43.0
,False,t-shirt,AU,AU,2026-01-05 04:00:00,,44.0
,False,t-shirt,AU,AU,2026-01-05 05:00:00,,50.0
,False,t-shirt,AU,AU,2026-01-05 06:00:00,,57.0
,False,t-shirt,AU,AU,2026-01-05 07:00:00,,50.0
,False,t-shirt,AU,AU,2026-01-05 08:00:00,,50.0
,False,t-shirt,AU,AU,2026-01-05 09:00:00,,54.0
,False,t-shirt,AU,AU,2026-01-05 10:00:00,,57.0
,False,t-shirt,AU,AU,2026-01-05 11:00:00,,54.0
,False,t-shirt,AU,AU,2026-01-05 12:00:00,,78.0
,False,t-shirt,AU,AU,2026-01-05 13:00:00,,67.0
,False,t-shirt,AU,AU,2026-01-05 14:00:00,,55.0
,False,t-shirt,AU,AU,2026-01-05 15:00:00,,0.0
,False,t-shirt,AU,AU,2026-01-05 16:00:00,,0.0
,False,t-shirt,AU,AU,2026-01-05 17:00:00,,0.0
,False,t-shirt,AU,AU,2026-01-05 18:00:00,,0.0
,False,t-shirt,AU,AU,2026-01-05 19:00:00,,0.0
,False,t-shirt,AU,AU,2026-01-05 20:00:00,,32.0
,False,t-shirt,AU,AU,2026-01-05 21:00:00,,51.0
,False,t-shirt,AU,AU,2026-01-05 22:00:00,,49.0
,False,t-shirt,AU,AU,2026-01-05 23:00:00,,48.0
,False,t-shirt,AU,AU,2026-01-06 00:00:00,,42.0
,False,t-shirt,AU,AU,2026-01-06 01:00:00,,49.0
,False,t-shirt,AU,AU,2026-01-06 02:00:00,,45.0
,False,t-shirt,AU,AU,2026-01-06 03:00:00,,51.0
,False,t-shirt,AU,AU,2026-01-06 04:00:00,,57.0
,False,t-shirt,AU,AU,2026-01-06 05:00:00,,46.0
,False,t-shirt,AU,AU,2026-01-06 06:00:00,,49.0
,False,t-shirt,AU,AU,2026-01-06 07:00:00,,62.0
,False,t-shirt,AU,AU,2026-01-06 08:00:00,,45.0
,False,t-shirt,AU,AU,2026-01-06 09:00:00,,57.0
,False,t-shirt,AU,AU,2026-01-06 10:00:00,,51.0
,False,t-shirt,AU,AU,2026-01-06 11:00:00,,49.0
,False,t-shirt,AU,AU,2026-01-06 12:00:00,,69.0
,False,t-shirt,AU,AU,2026-01-06 13:00:00,,46.0
,False,t-shirt,AU,AU,2026-01-06 14:00:00,,0.0
,False,t-shirt,AU,AU,2026-01-06 15:00:00,,0.0
,False,t-shirt,AU,AU,2026-01-06 16:00:00,,0.0
,False,t-shirt,AU,AU,2026-01-06 17:00:00,,0.0
,False,t-shirt,AU,AU,2026-01-06 18:00:00,,0.0
,False,t-shirt,AU,AU,2026-01-06 19:00:00,,0.0
,False,t-shirt,AU,AU,2026-01-06 20:00:00,,37.0
,False,t-shirt,AU,AU,2026-01-06 21:00:00,,41.0
,False,t-shirt,AU,AU,2026-01-06 22:00:00,,40.0
,False,t-shirt,AU,AU,2026-01-06 23:00:00,,40.0
,False,t-shirt,AU,AU,2026-01-07 00:00:00,,58.0
,False,t-shirt,AU,AU,2026-01-07 01:00:00,,44.0
,False,t-shirt,AU,AU,2026-01-07 02:00:00,,43.0
,False,t-shirt,AU,AU,2026-01-07 03:00:00,,54.0
,False,t-shirt,AU,AU,2026-01-07 04:00:00,,56.0
,False,t-shirt,AU,AU,2026-01-07 05:00:00,,43.0
,False,t-shirt,AU,AU,2026-01-07 06:00:00,,44.0
,False,t-shirt,AU,AU,2026-01-07 07:00:00,,54.0
,False,t-shirt,AU,AU,2026-01-07 08:00:00,,44.0
,False,t-shirt,AU,AU,2026-01-07 09:00:00,,51.0
,False,t-shirt,AU,AU,2026-01-07 10:00:00,,59.0
,False,t-shirt,AU,AU,2026-01-07 11:00:00,,57.0
,False,t-shirt,AU,AU,2026-01-07 12:00:00,,58.0
,False,t-shirt,AU,AU,2026-01-07 13:00:00,,51.0
,False,t-shirt,AU,AU,2026-01-07 14:00:00,,0.0
,False,t-shirt,AU,AU,2026-01-07 15:00:00,,0.0
,False,t-shirt,AU,AU,2026-01-07 16:00:00,,0.0
,False,t-shirt,AU,AU,2026-01-07 17:00:00,,0.0
,False,t-shirt,AU,AU,2026-01-07 18:00:00,,0.0
,False,t-shirt,AU,AU,2026-01-07 19:00:00,,57.0
,False,t-shirt,AU,AU,2026-01-07 20:00:00,,30.0
,False,t-shirt,AU,AU,2026-01-07 21:00:00,,45.0
,False,t-shirt,AU,AU,2026-01-07 22:00:00,,38.0
,False,t-shirt,AU,AU,2026-01-07 23:00:00,,38.0
,False,t-shirt,AU,AU,2026-01-08 00:00:00,,38.0
,False,t-shirt,AU,AU,2026-01-08 01:00:00,,39.0
,False,t-shirt,AU,AU,2026-01-08 02:00:00,,42.0
,False,t-shirt,AU,AU,2026-01-08 03:00:00,,53.0
,False,t-shirt,AU,AU,2026-01-08 04:00:00,,52.0
,False,t-shirt,AU,AU,2026-01-08 05:00:00,,42.0
,False,t-shirt,AU,AU,2026-01-08 06:00:00,,54.0
,False,t-shirt,AU,AU,2026-01-08 07:00:00,,55.0
,False,t-shirt,AU,AU,2026-01-08 08:00:00,,51.0
,False,t-shirt,AU,AU,2026-01-08 09:00:00,,60.0
,False,t-shirt,AU,AU,2026-01-08 10:00:00,,39.0
,False,t-shirt,AU,AU,2026-01-08 11:00:00,,58.0
,False,t-shirt,AU,AU,2026-01-08 12:00:00,,53.0
,False,t-shirt,AU,AU,2026-01-08 13:00:00,,63.0
,False,t-shirt,AU,AU,2026-01-08 14:00:00,,67.0
,False,t-shirt,AU,AU,2026-01-08 15:00:00,,0.0
,False,t-shirt,AU,AU,2026-01-08 16:00:00,,0.0
,False,t-shirt,AU,AU,2026-01-08 17:00:00,,0.0
,False,t-shirt,AU,AU,2026-01-08 18:00:00,,0.0
,False,t-shirt,AU,AU,2026-01-08 19:00:00,,55.0
,False,t-shirt,AU,AU,2026-01-08 20:00:00,,50.0
,False,t-shirt,AU,AU,2026-01-08 21:00:00,,31.0
,False,t-shirt,AU,AU,2026-01-08 22:00:00,,32.0
,False,t-shirt,AU,AU,2026-01-08 23:00:00,,48.0
,False,t-shirt,AU,AU,2026-01-09 00:00:00,,47.0
,False,t-shirt,AU,AU,2026-01-09 01:00:00,,48.0
,False,t-shirt,AU,AU,2026-01-09 02:00:00,,51.0
,False,t-shirt,AU,AU,2026-01-09 03:00:00,,50.0
,False,t-shirt,AU,AU,2026-01-09 04:00:00,,46.0
,False,t-shirt,AU,AU,2026-01-09 05:00:00,,41.0
,False,t-shirt,AU,AU,2026-01-09 06:00:00,,41.0
,False,t-shirt,AU,AU,2026-01-09 07:00:00,,49.0
,False,t-shirt,AU,AU,2026-01-09 08:00:00,,51.0
,False,t-shirt,AU,AU,2026-01-09 09:00:00,,60.0
,False,t-shirt,AU,AU,2026-01-09 10:00:00,,41.0
,False,t-shirt,AU,AU,2026-01-09 11:00:00,,66.0
,False,t-shirt,AU,AU,2026-01-09 12:00:00,,68.0
,False,t-shirt,AU,AU,2026-01-09 13:00:00,,77.0
,False,t-shirt,AU,AU,2026-01-09 14:00:00,,53.0
,False,t-shirt,AU,AU,2026-01-09 15:00:00,,59.0
,False,t-shirt,AU,AU,2026-01-09 16:00:00,,0.0
,False,t-shirt,AU,AU,2026-01-09 17:00:00,,0.0
,False,t-shirt,AU,AU,2026-01-09 18:00:00,,79.0
,False,t-shirt,AU,AU,2026-01-09 19:00:00,,51.0
,False,t-shirt,AU,AU,2026-01-09 20:00:00,,100.0
,False,t-shirt,AU,AU,2026-01-09 21:00:00,,65.0
,False,t-shirt,AU,AU,2026-01-09 22:00:00,,51.0
,False,t-shirt,AU,AU,2026-01-09 23:00:00,,57.0
,False,t-shirt,AU,AU,2026-01-10 00:00:00,,43.0
,False,t-shirt,AU,AU,2026-01-10 01:00:00,,71.0
,False,t-shirt,AU,AU,2026-01-10 02:00:00,,55.0
,False,t-shirt,AU,AU,2026-01-10 03:00:00,,62.0
,False,t-shirt,AU,AU,2026-01-10 04:00:00,,78.0
,False,t-shirt,AU,AU,2026-01-10 05:00:00,,55.0
,False,t-shirt,AU,AU,2026-01-10 06:00:00,,60.0
,False,t-shirt,AU,AU,2026-01-10 07:00:00,,62.0
,False,t-shirt,AU,AU,2026-01-10 08:00:00,,45.0
,False,t-shirt,AU,AU,2026-01-10 09:00:00,,53.0
,False,t-shirt,AU,AU,2026-01-10 10:00:00,,43.0
,False,t-shirt,AU,AU,2026-01-10 11:00:00,,55.0
,False,t-shirt,AU,AU,2026-01-10 12:00:00,,61.0
,False,t-shirt,AU,AU,2026-01-10 13:00:00,,58.0
,True,t-shirt,AU,AU,2026-01-10 14:00:00,,0.0
0.0,False,pant,NZ,NZ,2026-01-03 14:00:00,,
0.0,False,pant,NZ,NZ,2026-01-03 15:00:00,,
0.0,False,pant,NZ,NZ,2026-01-03 16:00:00,,
0.0,False,pant,NZ,NZ,2026-01-03 17:00:00,,
0.0,False,pant,NZ,NZ,2026-01-03 18:00:00,,
0.0,False,pant,NZ,NZ,2026-01-03 19:00:00,,
0.0,False,pant,NZ,NZ,2026-01-03 20:00:00,,
53.0,False,pant,NZ,NZ,2026-01-03 21:00:00,,
66.0,False,pant,NZ,NZ,2026-01-03 22:00:00,,
44.0,False,pant,NZ,NZ,2026-01-03 23:00:00,,
51.0,False,pant,NZ,NZ,2026-01-04 00:00:00,,
62.0,False,pant,NZ,NZ,2026-01-04 01:00:00,,
0.0,False,pant,NZ,NZ,2026-01-04 02:00:00,,
48.0,False,pant,NZ,NZ,2026-01-04 03:00:00,,
39.0,False,pant,NZ,NZ,2026-01-04 04:00:00,,
39.0,False,pant,NZ,NZ,2026-01-04 05:00:00,,
54.0,False,pant,NZ,NZ,2026-01-04 06:00:00,,
47.0,False,pant,NZ,NZ,2026-01-04 07:00:00,,
57.0,False,pant,NZ,NZ,2026-01-04 08:00:00,,
0.0,False,pant,NZ,NZ,2026-01-04 09:00:00,,
0.0,False,pant,NZ,NZ,2026-01-04 10:00:00,,
0.0,False,pant,NZ,NZ,2026-01-04 11:00:00,,
0.0,False,pant,NZ,NZ,2026-01-04 12:00:00,,
0.0,False,pant,NZ,NZ,2026-01-04 13:00:00,,
0.0,False,pant,NZ,NZ,2026-01-04 14:00:00,,
0.0,False,pant,NZ,NZ,2026-01-04 15:00:00,,
0.0,False,pant,NZ,NZ,2026-01-04 16:00:00,,
0.0,False,pant,NZ,NZ,2026-01-04 17:00:00,,
0.0,False,pant,NZ,NZ,2026-01-04 18:00:00,,
43.0,False,pant,NZ,NZ,2026-01-04 19:00:00,,
0.0,False,pant,NZ,NZ,2026-01-04 20:00:00,,
0.0,False,pant,NZ,NZ,2026-01-04 21:00:00,,
46.0,False,pant,NZ,NZ,2026-01-04 22:00:00,,
49.0,False,pant,NZ,NZ,2026-01-04 23:00:00,,
55.0,False,pant,NZ,NZ,2026-01-05 00:00:00,,
45.0,False,pant,NZ,NZ,2026-01-05 01:00:00,,
71.0,False,pant,NZ,NZ,2026-01-05 02:00:00,,
59.0,False,pant,NZ,NZ,2026-01-05 03:00:00,,
48.0,False,pant,NZ,NZ,2026-01-05 04:00:00,,
49.0,False,pant,NZ,NZ,2026-01-05 05:00:00,,
59.0,False,pant,NZ,NZ,2026-01-05 06:00:00,,
45.0,False,pant,NZ,NZ,2026-01-05 07:00:00,,
59.0,False,pant,NZ,NZ,2026-01-05 08:00:00,,
40.0,False,pant,NZ,NZ,2026-01-05 09:00:00,,
0.0,False,pant,NZ,NZ,2026-01-05 10:00:00,,
0.0,False,pant,NZ,NZ,2026-01-05 11:00:00,,
0.0,False,pant,NZ,NZ,2026-01-05 12:00:00,,
0.0,False,pant,NZ,NZ,2026-01-05 13:00:00,,
0.0,False,pant,NZ,NZ,2026-01-05 14:00:00,,
0.0,False,pant,NZ,NZ,2026-01-05 15:00:00,,
0.0,False,pant,NZ,NZ,2026-01-05 16:00:00,,
0.0,False,pant,NZ,NZ,2026-01-05 17:00:00,,
0.0,False,pant,NZ,NZ,2026-01-05 18:00:00,,
0.0,False,pant,NZ,NZ,2026-01-05 19:00:00,,
42.0,False,pant,NZ,NZ,2026-01-05 20:00:00,,
0.0,False,pant,NZ,NZ,2026-01-05 21:00:00,,
0.0,False,pant,NZ,NZ,2026-01-05 22:00:00,,
62.0,False,pant,NZ,NZ,2026-01-05 23:00:00,,
42.0,False,pant,NZ,NZ,2026-01-06 00:00:00,,
0.0,False,pant,NZ,NZ,2026-01-06 01:00:00,,
0.0,False,pant,NZ,NZ,2026-01-06 02:00:00,,
36.0,False,pant,NZ,NZ,2026-01-06 03:00:00,,
45.0,False,pant,NZ,NZ,2026-01-06 04:00:00,,
37.0,False,pant,NZ,NZ,2026-01-06 05:00:00,,
35.0,False,pant,NZ,NZ,2026-01-06 06:00:00,,
57.0,False,pant,NZ,NZ,2026-01-06 07:00:00,,
37.0,False,pant,NZ,NZ,2026-01-06 08:00:00,,
62.0,False,pant,NZ,NZ,2026-01-06 09:00:00,,
0.0,False,pant,NZ,NZ,2026-01-06 10:00:00,,
0.0,False,pant,NZ,NZ,2026-01-06 11:00:00,,
0.0,False,pant,NZ,NZ,2026-01-06 12:00:00,,
0.0,False,pant,NZ,NZ,2026-01-06 13:00:00,,
0.0,False,pant,NZ,NZ,2026-01-06 14:00:00,,
0.0,False,pant,NZ,NZ,2026-01-06 15:00:00,,
0.0,False,pant,NZ,NZ,2026-01-06 16:00:00,,
0.0,False,pant,NZ,NZ,2026-01-06 17:00:00,,
0.0,False,pant,NZ,NZ,2026-01-06 18:00:00,,
56.0,False,pant,NZ,NZ,2026-01-06 19:00:00,,
0.0,False,pant,NZ,NZ,2026-01-06 20:00:00,,
57.0,False,pant,NZ,NZ,2026-01-06 21:00:00,,
45.0,False,pant,NZ,NZ,2026-01-06 22:00:00,,
40.0,False,pant,NZ,NZ,2026-01-06 23:00:00,,
40.0,False,pant,NZ,NZ,2026-01-07 00:00:00,,
32.0,False,pant,NZ,NZ,2026-01-07 01:00:00,,
0.0,False,pant,NZ,NZ,2026-01-07 02:00:00,,
43.0,False,pant,NZ,NZ,2026-01-07 03:00:00,,
57.0,False,pant,NZ,NZ,2026-01-07 04:00:00,,
59.0,False,pant,NZ,NZ,2026-01-07 05:00:00,,
42.0,False,pant,NZ,NZ,2026-01-07 06:00:00,,
32.0,False,pant,NZ,NZ,2026-01-07 07:00:00,,
41.0,False,pant,NZ,NZ,2026-01-07 08:00:00,,
51.0,False,pant,NZ,NZ,2026-01-07 09:00:00,,
0.0,False,pant,NZ,NZ,2026-01-07 10:00:00,,
0.0,False,pant,NZ,NZ,2026-01-07 11:00:00,,
0.0,False,pant,NZ,NZ,2026-01-07 12:00:00,,
0.0,False,pant,NZ,NZ,2026-01-07 13:00:00,,
0.0,False,pant,NZ,NZ,2026-01-07 14:00:00,,
0.0,False,pant,NZ,NZ,2026-01-07 15:00:00,,
0.0,False,pant,NZ,NZ,2026-01-07 16:00:00,,
0.0,False,pant,NZ,NZ,2026-01-07 17:00:00,,
65.0,False,pant,NZ,NZ,2026-01-07 18:00:00,,
45.0,False,pant,NZ,NZ,2026-01-07 19:00:00,,
43.0,False,pant,NZ,NZ,2026-01-07 20:00:00,,
0.0,False,pant,NZ,NZ,2026-01-07 21:00:00,,
44.0,False,pant,NZ,NZ,2026-01-07 22:00:00,,
36.0,False,pant,NZ,NZ,2026-01-07 23:00:00,,
54.0,False,pant,NZ,NZ,2026-01-08 00:00:00,,
49.0,False,pant,NZ,NZ,2026-01-08 01:00:00,,
48.0,False,pant,NZ,NZ,2026-01-08 02:00:00,,
0.0,False,pant,NZ,NZ,2026-01-08 03:00:00,,
44.0,False,pant,NZ,NZ,2026-01-08 04:00:00,,
36.0,False,pant,NZ,NZ,2026-01-08 05:00:00,,
39.0,False,pant,NZ,NZ,2026-01-08 06:00:00,,
0.0,False,pant,NZ,NZ,2026-01-08 07:00:00,,
50.0,False,pant,NZ,NZ,2026-01-08 08:00:00,,
43.0,False,pant,NZ,NZ,2026-01-08 09:00:00,,
0.0,False,pant,NZ,NZ,2026-01-08 10:00:00,,
100.0,False,pant,NZ,NZ,2026-01-08 11:00:00,,
0.0,False,pant,NZ,NZ,2026-01-08 12:00:00,,
0.0,False,pant,NZ,NZ,2026-01-08 13:00:00,,
0.0,False,pant,NZ,NZ,2026-01-08 14:00:00,,
0.0,False,pant,NZ,NZ,2026-01-08 15:00:00,,
0.0,False,pant,NZ,NZ,2026-01-08 16:00:00,,
0.0,False,pant,NZ,NZ,2026-01-08 17:00:00,,
0.0,False,pant,NZ,NZ,2026-01-08 18:00:00,,
43.0,False,pant,NZ,NZ,2026-01-08 19:00:00,,
64.0,False,pant,NZ,NZ,2026-01-08 20:00:00,,
32.0,False,pant,NZ,NZ,2026-01-08 21:00:00,,
40.0,False,pant,NZ,NZ,2026-01-08 22:00:00,,
57.0,False,pant,NZ,NZ,2026-01-08 23:00:00,,
36.0,False,pant,NZ,NZ,2026-01-09 00:00:00,,
59.0,False,pant,NZ,NZ,2026-01-09 01:00:00,,
42.0,False,pant,NZ,NZ,2026-01-09 02:00:00,,
51.0,False,pant,NZ,NZ,2026-01-09 03:00:00,,
35.0,False,pant,NZ,NZ,2026-01-09 04:00:00,,
47.0,False,pant,NZ,NZ,2026-01-09 05:00:00,,
51.0,False,pant,NZ,NZ,2026-01-09 06:00:00,,
0.0,False,pant,NZ,NZ,2026-01-09 07:00:00,,
56.0,False,pant,NZ,NZ,2026-01-09 08:00:00,,
67.0,False,pant,NZ,NZ,2026-01-09 09:00:00,,
0.0,False,pant,NZ,NZ,2026-01-09 10:00:00,,
0.0,False,pant,NZ,NZ,2026-01-09 11:00:00,,
0.0,False,pant,NZ,NZ,2026-01-09 12:00:00,,
0.0,False,pant,NZ,NZ,2026-01-09 13:00:00,,
0.0,False,pant,NZ,NZ,2026-01-09 14:00:00,,
0.0,False,pant,NZ,NZ,2026-01-09 15:00:00,,
0.0,False,pant,NZ,NZ,2026-01-09 16:00:00,,
0.0,False,pant,NZ,NZ,2026-01-09 17:00:00,,
0.0,False,pant,NZ,NZ,2026-01-09 18:00:00,,
0.0,False,pant,NZ,NZ,2026-01-09 19:00:00,,
50.0,False,pant,NZ,NZ,2026-01-09 20:00:00,,
40.0,False,pant,NZ,NZ,2026-01-09 21:00:00,,
64.0,False,pant,NZ,NZ,2026-01-09 22:00:00,,
40.0,False,pant,NZ,NZ,2026-01-09 23:00:00,,
38.0,False,pant,NZ,NZ,2026-01-10 00:00:00,,
68.0,False,pant,NZ,NZ,2026-01-10 01:00:00,,
61.0,False,pant,NZ,NZ,2026-01-10 02:00:00,,
56.0,False,pant,NZ,NZ,2026-01-10 03:00:00,,
41.0,False,pant,NZ,NZ,2026-01-10 04:00:00,,
37.0,False,pant,NZ,NZ,2026-01-10 05:00:00,,
39.0,False,pant,NZ,NZ,2026-01-10 06:00:00,,
42.0,False,pant,NZ,NZ,2026-01-10 07:00:00,,
42.0,False,pant,NZ,NZ,2026-01-10 08:00:00,,
59.0,False,pant,NZ,NZ,2026-01-10 09:00:00,,
64.0,False,pant,NZ,NZ,2026-01-10 10:00:00,,
0.0,False,pant,NZ,NZ,2026-01-10 11:00:00,,
0.0,False,pant,NZ,NZ,2026-01-10 12:00:00,,
0.0,False,pant,NZ,NZ,2026-01-10 13:00:00,,
0.0,True,pant,NZ,NZ,2026-01-10 14:00:00,,
,False,dress,NZ,NZ,2026-01-03 14:00:00,71.0,
,False,dress,NZ,NZ,2026-01-03 15:00:00,100.0,
,False,dress,NZ,NZ,2026-01-03 16:00:00,94.0,
,False,dress,NZ,NZ,2026-01-03 17:00:00,56.0,
,False,dress,NZ,NZ,2026-01-03 18:00:00,44.0,
,False,dress,NZ,NZ,2026-01-03 19:00:00,33.0,
,False,dress,NZ,NZ,2026-01-03 20:00:00,34.0,
,False,dress,NZ,NZ,2026-01-03 21:00:00,31.0,
,False,dress,NZ,NZ,2026-01-03 22:00:00,31.0,
,False,dress,NZ,NZ,2026-01-03 23:00:00,34.0,
,False,dress,NZ,NZ,2026-01-04 00:00:00,32.0,
,False,dress,NZ,NZ,2026-01-04 01:00:00,37.0,
,False,dress,NZ,NZ,2026-01-04 02:00:00,35.0,
,False,dress,NZ,NZ,2026-01-04 03:00:00,41.0,
,False,dress,NZ,NZ,2026-01-04 04:00:00,33.0,
,False,dress,NZ,NZ,2026-01-04 05:00:00,36.0,
,False,dress,NZ,NZ,2026-01-04 06:00:00,34.0,
,False,dress,NZ,NZ,2026-01-04 07:00:00,34.0,
,False,dress,NZ,NZ,2026-01-04 08:00:00,41.0,
,False,dress,NZ,NZ,2026-01-04 09:00:00,39.0,
,False,dress,NZ,NZ,2026-01-04 10:00:00,46.0,
,False,dress,NZ,NZ,2026-01-04 11:00:00,50.0,
,False,dress,NZ,NZ,2026-01-04 12:00:00,59.0,
,False,dress,NZ,NZ,2026-01-04 13:00:00,89.0,
,False,dress,NZ,NZ,2026-01-04 14:00:00,88.0,
,False,dress,NZ,NZ,2026-01-04 15:00:00,86.0,
,False,dress,NZ,NZ,2026-01-04 16:00:00,78.0,
,False,dress,NZ,NZ,2026-01-04 17:00:00,50.0,
,False,dress,NZ,NZ,2026-01-04 18:00:00,37.0,
,False,dress,NZ,NZ,2026-01-04 19:00:00,29.0,
,False,dress,NZ,NZ,2026-01-04 20:00:00,26.0,
,False,dress,NZ,NZ,2026-01-04 21:00:00,27.0,
,False,dress,NZ,NZ,2026-01-04 22:00:00,28.0,
,False,dress,NZ,NZ,2026-01-04 23:00:00,30.0,
,False,dress,NZ,NZ,2026-01-05 00:00:00,31.0,
,False,dress,NZ,NZ,2026-01-05 01:00:00,28.0,
,False,dress,NZ,NZ,2026-01-05 02:00:00,31.0,
,False,dress,NZ,NZ,2026-01-05 03:00:00,29.0,
,False,dress,NZ,NZ,2026-01-05 04:00:00,31.0,
,False,dress,NZ,NZ,2026-01-05 05:00:00,31.0,
,False,dress,NZ,NZ,2026-01-05 06:00:00,34.0,
,False,dress,NZ,NZ,2026-01-05 07:00:00,39.0,
,False,dress,NZ,NZ,2026-01-05 08:00:00,40.0,
,False,dress,NZ,NZ,2026-01-05 09:00:00,40.0,
,False,dress,NZ,NZ,2026-01-05 10:00:00,48.0,
,False,dress,NZ,NZ,2026-01-05 11:00:00,49.0,
,False,dress,NZ,NZ,2026-01-05 12:00:00,57.0,
,False,dress,NZ,NZ,2026-01-05 13:00:00,70.0,
,False,dress,NZ,NZ,2026-01-05 14:00:00,87.0,
,False,dress,NZ,NZ,2026-01-05 15:00:00,100.0,
,False,dress,NZ,NZ,2026-01-05 16:00:00,66.0,
,False,dress,NZ,NZ,2026-01-05 17:00:00,48.0,
,False,dress,NZ,NZ,2026-01-05 18:00:00,37.0,
,False,dress,NZ,NZ,2026-01-05 19:00:00,27.0,
,False,dress,NZ,NZ,2026-01-05 20:00:00,31.0,
,False,dress,NZ,NZ,2026-01-05 21:00:00,29.0,
,False,dress,NZ,NZ,2026-01-05 22:00:00,27.0,
,False,dress,NZ,NZ,2026-01-05 23:00:00,33.0,
,False,dress,NZ,NZ,2026-01-06 00:00:00,32.0,
,False,dress,NZ,NZ,2026-01-06 01:00:00,30.0,
,False,dress,NZ,NZ,2026-01-06 02:00:00,31.0,
,False,dress,NZ,NZ,2026-01-06 03:00:00,32.0,
,False,dress,NZ,NZ,2026-01-06 04:00:00,33.0,
,False,dress,NZ,NZ,2026-01-06 05:00:00,35.0,
,False,dress,NZ,NZ,2026-01-06 06:00:00,37.0,
,False,dress,NZ,NZ,2026-01-06 07:00:00,36.0,
,False,dress,NZ,NZ,2026-01-06 08:00:00,39.0,
,False,dress,NZ,NZ,2026-01-06 09:00:00,42.0,
,False,dress,NZ,NZ,2026-01-06 10:00:00,47.0,
,False,dress,NZ,NZ,2026-01-06 11:00:00,53.0,
,False,dress,NZ,NZ,2026-01-06 12:00:00,59.0,
,False,dress,NZ,NZ,2026-01-06 13:00:00,86.0,
,False,dress,NZ,NZ,2026-01-06 14:00:00,90.0,
,False,dress,NZ,NZ,2026-01-06 15:00:00,85.0,
,False,dress,NZ,NZ,2026-01-06 16:00:00,69.0,
,False,dress,NZ,NZ,2026-01-06 17:00:00,50.0,
,False,dress,NZ,NZ,2026-01-06 18:00:00,34.0,
,False,dress,NZ,NZ,2026-01-06 19:00:00,35.0,
,False,dress,NZ,NZ,2026-01-06 20:00:00,24.0,
,False,dress,NZ,NZ,2026-01-06 21:00:00,32.0,
,False,dress,NZ,NZ,2026-01-06 22:00:00,32.0,
,False,dress,NZ,NZ,2026-01-06 23:00:00,30.0,
,False,dress,NZ,NZ,2026-01-07 00:00:00,35.0,
,False,dress,NZ,NZ,2026-01-07 01:00:00,32.0,
,False,dress,NZ,NZ,2026-01-07 02:00:00,31.0,
,False,dress,NZ,NZ,2026-01-07 03:00:00,35.0,
,False,dress,NZ,NZ,2026-01-07 04:00:00,35.0,
,False,dress,NZ,NZ,2026-01-07 05:00:00,34.0,
,False,dress,NZ,NZ,2026-01-07 06:00:00,35.0,
,False,dress,NZ,NZ,2026-01-07 07:00:00,34.0,
,False,dress,NZ,NZ,2026-01-07 08:00:00,39.0,
,False,dress,NZ,NZ,2026-01-07 09:00:00,41.0,
,False,dress,NZ,NZ,2026-01-07 10:00:00,46.0,
,False,dress,NZ,NZ,2026-01-07 11:00:00,50.0,
,False,dress,NZ,NZ,2026-01-07 12:00:00,61.0,
,False,dress,NZ,NZ,2026-01-07 13:00:00,78.0,
,False,dress,NZ,NZ,2026-01-07 14:00:00,76.0,
,False,dress,NZ,NZ,2026-01-07 15:00:00,89.0,
,False,dress,NZ,NZ,2026-01-07 16:00:00,64.0,
,False,dress,NZ,NZ,2026-01-07 17:00:00,48.0,
,False,dress,NZ,NZ,2026-01-07 18:00:00,34.0,
,False,dress,NZ,NZ,2026-01-07 19:00:00,31.0,
,False,dress,NZ,NZ,2026-01-07 20:00:00,30.0,
,False,dress,NZ,NZ,2026-01-07 21:00:00,31.0,
,False,dress,NZ,NZ,2026-01-07 22:00:00,31.0,
,False,dress,NZ,NZ,2026-01-07 23:00:00,31.0,
,False,dress,NZ,NZ,2026-01-08 00:00:00,32.0,
,False,dress,NZ,NZ,2026-01-08 01:00:00,32.0,
,False,dress,NZ,NZ,2026-01-08 02:00:00,35.0,
,False,dress,NZ,NZ,2026-01-08 03:00:00,34.0,
,False,dress,NZ,NZ,2026-01-08 04:00:00,32.0,
,False,dress,NZ,NZ,2026-01-08 05:00:00,36.0,
,False,dress,NZ,NZ,2026-01-08 06:00:00,34.0,
,False,dress,NZ,NZ,2026-01-08 07:00:00,42.0,
,False,dress,NZ,NZ,2026-01-08 08:00:00,43.0,
,False,dress,NZ,NZ,2026-01-08 09:00:00,44.0,
,False,dress,NZ,NZ,2026-01-08 10:00:00,46.0,
,False,dress,NZ,NZ,2026-01-08 11:00:00,47.0,
,False,dress,NZ,NZ,2026-01-08 12:00:00,58.0,
,False,dress,NZ,NZ,2026-01-08 13:00:00,79.0,
,False,dress,NZ,NZ,2026-01-08 14:00:00,91.0,
,False,dress,NZ,NZ,2026-01-08 15:00:00,90.0,
,False,dress,NZ,NZ,2026-01-08 16:00:00,69.0,
,False,dress,NZ,NZ,2026-01-08 17:00:00,41.0,
,False,dress,NZ,NZ,2026-01-08 18:00:00,32.0,
,False,dress,NZ,NZ,2026-01-08 19:00:00,37.0,
,False,dress,NZ,NZ,2026-01-08 20:00:00,28.0,
,False,dress,NZ,NZ,2026-01-08 21:00:00,25.0,
,False,dress,NZ,NZ,2026-01-08 22:00:00,31.0,
,False,dress,NZ,NZ,2026-01-08 23:00:00,31.0,
,False,dress,NZ,NZ,2026-01-09 00:00:00,36.0,
,False,dress,NZ,NZ,2026-01-09 01:00:00,34.0,
,False,dress,NZ,NZ,2026-01-09 02:00:00,34.0,
,False,dress,NZ,NZ,2026-01-09 03:00:00,35.0,
,False,dress,NZ,NZ,2026-01-09 04:00:00,35.0,
,False,dress,NZ,NZ,2026-01-09 05:00:00,30.0,
,False,dress,NZ,NZ,2026-01-09 06:00:00,35.0,
,False,dress,NZ,NZ,2026-01-09 07:00:00,39.0,
,False,dress,NZ,NZ,2026-01-09 08:00:00,37.0,
,False,dress,NZ,NZ,2026-01-09 09:00:00,41.0,
,False,dress,NZ,NZ,2026-01-09 10:00:00,44.0,
,False,dress,NZ,NZ,2026-01-09 11:00:00,51.0,
,False,dress,NZ,NZ,2026-01-09 12:00:00,57.0,
,False,dress,NZ,NZ,2026-01-09 13:00:00,62.0,
,False,dress,NZ,NZ,2026-01-09 14:00:00,96.0,
,False,dress,NZ,NZ,2026-01-09 15:00:00,98.0,
,False,dress,NZ,NZ,2026-01-09 16:00:00,81.0,
,False,dress,NZ,NZ,2026-01-09 17:00:00,48.0,
,False,dress,NZ,NZ,2026-01-09 18:00:00,43.0,
,False,dress,NZ,NZ,2026-01-09 19:00:00,39.0,
,False,dress,NZ,NZ,2026-01-09 20:00:00,34.0,
,False,dress,NZ,NZ,2026-01-09 21:00:00,37.0,
,False,dress,NZ,NZ,2026-01-09 22:00:00,37.0,
,False,dress,NZ,NZ,2026-01-09 23:00:00,37.0,
,False,dress,NZ,NZ,2026-01-10 00:00:00,38.0,
,False,dress,NZ,NZ,2026-01-10 01:00:00,37.0,
,False,dress,NZ,NZ,2026-01-10 02:00:00,38.0,
,False,dress,NZ,NZ,2026-01-10 03:00:00,39.0,
,False,dress,NZ,NZ,2026-01-10 04:00:00,37.0,
,False,dress,NZ,NZ,2026-01-10 05:00:00,36.0,
,False,dress,NZ,NZ,2026-01-10 06:00:00,36.0,
,False,dress,NZ,NZ,2026-01-10 07:00:00,34.0,
,False,dress,NZ,NZ,2026-01-10 08:00:00,38.0,
,False,dress,NZ,NZ,2026-01-10 09:00:00,42.0,
,False,dress,NZ,NZ,2026-01-10 10:00:00,42.0,
,False,dress,NZ,NZ,2026-01-10 11:00:00,47.0,
,False,dress,NZ,NZ,2026-01-10 12:00:00,59.0,
,False,dress,NZ,NZ,2026-01-10 13:00:00,62.0,
,True,dress,NZ,NZ,2026-01-10 14:00:00,62.0,
,False,t-shirt,NZ,NZ,2026-01-03 16:00:00,,0.0
,False,t-shirt,NZ,NZ,2026-01-03 17:00:00,,0.0
,False,t-shirt,NZ,NZ,2026-01-03 18:00:00,,0.0
,False,t-shirt,NZ,NZ,2026-01-03 19:00:00,,0.0
,False,t-shirt,NZ,NZ,2026-01-03 20:00:00,,0.0
,False,t-shirt,NZ,NZ,2026-01-03 21:00:00,,0.0
,False,t-shirt,NZ,NZ,2026-01-03 22:00:00,,0.0
,False,t-shirt,NZ,NZ,2026-01-03 23:00:00,,0.0
,False,t-shirt,NZ,NZ,2026-01-04 00:00:00,,0.0
,False,t-shirt,NZ,NZ,2026-01-04 01:00:00,,0.0
,False,t-shirt,NZ,NZ,2026-01-04 02:00:00,,0.0
,False,t-shirt,NZ,NZ,2026-01-04 03:00:00,,0.0
,False,t-shirt,NZ,NZ,2026-01-04 04:00:00,,0.0
,False,t-shirt,NZ,NZ,2026-01-04 05:00:00,,0.0
,False,t-shirt,NZ,NZ,2026-01-04 06:00:00,,0.0
,False,t-shirt,NZ,NZ,2026-01-04 07:00:00,,0.0
,False,t-shirt,NZ,NZ,2026-01-04 08:00:00,,0.0
,False,t-shirt,NZ,NZ,2026-01-04 09:00:00,,0.0
,False,t-shirt,NZ,NZ,2026-01-04 10:00:00,,0.0
,False,t-shirt,NZ,NZ,2026-01-04 11:00:00,,0.0
,False,t-shirt,NZ,NZ,2026-01-04 12:00:00,,0.0
,False,t-shirt,NZ,NZ,2026-01-04 13:00:00,,0.0
,False,t-shirt,NZ,NZ,2026-01-04 14:00:00,,0.0
,False,t-shirt,NZ,NZ,2026-01-04 15:00:00,,0.0
,False,t-shirt,NZ,NZ,2026-01-04 16:00:00,,0.0
,False,t-shirt,NZ,NZ,2026-01-04 17:00:00,,0.0
,False,t-shirt,NZ,NZ,2026-01-04 18:00:00,,0.0
,False,t-shirt,NZ,NZ,2026-01-04 19:00:00,,0.0
,False,t-shirt,NZ,NZ,2026-01-04 20:00:00,,0.0
,False,t-shirt,NZ,NZ,2026-01-04 21:00:00,,0.0
,False,t-shirt,NZ,NZ,2026-01-04 22:00:00,,0.0
,False,t-shirt,NZ,NZ,2026-01-04 23:00:00,,0.0
,False,t-shirt,NZ,NZ,2026-01-05 00:00:00,,49.0
,False,t-shirt,NZ,NZ,2026-01-05 01:00:00,,44.0
,False,t-shirt,NZ,NZ,2026-01-05 02:00:00,,0.0
,False,t-shirt,NZ,NZ,2026-01-05 03:00:00,,0.0
,False,t-shirt,NZ,NZ,2026-01-05 04:00:00,,0.0
,False,t-shirt,NZ,NZ,2026-01-05 05:00:00,,0.0
,False,t-shirt,NZ,NZ,2026-01-05 06:00:00,,0.0
,False,t-shirt,NZ,NZ,2026-01-05 07:00:00,,0.0
,False,t-shirt,NZ,NZ,2026-01-05 08:00:00,,0.0
,False,t-shirt,NZ,NZ,2026-01-05 09:00:00,,55.0
,False,t-shirt,NZ,NZ,2026-01-05 10:00:00,,0.0
,False,t-shirt,NZ,NZ,2026-01-05 11:00:00,,0.0
,False,t-shirt,NZ,NZ,2026-01-05 12:00:00,,0.0
,False,t-shirt,NZ,NZ,2026-01-05 13:00:00,,0.0
,False,t-shirt,NZ,NZ,2026-01-05 14:00:00,,0.0
,False,t-shirt,NZ,NZ,2026-01-05 15:00:00,,0.0
,False,t-shirt,NZ,NZ,2026-01-05 16:00:00,,0.0
,False,t-shirt,NZ,NZ,2026-01-05 17:00:00,,0.0
,False,t-shirt,NZ,NZ,2026-01-05 18:00:00,,100.0
,False,t-shirt,NZ,NZ,2026-01-05 19:00:00,,0.0
,False,t-shirt,NZ,NZ,2026-01-05 20:00:00,,52.0
,False,t-shirt,NZ,NZ,2026-01-05 21:00:00,,0.0
,False,t-shirt,NZ,NZ,2026-01-05 22:00:00,,0.0
,False,t-shirt,NZ,NZ,2026-01-05 23:00:00,,0.0
,False,t-shirt,NZ,NZ,2026-01-06 00:00:00,,63.0
,False,t-shirt,NZ,NZ,2026-01-06 01:00:00,,0.0
,False,t-shirt,NZ,NZ,2026-01-06 02:00:00,,42.0
,False,t-shirt,NZ,NZ,2026-01-06 03:00:00,,0.0
,False,t-shirt,NZ,NZ,2026-01-06 04:00:00,,0.0
,False,t-shirt,NZ,NZ,2026-01-06 05:00:00,,0.0
,False,t-shirt,NZ,NZ,2026-01-06 06:00:00,,0.0
,False,t-shirt,NZ,NZ,2026-01-06 07:00:00,,0.0
,False,t-shirt,NZ,NZ,2026-01-06 08:00:00,,90.0
,False,t-shirt,NZ,NZ,2026-01-06 09:00:00,,0.0
,False,t-shirt,NZ,NZ,2026-01-06 10:00:00,,0.0
,False,t-shirt,NZ,NZ,2026-01-06 11:00:00,,0.0
,False,t-shirt,NZ,NZ,2026-01-06 12:00:00,,0.0
,False,t-shirt,NZ,NZ,2026-01-06 13:00:00,,0.0
,False,t-shirt,NZ,NZ,2026-01-06 14:00:00,,0.0
,False,t-shirt,NZ,NZ,2026-01-06 15:00:00,,0.0
,False,t-shirt,NZ,NZ,2026-01-06 16:00:00,,0.0
,False,t-shirt,NZ,NZ,2026-01-06 17:00:00,,0.0
,False,t-shirt,NZ,NZ,2026-01-06 18:00:00,,0.0
,False,t-shirt,NZ,NZ,2026-01-06 19:00:00,,0.0
,False,t-shirt,NZ,NZ,2026-01-06 20:00:00,,0.0
,False,t-shirt,NZ,NZ,2026-01-06 21:00:00,,47.0
,False,t-shirt,NZ,NZ,2026-01-06 22:00:00,,0.0
,False,t-shirt,NZ,NZ,2026-01-06 23:00:00,,0.0
,False,t-shirt,NZ,NZ,2026-01-07 00:00:00,,45.0
,False,t-shirt,NZ,NZ,2026-01-07 01:00:00,,0.0
,False,t-shirt,NZ,NZ,2026-01-07 02:00:00,,44.0
,False,t-shirt,NZ,NZ,2026-01-07 03:00:00,,0.0
,False,t-shirt,NZ,NZ,2026-01-07 04:00:00,,69.0
,False,t-shirt,NZ,NZ,2026-01-07 05:00:00,,48.0
,False,t-shirt,NZ,NZ,2026-01-07 06:00:00,,46.0
,False,t-shirt,NZ,NZ,2026-01-07 07:00:00,,0.0
,False,t-shirt,NZ,NZ,2026-01-07 08:00:00,,0.0
,False,t-shirt,NZ,NZ,2026-01-07 09:00:00,,0.0
,False,t-shirt,NZ,NZ,2026-01-07 10:00:00,,0.0
,False,t-shirt,NZ,NZ,2026-01-07 11:00:00,,0.0
,False,t-shirt,NZ,NZ,2026-01-07 12:00:00,,0.0
,False,t-shirt,NZ,NZ,2026-01-07 13:00:00,,0.0
,False,t-shirt,NZ,NZ,2026-01-07 14:00:00,,0.0
,False,t-shirt,NZ,NZ,2026-01-07 15:00:00,,0.0
,False,t-shirt,NZ,NZ,2026-01-07 16:00:00,,0.0
,False,t-shirt,NZ,NZ,2026-01-07 17:00:00,,0.0
,False,t-shirt,NZ,NZ,2026-01-07 18:00:00,,0.0
,False,t-shirt,NZ,NZ,2026-01-07 19:00:00,,0.0
,False,t-shirt,NZ,NZ,2026-01-07 20:00:00,,0.0
,False,t-shirt,NZ,NZ,2026-01-07 21:00:00,,0.0
,False,t-shirt,NZ,NZ,2026-01-07 22:00:00,,0.0
,False,t-shirt,NZ,NZ,2026-01-07 23:00:00,,0.0
,False,t-shirt,NZ,NZ,2026-01-08 00:00:00,,0.0
,False,t-shirt,NZ,NZ,2026-01-08 01:00:00,,0.0
,False,t-shirt,NZ,NZ,2026-01-08 02:00:00,,0.0
,False,t-shirt,NZ,NZ,2026-01-08 03:00:00,,0.0
,False,t-shirt,NZ,NZ,2026-01-08 04:00:00,,0.0
,False,t-shirt,NZ,NZ,2026-01-08 05:00:00,,0.0
,False,t-shirt,NZ,NZ,2026-01-08 06:00:00,,0.0
,False,t-shirt,NZ,NZ,2026-01-08 07:00:00,,0.0
,False,t-shirt,NZ,NZ,2026-01-08 08:00:00,,0.0
,False,t-shirt,NZ,NZ,2026-01-08 09:00:00,,0.0
,False,t-shirt,NZ,NZ,2026-01-08 10:00:00,,0.0
,False,t-shirt,NZ,NZ,2026-01-08 11:00:00,,0.0
,False,t-shirt,NZ,NZ,2026-01-08 12:00:00,,0.0
,False,t-shirt,NZ,NZ,2026-01-08 13:00:00,,0.0
,False,t-shirt,NZ,NZ,2026-01-08 14:00:00,,0.0
,False,t-shirt,NZ,NZ,2026-01-08 15:00:00,,0.0
,False,t-shirt,NZ,NZ,2026-01-08 16:00:00,,0.0
,False,t-shirt,NZ,NZ,2026-01-08 17:00:00,,0.0
,False,t-shirt,NZ,NZ,2026-01-08 18:00:00,,0.0
,False,t-shirt,NZ,NZ,2026-01-08 19:00:00,,0.0
,False,t-shirt,NZ,NZ,2026-01-08 20:00:00,,0.0
,False,t-shirt,NZ,NZ,2026-01-08 21:00:00,,47.0
,False,t-shirt,NZ,NZ,2026-01-08 22:00:00,,0.0
,False,t-shirt,NZ,NZ,2026-01-08 23:00:00,,0.0
,False,t-shirt,NZ,NZ,2026-01-09 00:00:00,,0.0
,False,t-shirt,NZ,NZ,2026-01-09 01:00:00,,45.0
,False,t-shirt,NZ,NZ,2026-01-09 02:00:00,,0.0
,False,t-shirt,NZ,NZ,2026-01-09 03:00:00,,0.0
,False,t-shirt,NZ,NZ,2026-01-09 04:00:00,,0.0
,False,t-shirt,NZ,NZ,2026-01-09 05:00:00,,0.0
,False,t-shirt,NZ,NZ,2026-01-09 06:00:00,,0.0
,False,t-shirt,NZ,NZ,2026-01-09 07:00:00,,0.0
,False,t-shirt,NZ,NZ,2026-01-09 08:00:00,,0.0
,False,t-shirt,NZ,NZ,2026-01-09 09:00:00,,0.0
,False,t-shirt,NZ,NZ,2026-01-09 10:00:00,,0.0
,False,t-shirt,NZ,NZ,2026-01-09 11:00:00,,0.0
,False,t-shirt,NZ,NZ,2026-01-09 12:00:00,,0.0
,False,t-shirt,NZ,NZ,2026-01-09 13:00:00,,0.0
,False,t-shirt,NZ,NZ,2026-01-09 14:00:00,,0.0
,False,t-shirt,NZ,NZ,2026-01-09 15:00:00,,0.0
,False,t-shirt,NZ,NZ,2026-01-09 16:00:00,,0.0
,False,t-shirt,NZ,NZ,2026-01-09 17:00:00,,0.0
,False,t-shirt,NZ,NZ,2026-01-09 18:00:00,,0.0
,False,t-shirt,NZ,NZ,2026-01-09 19:00:00,,0.0
,False,t-shirt,NZ,NZ,2026-01-09 20:00:00,,0.0
,False,t-shirt,NZ,NZ,2026-01-09 21:00:00,,0.0
,False,t-shirt,NZ,NZ,2026-01-09 22:00:00,,0.0
,False,t-shirt,NZ,NZ,2026-01-09 23:00:00,,0.0
,False,t-shirt,NZ,NZ,2026-01-10 00:00:00,,0.0
,False,t-shirt,NZ,NZ,2026-01-10 01:00:00,,62.0
,False,t-shirt,NZ,NZ,2026-01-10 02:00:00,,0.0
,False,t-shirt,NZ,NZ,2026-01-10 03:00:00,,0.0
,False,t-shirt,NZ,NZ,2026-01-10 04:00:00,,0.0
,False,t-shirt,NZ,NZ,2026-01-10 05:00:00,,0.0
,False,t-shirt,NZ,NZ,2026-01-10 06:00:00,,53.0
,False,t-shirt,NZ,NZ,2026-01-10 07:00:00,,67.0
,False,t-shirt,NZ,NZ,2026-01-10 08:00:00,,0.0
,False,t-shirt,NZ,NZ,2026-01-10 09:00:00,,0.0
,False,t-shirt,NZ,NZ,2026-01-10 10:00:00,,0.0
,False,t-shirt,NZ,NZ,2026-01-10 11:00:00,,0.0
,False,t-shirt,NZ,NZ,2026-01-10 12:00:00,,0.0
,False,t-shirt,NZ,NZ,2026-01-10 13:00:00,,0.0
,False,t-shirt,NZ,NZ,2026-01-10 14:00:00,,0.0
,False,t-shirt,NZ,NZ,2026-01-10 15:00:00,,0.0
,True,t-shirt,NZ,NZ,2026-01-10 16:00:00,,0.0
27.0,False,pant,AE,AE,2026-01-03 16:00:00,,
26.0,False,pant,AE,AE,2026-01-03 17:00:00,,
18.0,False,pant,AE,AE,2026-01-03 18:00:00,,
28.0,False,pant,AE,AE,2026-01-03 19:00:00,,
34.0,False,pant,AE,AE,2026-01-03 20:00:00,,
0.0,False,pant,AE,AE,2026-01-03 21:00:00,,
0.0,False,pant,AE,AE,2026-01-03 22:00:00,,
0.0,False,pant,AE,AE,2026-01-03 23:00:00,,
0.0,False,pant,AE,AE,2026-01-04 00:00:00,,
0.0,False,pant,AE,AE,2026-01-04 01:00:00,,
0.0,False,pant,AE,AE,2026-01-04 02:00:00,,
0.0,False,pant,AE,AE,2026-01-04 03:00:00,,
0.0,False,pant,AE,AE,2026-01-04 04:00:00,,
36.0,False,pant,AE,AE,2026-01-04 05:00:00,,
21.0,False,pant,AE,AE,2026-01-04 06:00:00,,
43.0,False,pant,AE,AE,2026-01-04 07:00:00,,
39.0,False,pant,AE,AE,2026-01-04 08:00:00,,
29.0,False,pant,AE,AE,2026-01-04 09:00:00,,
41.0,False,pant,AE,AE,2026-01-04 10:00:00,,
20.0,False,pant,AE,AE,2026-01-04 11:00:00,,
23.0,False,pant,AE,AE,2026-01-04 12:00:00,,
25.0,False,pant,AE,AE,2026-01-04 13:00:00,,
26.0,False,pant,AE,AE,2026-01-04 14:00:00,,
30.0,False,pant,AE,AE,2026-01-04 15:00:00,,
29.0,False,pant,AE,AE,2026-01-04 16:00:00,,
22.0,False,pant,AE,AE,2026-01-04 17:00:00,,
30.0,False,pant,AE,AE,2026-01-04 18:00:00,,
21.0,False,pant,AE,AE,2026-01-04 19:00:00,,
0.0,False,pant,AE,AE,2026-01-04 20:00:00,,
0.0,False,pant,AE,AE,2026-01-04 21:00:00,,
0.0,False,pant,AE,AE,2026-01-04 22:00:00,,
0.0,False,pant,AE,AE,2026-01-04 23:00:00,,
0.0,False,pant,AE,AE,2026-01-05 00:00:00,,
0.0,False,pant,AE,AE,2026-01-05 01:00:00,,
0.0,False,pant,AE,AE,2026-01-05 02:00:00,,
28.0,False,pant,AE,AE,2026-01-05 03:00:00,,
23.0,False,pant,AE,AE,2026-01-05 04:00:00,,
14.0,False,pant,AE,AE,2026-01-05 05:00:00,,
18.0,False,pant,AE,AE,2026-01-05 06:00:00,,
20.0,False,pant,AE,AE,2026-01-05 07:00:00,,
16.0,False,pant,AE,AE,2026-01-05 08:00:00,,
0.0,False,pant,AE,AE,2026-01-05 09:00:00,,
18.0,False,pant,AE,AE,2026-01-05 10:00:00,,
18.0,False,pant,AE,AE,2026-01-05 11:00:00,,
19.0,False,pant,AE,AE,2026-01-05 12:00:00,,
21.0,False,pant,AE,AE,2026-01-05 13:00:00,,
25.0,False,pant,AE,AE,2026-01-05 14:00:00,,
28.0,False,pant,AE,AE,2026-01-05 15:00:00,,
16.0,False,pant,AE,AE,2026-01-05 16:00:00,,
26.0,False,pant,AE,AE,2026-01-05 17:00:00,,
26.0,False,pant,AE,AE,2026-01-05 18:00:00,,
35.0,False,pant,AE,AE,2026-01-05 19:00:00,,
0.0,False,pant,AE,AE,2026-01-05 20:00:00,,
0.0,False,pant,AE,AE,2026-01-05 21:00:00,,
0.0,False,pant,AE,AE,2026-01-05 22:00:00,,
0.0,False,pant,AE,AE,2026-01-05 23:00:00,,
0.0,False,pant,AE,AE,2026-01-06 00:00:00,,
0.0,False,pant,AE,AE,2026-01-06 01:00:00,,
0.0,False,pant,AE,AE,2026-01-06 02:00:00,,
0.0,False,pant,AE,AE,2026-01-06 03:00:00,,
0.0,False,pant,AE,AE,2026-01-06 04:00:00,,
17.0,False,pant,AE,AE,2026-01-06 05:00:00,,
25.0,False,pant,AE,AE,2026-01-06 06:00:00,,
14.0,False,pant,AE,AE,2026-01-06 07:00:00,,
26.0,False,pant,AE,AE,2026-01-06 08:00:00,,
18.0,False,pant,AE,AE,2026-01-06 09:00:00,,
21.0,False,pant,AE,AE,2026-01-06 10:00:00,,
17.0,False,pant,AE,AE,2026-01-06 11:00:00,,
14.0,False,pant,AE,AE,2026-01-06 12:00:00,,
21.0,False,pant,AE,AE,2026-01-06 13:00:00,,
21.0,False,pant,AE,AE,2026-01-06 14:00:00,,
24.0,False,pant,AE,AE,2026-01-06 15:00:00,,
29.0,False,pant,AE,AE,2026-01-06 16:00:00,,
25.0,False,pant,AE,AE,2026-01-06 17:00:00,,
17.0,False,pant,AE,AE,2026-01-06 18:00:00,,
17.0,False,pant,AE,AE,2026-01-06 19:00:00,,
30.0,False,pant,AE,AE,2026-01-06 20:00:00,,
0.0,False,pant,AE,AE,2026-01-06 21:00:00,,
0.0,False,pant,AE,AE,2026-01-06 22:00:00,,
100.0,False,pant,AE,AE,2026-01-06 23:00:00,,
0.0,False,pant,AE,AE,2026-01-07 00:00:00,,
0.0,False,pant,AE,AE,2026-01-07 01:00:00,,
0.0,False,pant,AE,AE,2026-01-07 02:00:00,,
43.0,False,pant,AE,AE,2026-01-07 03:00:00,,
23.0,False,pant,AE,AE,2026-01-07 04:00:00,,
16.0,False,pant,AE,AE,2026-01-07 05:00:00,,
27.0,False,pant,AE,AE,2026-01-07 06:00:00,,
19.0,False,pant,AE,AE,2026-01-07 07:00:00,,
18.0,False,pant,AE,AE,2026-01-07 08:00:00,,
18.0,False,pant,AE,AE,2026-01-07 09:00:00,,
16.0,False,pant,AE,AE,2026-01-07 10:00:00,,
16.0,False,pant,AE,AE,2026-01-07 11:00:00,,
21.0,False,pant,AE,AE,2026-01-07 12:00:00,,
19.0,False,pant,AE,AE,2026-01-07 13:00:00,,
14.0,False,pant,AE,AE,2026-01-07 14:00:00,,
17.0,False,pant,AE,AE,2026-01-07 15:00:00,,
24.0,False,pant,AE,AE,2026-01-07 16:00:00,,
36.0,False,pant,AE,AE,2026-01-07 17:00:00,,
31.0,False,pant,AE,AE,2026-01-07 18:00:00,,
23.0,False,pant,AE,AE,2026-01-07 19:00:00,,
22.0,False,pant,AE,AE,2026-01-07 20:00:00,,
0.0,False,pant,AE,AE,2026-01-07 21:00:00,,
0.0,False,pant,AE,AE,2026-01-07 22:00:00,,
0.0,False,pant,AE,AE,2026-01-07 23:00:00,,
0.0,False,pant,AE,AE,2026-01-08 00:00:00,,
0.0,False,pant,AE,AE,2026-01-08 01:00:00,,
0.0,False,pant,AE,AE,2026-01-08 02:00:00,,
37.0,False,pant,AE,AE,2026-01-08 03:00:00,,
27.0,False,pant,AE,AE,2026-01-08 04:00:00,,
13.0,False,pant,AE,AE,2026-01-08 05:00:00,,
0.0,False,pant,AE,AE,2026-01-08 06:00:00,,
12.0,False,pant,AE,AE,2026-01-08 07:00:00,,
14.0,False,pant,AE,AE,2026-01-08 08:00:00,,
20.0,False,pant,AE,AE,2026-01-08 09:00:00,,
14.0,False,pant,AE,AE,2026-01-08 10:00:00,,
24.0,False,pant,AE,AE,2026-01-08 11:00:00,,
22.0,False,pant,AE,AE,2026-01-08 12:00:00,,
22.0,False,pant,AE,AE,2026-01-08 13:00:00,,
32.0,False,pant,AE,AE,2026-01-08 14:00:00,,
25.0,False,pant,AE,AE,2026-01-08 15:00:00,,
20.0,False,pant,AE,AE,2026-01-08 16:00:00,,
16.0,False,pant,AE,AE,2026-01-08 17:00:00,,
30.0,False,pant,AE,AE,2026-01-08 18:00:00,,
27.0,False,pant,AE,AE,2026-01-08 19:00:00,,
27.0,False,pant,AE,AE,2026-01-08 20:00:00,,
0.0,False,pant,AE,AE,2026-01-08 21:00:00,,
0.0,False,pant,AE,AE,2026-01-08 22:00:00,,
0.0,False,pant,AE,AE,2026-01-08 23:00:00,,
0.0,False,pant,AE,AE,2026-01-09 00:00:00,,
0.0,False,pant,AE,AE,2026-01-09 01:00:00,,
0.0,False,pant,AE,AE,2026-01-09 02:00:00,,
0.0,False,pant,AE,AE,2026-01-09 03:00:00,,
24.0,False,pant,AE,AE,2026-01-09 04:00:00,,
21.0,False,pant,AE,AE,2026-01-09 05:00:00,,
20.0,False,pant,AE,AE,2026-01-09 06:00:00,,
17.0,False,pant,AE,AE,2026-01-09 07:00:00,,
23.0,False,pant,AE,AE,2026-01-09 08:00:00,,
12.0,False,pant,AE,AE,2026-01-09 09:00:00,,
19.0,False,pant,AE,AE,2026-01-09 10:00:00,,
24.0,False,pant,AE,AE,2026-01-09 11:00:00,,
25.0,False,pant,AE,AE,2026-01-09 12:00:00,,
24.0,False,pant,AE,AE,2026-01-09 13:00:00,,
14.0,False,pant,AE,AE,2026-01-09 14:00:00,,
23.0,False,pant,AE,AE,2026-01-09 15:00:00,,
22.0,False,pant,AE,AE,2026-01-09 16:00:00,,
20.0,False,pant,AE,AE,2026-01-09 17:00:00,,
16.0,False,pant,AE,AE,2026-01-09 18:00:00,,
26.0,False,pant,AE,AE,2026-01-09 19:00:00,,
0.0,False,pant,AE,AE,2026-01-09 20:00:00,,
33.0,False,pant,AE,AE,2026-01-09 21:00:00,,
0.0,False,pant,AE,AE,2026-01-09 22:00:00,,
0.0,False,pant,AE,AE,2026-01-09 23:00:00,,
0.0,False,pant,AE,AE,2026-01-10 00:00:00,,
0.0,False,pant,AE,AE,2026-01-10 01:00:00,,
0.0,False,pant,AE,AE,2026-01-10 02:00:00,,
0.0,False,pant,AE,AE,2026-01-10 03:00:00,,
24.0,False,pant,AE,AE,2026-01-10 04:00:00,,
25.0,False,pant,AE,AE,2026-01-10 05:00:00,,
21.0,False,pant,AE,AE,2026-01-10 06:00:00,,
26.0,False,pant,AE,AE,2026-01-10 07:00:00,,
28.0,False,pant,AE,AE,2026-01-10 08:00:00,,
33.0,False,pant,AE,AE,2026-01-10 09:00:00,,
29.0,False,pant,AE,AE,2026-01-10 10:00:00,,
18.0,False,pant,AE,AE,2026-01-10 11:00:00,,
26.0,False,pant,AE,AE,2026-01-10 12:00:00,,
16.0,False,pant,AE,AE,2026-01-10 13:00:00,,
27.0,False,pant,AE,AE,2026-01-10 14:00:00,,
16.0,False,pant,AE,AE,2026-01-10 15:00:00,,
36.0,True,pant,AE,AE,2026-01-10 16:00:00,,
,False,dress,AE,AE,2026-01-03 16:00:00,75.0,
,False,dress,AE,AE,2026-01-03 17:00:00,75.0,
,False,dress,AE,AE,2026-01-03 18:00:00,75.0,
,False,dress,AE,AE,2026-01-03 19:00:00,83.0,
,False,dress,AE,AE,2026-01-03 20:00:00,79.0,
,False,dress,AE,AE,2026-01-03 21:00:00,89.0,
,False,dress,AE,AE,2026-01-03 22:00:00,86.0,
,False,dress,AE,AE,2026-01-03 23:00:00,79.0,
,False,dress,AE,AE,2026-01-04 00:00:00,63.0,
,False,dress,AE,AE,2026-01-04 01:00:00,46.0,
,False,dress,AE,AE,2026-01-04 02:00:00,59.0,
,False,dress,AE,AE,2026-01-04 03:00:00,52.0,
,False,dress,AE,AE,2026-01-04 04:00:00,67.0,
,False,dress,AE,AE,2026-01-04 05:00:00,70.0,
,False,dress,AE,AE,2026-01-04 06:00:00,67.0,
,False,dress,AE,AE,2026-01-04 07:00:00,78.0,
,False,dress,AE,AE,2026-01-04 08:00:00,77.0,
,False,dress,AE,AE,2026-01-04 09:00:00,78.0,
,False,dress,AE,AE,2026-01-04 10:00:00,62.0,
,False,dress,AE,AE,2026-01-04 11:00:00,77.0,
,False,dress,AE,AE,2026-01-04 12:00:00,73.0,
,False,dress,AE,AE,2026-01-04 13:00:00,66.0,
,False,dress,AE,AE,2026-01-04 14:00:00,74.0,
,False,dress,AE,AE,2026-01-04 15:00:00,65.0,
,False,dress,AE,AE,2026-01-04 16:00:00,68.0,
,False,dress,AE,AE,2026-01-04 17:00:00,77.0,
,False,dress,AE,AE,2026-01-04 18:00:00,76.0,
,False,dress,AE,AE,2026-01-04 19:00:00,84.0,
,False,dress,AE,AE,2026-01-04 20:00:00,87.0,
,False,dress,AE,AE,2026-01-04 21:00:00,85.0,
,False,dress,AE,AE,2026-01-04 22:00:00,82.0,
,False,dress,AE,AE,2026-01-04 23:00:00,54.0,
,False,dress,AE,AE,2026-01-05 00:00:00,78.0,
,False,dress,AE,AE,2026-01-05 01:00:00,41.0,
,False,dress,AE,AE,2026-01-05 02:00:00,54.0,
,False,dress,AE,AE,2026-01-05 03:00:00,45.0,
,False,dress,AE,AE,2026-01-05 04:00:00,45.0,
,False,dress,AE,AE,2026-01-05 05:00:00,50.0,
,False,dress,AE,AE,2026-01-05 06:00:00,46.0,
,False,dress,AE,AE,2026-01-05 07:00:00,54.0,
,False,dress,AE,AE,2026-01-05 08:00:00,54.0,
,False,dress,AE,AE,2026-01-05 09:00:00,66.0,
,False,dress,AE,AE,2026-01-05 10:00:00,53.0,
,False,dress,AE,AE,2026-01-05 11:00:00,56.0,
,False,dress,AE,AE,2026-01-05 12:00:00,58.0,
,False,dress,AE,AE,2026-01-05 13:00:00,63.0,
,False,dress,AE,AE,2026-01-05 14:00:00,62.0,
,False,dress,AE,AE,2026-01-05 15:00:00,69.0,
,False,dress,AE,AE,2026-01-05 16:00:00,74.0,
,False,dress,AE,AE,2026-01-05 17:00:00,70.0,
,False,dress,AE,AE,2026-01-05 18:00:00,75.0,
,False,dress,AE,AE,2026-01-05 19:00:00,85.0,
,False,dress,AE,AE,2026-01-05 20:00:00,83.0,
,False,dress,AE,AE,2026-01-05 21:00:00,90.0,
,False,dress,AE,AE,2026-01-05 22:00:00,78.0,
,False,dress,AE,AE,2026-01-05 23:00:00,89.0,
,False,dress,AE,AE,2026-01-06 00:00:00,37.0,
,False,dress,AE,AE,2026-01-06 01:00:00,39.0,
,False,dress,AE,AE,2026-01-06 02:00:00,54.0,
,False,dress,AE,AE,2026-01-06 03:00:00,65.0,
,False,dress,AE,AE,2026-01-06 04:00:00,53.0,
,False,dress,AE,AE,2026-01-06 05:00:00,54.0,
,False,dress,AE,AE,2026-01-06 06:00:00,49.0,
,False,dress,AE,AE,2026-01-06 07:00:00,54.0,
,False,dress,AE,AE,2026-01-06 08:00:00,60.0,
,False,dress,AE,AE,2026-01-06 09:00:00,64.0,
,False,dress,AE,AE,2026-01-06 10:00:00,66.0,
,False,dress,AE,AE,2026-01-06 11:00:00,70.0,
,False,dress,AE,AE,2026-01-06 12:00:00,67.0,
,False,dress,AE,AE,2026-01-06 13:00:00,57.0,
,False,dress,AE,AE,2026-01-06 14:00:00,73.0,
,False,dress,AE,AE,2026-01-06 15:00:00,71.0,
,False,dress,AE,AE,2026-01-06 16:00:00,68.0,
,False,dress,AE,AE,2026-01-06 17:00:00,73.0,
,False,dress,AE,AE,2026-01-06 18:00:00,83.0,
,False,dress,AE,AE,2026-01-06 19:00:00,84.0,
,False,dress,AE,AE,2026-01-06 20:00:00,100.0,
,False,dress,AE,AE,2026-01-06 21:00:00,86.0,
,False,dress,AE,AE,2026-01-06 22:00:00,95.0,
,False,dress,AE,AE,2026-01-06 23:00:00,56.0,
,False,dress,AE,AE,2026-01-07 00:00:00,65.0,
,False,dress,AE,AE,2026-01-07 01:00:00,56.0,
,False,dress,AE,AE,2026-01-07 02:00:00,45.0,
,False,dress,AE,AE,2026-01-07 03:00:00,41.0,
,False,dress,AE,AE,2026-01-07 04:00:00,49.0,
,False,dress,AE,AE,2026-01-07 05:00:00,47.0,
,False,dress,AE,AE,2026-01-07 06:00:00,50.0,
,False,dress,AE,AE,2026-01-07 07:00:00,56.0,
,False,dress,AE,AE,2026-01-07 08:00:00,59.0,
,False,dress,AE,AE,2026-01-07 09:00:00,59.0,
,False,dress,AE,AE,2026-01-07 10:00:00,64.0,
,False,dress,AE,AE,2026-01-07 11:00:00,66.0,
,False,dress,AE,AE,2026-01-07 12:00:00,63.0,
,False,dress,AE,AE,2026-01-07 13:00:00,55.0,
,False,dress,AE,AE,2026-01-07 14:00:00,70.0,
,False,dress,AE,AE,2026-01-07 15:00:00,67.0,
,False,dress,AE,AE,2026-01-07 16:00:00,74.0,
,False,dress,AE,AE,2026-01-07 17:00:00,75.0,
,False,dress,AE,AE,2026-01-07 18:00:00,81.0,
,False,dress,AE,AE,2026-01-07 19:00:00,86.0,
,False,dress,AE,AE,2026-01-07 20:00:00,80.0,
,False,dress,AE,AE,2026-01-07 21:00:00,80.0,
,False,dress,AE,AE,2026-01-07 22:00:00,79.0,
,False,dress,AE,AE,2026-01-07 23:00:00,82.0,
,False,dress,AE,AE,2026-01-08 00:00:00,53.0,
,False,dress,AE,AE,2026-01-08 01:00:00,29.0,
,False,dress,AE,AE,2026-01-08 02:00:00,57.0,
,False,dress,AE,AE,2026-01-08 03:00:00,56.0,
,False,dress,AE,AE,2026-01-08 04:00:00,56.0,
,False,dress,AE,AE,2026-01-08 05:00:00,52.0,
,False,dress,AE,AE,2026-01-08 06:00:00,55.0,
,False,dress,AE,AE,2026-01-08 07:00:00,60.0,
,False,dress,AE,AE,2026-01-08 08:00:00,58.0,
,False,dress,AE,AE,2026-01-08 09:00:00,56.0,
,False,dress,AE,AE,2026-01-08 10:00:00,57.0,
,False,dress,AE,AE,2026-01-08 11:00:00,56.0,
,False,dress,AE,AE,2026-01-08 12:00:00,60.0,
,False,dress,AE,AE,2026-01-08 13:00:00,62.0,
,False,dress,AE,AE,2026-01-08 14:00:00,68.0,
,False,dress,AE,AE,2026-01-08 15:00:00,73.0,
,False,dress,AE,AE,2026-01-08 16:00:00,78.0,
,False,dress,AE,AE,2026-01-08 17:00:00,86.0,
,False,dress,AE,AE,2026-01-08 18:00:00,77.0,
,False,dress,AE,AE,2026-01-08 19:00:00,78.0,
,False,dress,AE,AE,2026-01-08 20:00:00,83.0,
,False,dress,AE,AE,2026-01-08 21:00:00,80.0,
,False,dress,AE,AE,2026-01-08 22:00:00,65.0,
,False,dress,AE,AE,2026-01-08 23:00:00,67.0,
,False,dress,AE,AE,2026-01-09 00:00:00,56.0,
,False,dress,AE,AE,2026-01-09 01:00:00,43.0,
,False,dress,AE,AE,2026-01-09 02:00:00,55.0,
,False,dress,AE,AE,2026-01-09 03:00:00,62.0,
,False,dress,AE,AE,2026-01-09 04:00:00,56.0,
,False,dress,AE,AE,2026-01-09 05:00:00,52.0,
,False,dress,AE,AE,2026-01-09 06:00:00,60.0,
,False,dress,AE,AE,2026-01-09 07:00:00,61.0,
,False,dress,AE,AE,2026-01-09 08:00:00,60.0,
,False,dress,AE,AE,2026-01-09 09:00:00,64.0,
,False,dress,AE,AE,2026-01-09 10:00:00,73.0,
,False,dress,AE,AE,2026-01-09 11:00:00,81.0,
,False,dress,AE,AE,2026-01-09 12:00:00,67.0,
,False,dress,AE,AE,2026-01-09 13:00:00,73.0,
,False,dress,AE,AE,2026-01-09 14:00:00,74.0,
,False,dress,AE,AE,2026-01-09 15:00:00,70.0,
,False,dress,AE,AE,2026-01-09 16:00:00,76.0,
,False,dress,AE,AE,2026-01-09 17:00:00,69.0,
,False,dress,AE,AE,2026-01-09 18:00:00,82.0,
,False,dress,AE,AE,2026-01-09 19:00:00,81.0,
,False,dress,AE,AE,2026-01-09 20:00:00,92.0,
,False,dress,AE,AE,2026-01-09 21:00:00,95.0,
,False,dress,AE,AE,2026-01-09 22:00:00,77.0,
,False,dress,AE,AE,2026-01-09 23:00:00,75.0,
,False,dress,AE,AE,2026-01-10 00:00:00,73.0,
,False,dress,AE,AE,2026-01-10 01:00:00,58.0,
,False,dress,AE,AE,2026-01-10 02:00:00,54.0,
,False,dress,AE,AE,2026-01-10 03:00:00,63.0,
,False,dress,AE,AE,2026-01-10 04:00:00,64.0,
,False,dress,AE,AE,2026-01-10 05:00:00,68.0,
,False,dress,AE,AE,2026-01-10 06:00:00,75.0,
,False,dress,AE,AE,2026-01-10 07:00:00,73.0,
,False,dress,AE,AE,2026-01-10 08:00:00,68.0,
,False,dress,AE,AE,2026-01-10 09:00:00,71.0,
,False,dress,AE,AE,2026-01-10 10:00:00,77.0,
,False,dress,AE,AE,2026-01-10 11:00:00,79.0,
,False,dress,AE,AE,2026-01-10 12:00:00,78.0,
,False,dress,AE,AE,2026-01-10 13:00:00,74.0,
,False,dress,AE,AE,2026-01-10 14:00:00,81.0,
,False,dress,AE,AE,2026-01-10 15:00:00,80.0,
,True,dress,AE,AE,2026-01-10 16:00:00,81.0,
,False,t-shirt,AE,AE,2026-01-03 16:00:00,,40.0
,False,t-shirt,AE,AE,2026-01-03 17:00:00,,42.0
,False,t-shirt,AE,AE,2026-01-03 18:00:00,,0.0
,False,t-shirt,AE,AE,2026-01-03 19:00:00,,0.0
,False,t-shirt,AE,AE,2026-01-03 20:00:00,,0.0
,False,t-shirt,AE,AE,2026-01-03 21:00:00,,0.0
,False,t-shirt,AE,AE,2026-01-03 22:00:00,,0.0
,False,t-shirt,AE,AE,2026-01-03 23:00:00,,0.0
,False,t-shirt,AE,AE,2026-01-04 00:00:00,,0.0
,False,t-shirt,AE,AE,2026-01-04 01:00:00,,0.0
,False,t-shirt,AE,AE,2026-01-04 02:00:00,,0.0
,False,t-shirt,AE,AE,2026-01-04 03:00:00,,0.0
,False,t-shirt,AE,AE,2026-01-04 04:00:00,,0.0
,False,t-shirt,AE,AE,2026-01-04 05:00:00,,0.0
,False,t-shirt,AE,AE,2026-01-04 06:00:00,,0.0
,False,t-shirt,AE,AE,2026-01-04 07:00:00,,0.0
,False,t-shirt,AE,AE,2026-01-04 08:00:00,,46.0
,False,t-shirt,AE,AE,2026-01-04 09:00:00,,40.0
,False,t-shirt,AE,AE,2026-01-04 10:00:00,,41.0
,False,t-shirt,AE,AE,2026-01-04 11:00:00,,41.0
,False,t-shirt,AE,AE,2026-01-04 12:00:00,,61.0
,False,t-shirt,AE,AE,2026-01-04 13:00:00,,0.0
,False,t-shirt,AE,AE,2026-01-04 14:00:00,,0.0
,False,t-shirt,AE,AE,2026-01-04 15:00:00,,0.0
,False,t-shirt,AE,AE,2026-01-04 16:00:00,,0.0
,False,t-shirt,AE,AE,2026-01-04 17:00:00,,0.0
,False,t-shirt,AE,AE,2026-01-04 18:00:00,,0.0
,False,t-shirt,AE,AE,2026-01-04 19:00:00,,0.0
,False,t-shirt,AE,AE,2026-01-04 20:00:00,,0.0
,False,t-shirt,AE,AE,2026-01-04 21:00:00,,0.0
,False,t-shirt,AE,AE,2026-01-04 22:00:00,,0.0
,False,t-shirt,AE,AE,2026-01-04 23:00:00,,0.0
,False,t-shirt,AE,AE,2026-01-05 00:00:00,,0.0
,False,t-shirt,AE,AE,2026-01-05 01:00:00,,0.0
,False,t-shirt,AE,AE,2026-01-05 02:00:00,,0.0
,False,t-shirt,AE,AE,2026-01-05 03:00:00,,100.0
,False,t-shirt,AE,AE,2026-01-05 04:00:00,,0.0
,False,t-shirt,AE,AE,2026-01-05 05:00:00,,0.0
,False,t-shirt,AE,AE,2026-01-05 06:00:00,,0.0
,False,t-shirt,AE,AE,2026-01-05 07:00:00,,35.0
,False,t-shirt,AE,AE,2026-01-05 08:00:00,,0.0
,False,t-shirt,AE,AE,2026-01-05 09:00:00,,0.0
,False,t-shirt,AE,AE,2026-01-05 10:00:00,,31.0
,False,t-shirt,AE,AE,2026-01-05 11:00:00,,44.0
,False,t-shirt,AE,AE,2026-01-05 12:00:00,,0.0
,False,t-shirt,AE,AE,2026-01-05 13:00:00,,0.0
,False,t-shirt,AE,AE,2026-01-05 14:00:00,,0.0
,False,t-shirt,AE,AE,2026-01-05 15:00:00,,0.0
,False,t-shirt,AE,AE,2026-01-05 16:00:00,,34.0
,False,t-shirt,AE,AE,2026-01-05 17:00:00,,0.0
,False,t-shirt,AE,AE,2026-01-05 18:00:00,,0.0
,False,t-shirt,AE,AE,2026-01-05 19:00:00,,0.0
,False,t-shirt,AE,AE,2026-01-05 20:00:00,,0.0
,False,t-shirt,AE,AE,2026-01-05 21:00:00,,0.0
,False,t-shirt,AE,AE,2026-01-05 22:00:00,,0.0
,False,t-shirt,AE,AE,2026-01-05 23:00:00,,0.0
,False,t-shirt,AE,AE,2026-01-06 00:00:00,,0.0
,False,t-shirt,AE,AE,2026-01-06 01:00:00,,0.0
,False,t-shirt,AE,AE,2026-01-06 02:00:00,,0.0
,False,t-shirt,AE,AE,2026-01-06 03:00:00,,0.0
,False,t-shirt,AE,AE,2026-01-06 04:00:00,,0.0
,False,t-shirt,AE,AE,2026-01-06 05:00:00,,0.0
,False,t-shirt,AE,AE,2026-01-06 06:00:00,,34.0
,False,t-shirt,AE,AE,2026-01-06 07:00:00,,0.0
,False,t-shirt,AE,AE,2026-01-06 08:00:00,,0.0
,False,t-shirt,AE,AE,2026-01-06 09:00:00,,38.0
,False,t-shirt,AE,AE,2026-01-06 10:00:00,,41.0
,False,t-shirt,AE,AE,2026-01-06 11:00:00,,0.0
,False,t-shirt,AE,AE,2026-01-06 12:00:00,,0.0
,False,t-shirt,AE,AE,2026-01-06 13:00:00,,0.0
,False,t-shirt,AE,AE,2026-01-06 14:00:00,,0.0
,False,t-shirt,AE,AE,2026-01-06 15:00:00,,0.0
,False,t-shirt,AE,AE,2026-01-06 16:00:00,,0.0
,False,t-shirt,AE,AE,2026-01-06 17:00:00,,0.0
,False,t-shirt,AE,AE,2026-01-06 18:00:00,,46.0
,False,t-shirt,AE,AE,2026-01-06 19:00:00,,0.0
,False,t-shirt,AE,AE,2026-01-06 20:00:00,,0.0
,False,t-shirt,AE,AE,2026-01-06 21:00:00,,0.0
,False,t-shirt,AE,AE,2026-01-06 22:00:00,,0.0
,False,t-shirt,AE,AE,2026-01-06 23:00:00,,0.0
,False,t-shirt,AE,AE,2026-01-07 00:00:00,,0.0
,False,t-shirt,AE,AE,2026-01-07 01:00:00,,0.0
,False,t-shirt,AE,AE,2026-01-07 02:00:00,,0.0
,False,t-shirt,AE,AE,2026-01-07 03:00:00,,0.0
,False,t-shirt,AE,AE,2026-01-07 04:00:00,,0.0
,False,t-shirt,AE,AE,2026-01-07 05:00:00,,0.0
,False,t-shirt,AE,AE,2026-01-07 06:00:00,,0.0
,False,t-shirt,AE,AE,2026-01-07 07:00:00,,0.0
,False,t-shirt,AE,AE,2026-01-07 08:00:00,,35.0
,False,t-shirt,AE,AE,2026-01-07 09:00:00,,40.0
,False,t-shirt,AE,AE,2026-01-07 10:00:00,,0.0
,False,t-shirt,AE,AE,2026-01-07 11:00:00,,0.0
,False,t-shirt,AE,AE,2026-01-07 12:00:00,,44.0
,False,t-shirt,AE,AE,2026-01-07 13:00:00,,0.0
,False,t-shirt,AE,AE,2026-01-07 14:00:00,,0.0
,False,t-shirt,AE,AE,2026-01-07 15:00:00,,37.0
,False,t-shirt,AE,AE,2026-01-07 16:00:00,,0.0
,False,t-shirt,AE,AE,2026-01-07 17:00:00,,0.0
,False,t-shirt,AE,AE,2026-01-07 18:00:00,,0.0
,False,t-shirt,AE,AE,2026-01-07 19:00:00,,0.0
,False,t-shirt,AE,AE,2026-01-07 20:00:00,,0.0
,False,t-shirt,AE,AE,2026-01-07 21:00:00,,0.0
,False,t-shirt,AE,AE,2026-01-07 22:00:00,,0.0
,False,t-shirt,AE,AE,2026-01-07 23:00:00,,0.0
,False,t-shirt,AE,AE,2026-01-08 00:00:00,,0.0
,False,t-shirt,AE,AE,2026-01-08 01:00:00,,0.0
,False,t-shirt,AE,AE,2026-01-08 02:00:00,,0.0
,False,t-shirt,AE,AE,2026-01-08 03:00:00,,0.0
,False,t-shirt,AE,AE,2026-01-08 04:00:00,,0.0
,False,t-shirt,AE,AE,2026-01-08 05:00:00,,0.0
,False,t-shirt,AE,AE,2026-01-08 06:00:00,,39.0
,False,t-shirt,AE,AE,2026-01-08 07:00:00,,0.0
,False,t-shirt,AE,AE,2026-01-08 08:00:00,,53.0
,False,t-shirt,AE,AE,2026-01-08 09:00:00,,0.0
,False,t-shirt,AE,AE,2026-01-08 10:00:00,,0.0
,False,t-shirt,AE,AE,2026-01-08 11:00:00,,47.0
,False,t-shirt,AE,AE,2026-01-08 12:00:00,,49.0
,False,t-shirt,AE,AE,2026-01-08 13:00:00,,35.0
,False,t-shirt,AE,AE,2026-01-08 14:00:00,,0.0
,False,t-shirt,AE,AE,2026-01-08 15:00:00,,0.0
,False,t-shirt,AE,AE,2026-01-08 16:00:00,,0.0
,False,t-shirt,AE,AE,2026-01-08 17:00:00,,35.0
,False,t-shirt,AE,AE,2026-01-08 18:00:00,,0.0
,False,t-shirt,AE,AE,2026-01-08 19:00:00,,0.0
,False,t-shirt,AE,AE,2026-01-08 20:00:00,,0.0
,False,t-shirt,AE,AE,2026-01-08 21:00:00,,0.0
,False,t-shirt,AE,AE,2026-01-08 22:00:00,,0.0
,False,t-shirt,AE,AE,2026-01-08 23:00:00,,0.0
,False,t-shirt,AE,AE,2026-01-09 00:00:00,,0.0
,False,t-shirt,AE,AE,2026-01-09 01:00:00,,0.0
,False,t-shirt,AE,AE,2026-01-09 02:00:00,,0.0
,False,t-shirt,AE,AE,2026-01-09 03:00:00,,0.0
,False,t-shirt,AE,AE,2026-01-09 04:00:00,,0.0
,False,t-shirt,AE,AE,2026-01-09 05:00:00,,0.0
,False,t-shirt,AE,AE,2026-01-09 06:00:00,,0.0
,False,t-shirt,AE,AE,2026-01-09 07:00:00,,0.0
,False,t-shirt,AE,AE,2026-01-09 08:00:00,,0.0
,False,t-shirt,AE,AE,2026-01-09 09:00:00,,0.0
,False,t-shirt,AE,AE,2026-01-09 10:00:00,,32.0
,False,t-shirt,AE,AE,2026-01-09 11:00:00,,0.0
,False,t-shirt,AE,AE,2026-01-09 12:00:00,,0.0
,False,t-shirt,AE,AE,2026-01-09 13:00:00,,0.0
,False,t-shirt,AE,AE,2026-01-09 14:00:00,,0.0
,False,t-shirt,AE,AE,2026-01-09 15:00:00,,0.0
,False,t-shirt,AE,AE,2026-01-09 16:00:00,,44.0
,False,t-shirt,AE,AE,2026-01-09 17:00:00,,0.0
,False,t-shirt,AE,AE,2026-01-09 18:00:00,,0.0
,False,t-shirt,AE,AE,2026-01-09 19:00:00,,0.0
,False,t-shirt,AE,AE,2026-01-09 20:00:00,,0.0
,False,t-shirt,AE,AE,2026-01-09 21:00:00,,0.0
,False,t-shirt,AE,AE,2026-01-09 22:00:00,,0.0
,False,t-shirt,AE,AE,2026-01-09 23:00:00,,0.0
,False,t-shirt,AE,AE,2026-01-10 00:00:00,,0.0
,False,t-shirt,AE,AE,2026-01-10 01:00:00,,0.0
,False,t-shirt,AE,AE,2026-01-10 02:00:00,,0.0
,False,t-shirt,AE,AE,2026-01-10 03:00:00,,0.0
,False,t-shirt,AE,AE,2026-01-10 04:00:00,,0.0
,False,t-shirt,AE,AE,2026-01-10 05:00:00,,0.0
,False,t-shirt,AE,AE,2026-01-10 06:00:00,,0.0
,False,t-shirt,AE,AE,2026-01-10 07:00:00,,0.0
,False,t-shirt,AE,AE,2026-01-10 08:00:00,,0.0
,False,t-shirt,AE,AE,2026-01-10 09:00:00,,0.0
,False,t-shirt,AE,AE,2026-01-10 10:00:00,,0.0
,False,t-shirt,AE,AE,2026-01-10 11:00:00,,0.0
,False,t-shirt,AE,AE,2026-01-10 12:00:00,,0.0
,False,t-shirt,AE,AE,2026-01-10 13:00:00,,44.0
,False,t-shirt,AE,AE,2026-01-10 14:00:00,,45.0
,False,t-shirt,AE,AE,2026-01-10 15:00:00,,0.0
,True,t-shirt,AE,AE,2026-01-10 16:00:00,,0.0
36.0,False,pant,SA,SA,2026-01-03 16:00:00,,
35.0,False,pant,SA,SA,2026-01-03 17:00:00,,
41.0,False,pant,SA,SA,2026-01-03 18:00:00,,
0.0,False,pant,SA,SA,2026-01-03 19:00:00,,
0.0,False,pant,SA,SA,2026-01-03 20:00:00,,
0.0,False,pant,SA,SA,2026-01-03 21:00:00,,
0.0,False,pant,SA,SA,2026-01-03 22:00:00,,
0.0,False,pant,SA,SA,2026-01-03 23:00:00,,
0.0,False,pant,SA,SA,2026-01-04 00:00:00,,
0.0,False,pant,SA,SA,2026-01-04 01:00:00,,
0.0,False,pant,SA,SA,2026-01-04 02:00:00,,
0.0,False,pant,SA,SA,2026-01-04 03:00:00,,
0.0,False,pant,SA,SA,2026-01-04 04:00:00,,
0.0,False,pant,SA,SA,2026-01-04 05:00:00,,
54.0,False,pant,SA,SA,2026-01-04 06:00:00,,
0.0,False,pant,SA,SA,2026-01-04 07:00:00,,
46.0,False,pant,SA,SA,2026-01-04 08:00:00,,
0.0,False,pant,SA,SA,2026-01-04 09:00:00,,
0.0,False,pant,SA,SA,2026-01-04 10:00:00,,
41.0,False,pant,SA,SA,2026-01-04 11:00:00,,
62.0,False,pant,SA,SA,2026-01-04 12:00:00,,
39.0,False,pant,SA,SA,2026-01-04 13:00:00,,
0.0,False,pant,SA,SA,2026-01-04 14:00:00,,
0.0,False,pant,SA,SA,2026-01-04 15:00:00,,
0.0,False,pant,SA,SA,2026-01-04 16:00:00,,
65.0,False,pant,SA,SA,2026-01-04 17:00:00,,
0.0,False,pant,SA,SA,2026-01-04 18:00:00,,
55.0,False,pant,SA,SA,2026-01-04 19:00:00,,
0.0,False,pant,SA,SA,2026-01-04 20:00:00,,
0.0,False,pant,SA,SA,2026-01-04 21:00:00,,
0.0,False,pant,SA,SA,2026-01-04 22:00:00,,
0.0,False,pant,SA,SA,2026-01-04 23:00:00,,
0.0,False,pant,SA,SA,2026-01-05 00:00:00,,
0.0,False,pant,SA,SA,2026-01-05 01:00:00,,
0.0,False,pant,SA,SA,2026-01-05 02:00:00,,
0.0,False,pant,SA,SA,2026-01-05 03:00:00,,
0.0,False,pant,SA,SA,2026-01-05 04:00:00,,
0.0,False,pant,SA,SA,2026-01-05 05:00:00,,
0.0,False,pant,SA,SA,2026-01-05 06:00:00,,
0.0,False,pant,SA,SA,2026-01-05 07:00:00,,
41.0,False,pant,SA,SA,2026-01-05 08:00:00,,
0.0,False,pant,SA,SA,2026-01-05 09:00:00,,
48.0,False,pant,SA,SA,2026-01-05 10:00:00,,
0.0,False,pant,SA,SA,2026-01-05 11:00:00,,
0.0,False,pant,SA,SA,2026-01-05 12:00:00,,
55.0,False,pant,SA,SA,2026-01-05 13:00:00,,
37.0,False,pant,SA,SA,2026-01-05 14:00:00,,
0.0,False,pant,SA,SA,2026-01-05 15:00:00,,
0.0,False,pant,SA,SA,2026-01-05 16:00:00,,
0.0,False,pant,SA,SA,2026-01-05 17:00:00,,
0.0,False,pant,SA,SA,2026-01-05 18:00:00,,
0.0,False,pant,SA,SA,2026-01-05 19:00:00,,
0.0,False,pant,SA,SA,2026-01-05 20:00:00,,
0.0,False,pant,SA,SA,2026-01-05 21:00:00,,
0.0,False,pant,SA,SA,2026-01-05 22:00:00,,
0.0,False,pant,SA,SA,2026-01-05 23:00:00,,
0.0,False,pant,SA,SA,2026-01-06 00:00:00,,
0.0,False,pant,SA,SA,2026-01-06 01:00:00,,
0.0,False,pant,SA,SA,2026-01-06 02:00:00,,
0.0,False,pant,SA,SA,2026-01-06 03:00:00,,
0.0,False,pant,SA,SA,2026-01-06 04:00:00,,
0.0,False,pant,SA,SA,2026-01-06 05:00:00,,
0.0,False,pant,SA,SA,2026-01-06 06:00:00,,
0.0,False,pant,SA,SA,2026-01-06 07:00:00,,
46.0,False,pant,SA,SA,2026-01-06 08:00:00,,
50.0,False,pant,SA,SA,2026-01-06 09:00:00,,
72.0,False,pant,SA,SA,2026-01-06 10:00:00,,
0.0,False,pant,SA,SA,2026-01-06 11:00:00,,
0.0,False,pant,SA,SA,2026-01-06 12:00:00,,
45.0,False,pant,SA,SA,2026-01-06 13:00:00,,
0.0,False,pant,SA,SA,2026-01-06 14:00:00,,
0.0,False,pant,SA,SA,2026-01-06 15:00:00,,
0.0,False,pant,SA,SA,2026-01-06 16:00:00,,
34.0,False,pant,SA,SA,2026-01-06 17:00:00,,
0.0,False,pant,SA,SA,2026-01-06 18:00:00,,
0.0,False,pant,SA,SA,2026-01-06 19:00:00,,
0.0,False,pant,SA,SA,2026-01-06 20:00:00,,
0.0,False,pant,SA,SA,2026-01-06 21:00:00,,
0.0,False,pant,SA,SA,2026-01-06 22:00:00,,
0.0,False,pant,SA,SA,2026-01-06 23:00:00,,
0.0,False,pant,SA,SA,2026-01-07 00:00:00,,
0.0,False,pant,SA,SA,2026-01-07 01:00:00,,
0.0,False,pant,SA,SA,2026-01-07 02:00:00,,
0.0,False,pant,SA,SA,2026-01-07 03:00:00,,
0.0,False,pant,SA,SA,2026-01-07 04:00:00,,
0.0,False,pant,SA,SA,2026-01-07 05:00:00,,
0.0,False,pant,SA,SA,2026-01-07 06:00:00,,
51.0,False,pant,SA,SA,2026-01-07 07:00:00,,
41.0,False,pant,SA,SA,2026-01-07 08:00:00,,
0.0,False,pant,SA,SA,2026-01-07 09:00:00,,
0.0,False,pant,SA,SA,2026-01-07 10:00:00,,
49.0,False,pant,SA,SA,2026-01-07 11:00:00,,
0.0,False,pant,SA,SA,2026-01-07 12:00:00,,
0.0,False,pant,SA,SA,2026-01-07 13:00:00,,
0.0,False,pant,SA,SA,2026-01-07 14:00:00,,
0.0,False,pant,SA,SA,2026-01-07 15:00:00,,
0.0,False,pant,SA,SA,2026-01-07 16:00:00,,
40.0,False,pant,SA,SA,2026-01-07 17:00:00,,
39.0,False,pant,SA,SA,2026-01-07 18:00:00,,
0.0,False,pant,SA,SA,2026-01-07 19:00:00,,
0.0,False,pant,SA,SA,2026-01-07 20:00:00,,
51.0,False,pant,SA,SA,2026-01-07 21:00:00,,
0.0,False,pant,SA,SA,2026-01-07 22:00:00,,
0.0,False,pant,SA,SA,2026-01-07 23:00:00,,
0.0,False,pant,SA,SA,2026-01-08 00:00:00,,
0.0,False,pant,SA,SA,2026-01-08 01:00:00,,
0.0,False,pant,SA,SA,2026-01-08 02:00:00,,
0.0,False,pant,SA,SA,2026-01-08 03:00:00,,
0.0,False,pant,SA,SA,2026-01-08 04:00:00,,
0.0,False,pant,SA,SA,2026-01-08 05:00:00,,
0.0,False,pant,SA,SA,2026-01-08 06:00:00,,
58.0,False,pant,SA,SA,2026-01-08 07:00:00,,
0.0,False,pant,SA,SA,2026-01-08 08:00:00,,
0.0,False,pant,SA,SA,2026-01-08 09:00:00,,
0.0,False,pant,SA,SA,2026-01-08 10:00:00,,
42.0,False,pant,SA,SA,2026-01-08 11:00:00,,
0.0,False,pant,SA,SA,2026-01-08 12:00:00,,
0.0,False,pant,SA,SA,2026-01-08 13:00:00,,
0.0,False,pant,SA,SA,2026-01-08 14:00:00,,
0.0,False,pant,SA,SA,2026-01-08 15:00:00,,
73.0,False,pant,SA,SA,2026-01-08 16:00:00,,
54.0,False,pant,SA,SA,2026-01-08 17:00:00,,
0.0,False,pant,SA,SA,2026-01-08 18:00:00,,
0.0,False,pant,SA,SA,2026-01-08 19:00:00,,
0.0,False,pant,SA,SA,2026-01-08 20:00:00,,
69.0,False,pant,SA,SA,2026-01-08 21:00:00,,
0.0,False,pant,SA,SA,2026-01-08 22:00:00,,
0.0,False,pant,SA,SA,2026-01-08 23:00:00,,
0.0,False,pant,SA,SA,2026-01-09 00:00:00,,
0.0,False,pant,SA,SA,2026-01-09 01:00:00,,
0.0,False,pant,SA,SA,2026-01-09 02:00:00,,
0.0,False,pant,SA,SA,2026-01-09 03:00:00,,
0.0,False,pant,SA,SA,2026-01-09 04:00:00,,
0.0,False,pant,SA,SA,2026-01-09 05:00:00,,
0.0,False,pant,SA,SA,2026-01-09 06:00:00,,
0.0,False,pant,SA,SA,2026-01-09 07:00:00,,
0.0,False,pant,SA,SA,2026-01-09 08:00:00,,
0.0,False,pant,SA,SA,2026-01-09 09:00:00,,
0.0,False,pant,SA,SA,2026-01-09 10:00:00,,
51.0,False,pant,SA,SA,2026-01-09 11:00:00,,
0.0,False,pant,SA,SA,2026-01-09 12:00:00,,
0.0,False,pant,SA,SA,2026-01-09 13:00:00,,
41.0,False,pant,SA,SA,2026-01-09 14:00:00,,
0.0,False,pant,SA,SA,2026-01-09 15:00:00,,
38.0,False,pant,SA,SA,2026-01-09 16:00:00,,
41.0,False,pant,SA,SA,2026-01-09 17:00:00,,
0.0,False,pant,SA,SA,2026-01-09 18:00:00,,
0.0,False,pant,SA,SA,2026-01-09 19:00:00,,
61.0,False,pant,SA,SA,2026-01-09 20:00:00,,
0.0,False,pant,SA,SA,2026-01-09 21:00:00,,
0.0,False,pant,SA,SA,2026-01-09 22:00:00,,
0.0,False,pant,SA,SA,2026-01-09 23:00:00,,
0.0,False,pant,SA,SA,2026-01-10 00:00:00,,
0.0,False,pant,SA,SA,2026-01-10 01:00:00,,
0.0,False,pant,SA,SA,2026-01-10 02:00:00,,
0.0,False,pant,SA,SA,2026-01-10 03:00:00,,
0.0,False,pant,SA,SA,2026-01-10 04:00:00,,
0.0,False,pant,SA,SA,2026-01-10 05:00:00,,
0.0,False,pant,SA,SA,2026-01-10 06:00:00,,
0.0,False,pant,SA,SA,2026-01-10 07:00:00,,
59.0,False,pant,SA,SA,2026-01-10 08:00:00,,
0.0,False,pant,SA,SA,2026-01-10 09:00:00,,
100.0,False,pant,SA,SA,2026-01-10 10:00:00,,
0.0,False,pant,SA,SA,2026-01-10 11:00:00,,
0.0,False,pant,SA,SA,2026-01-10 12:00:00,,
58.0,False,pant,SA,SA,2026-01-10 13:00:00,,
0.0,False,pant,SA,SA,2026-01-10 14:00:00,,
0.0,False,pant,SA,SA,2026-01-10 15:00:00,,
0.0,True,pant,SA,SA,2026-01-10 16:00:00,,
,False,dress,SA,SA,2026-01-03 16:00:00,55.0,
,False,dress,SA,SA,2026-01-03 17:00:00,61.0,
,False,dress,SA,SA,2026-01-03 18:00:00,55.0,
,False,dress,SA,SA,2026-01-03 19:00:00,62.0,
,False,dress,SA,SA,2026-01-03 20:00:00,70.0,
,False,dress,SA,SA,2026-01-03 21:00:00,58.0,
,False,dress,SA,SA,2026-01-03 22:00:00,60.0,
,False,dress,SA,SA,2026-01-03 23:00:00,66.0,
,False,dress,SA,SA,2026-01-04 00:00:00,74.0,
,False,dress,SA,SA,2026-01-04 01:00:00,53.0,
,False,dress,SA,SA,2026-01-04 02:00:00,34.0,
,False,dress,SA,SA,2026-01-04 03:00:00,39.0,
,False,dress,SA,SA,2026-01-04 04:00:00,34.0,
,False,dress,SA,SA,2026-01-04 05:00:00,34.0,
,False,dress,SA,SA,2026-01-04 06:00:00,44.0,
,False,dress,SA,SA,2026-01-04 07:00:00,39.0,
,False,dress,SA,SA,2026-01-04 08:00:00,44.0,
,False,dress,SA,SA,2026-01-04 09:00:00,52.0,
,False,dress,SA,SA,2026-01-04 10:00:00,56.0,
,False,dress,SA,SA,2026-01-04 11:00:00,45.0,
,False,dress,SA,SA,2026-01-04 12:00:00,49.0,
,False,dress,SA,SA,2026-01-04 13:00:00,57.0,
,False,dress,SA,SA,2026-01-04 14:00:00,49.0,
,False,dress,SA,SA,2026-01-04 15:00:00,50.0,
,False,dress,SA,SA,2026-01-04 16:00:00,55.0,
,False,dress,SA,SA,2026-01-04 17:00:00,48.0,
,False,dress,SA,SA,2026-01-04 18:00:00,54.0,
,False,dress,SA,SA,2026-01-04 19:00:00,60.0,
,False,dress,SA,SA,2026-01-04 20:00:00,67.0,
,False,dress,SA,SA,2026-01-04 21:00:00,100.0,
,False,dress,SA,SA,2026-01-04 22:00:00,78.0,
,False,dress,SA,SA,2026-01-04 23:00:00,76.0,
,False,dress,SA,SA,2026-01-05 00:00:00,73.0,
,False,dress,SA,SA,2026-01-05 01:00:00,54.0,
,False,dress,SA,SA,2026-01-05 02:00:00,43.0,
,False,dress,SA,SA,2026-01-05 03:00:00,43.0,
,False,dress,SA,SA,2026-01-05 04:00:00,43.0,
,False,dress,SA,SA,2026-01-05 05:00:00,42.0,
,False,dress,SA,SA,2026-01-05 06:00:00,33.0,
,False,dress,SA,SA,2026-01-05 07:00:00,43.0,
,False,dress,SA,SA,2026-01-05 08:00:00,41.0,
,False,dress,SA,SA,2026-01-05 09:00:00,55.0,
,False,dress,SA,SA,2026-01-05 10:00:00,53.0,
,False,dress,SA,SA,2026-01-05 11:00:00,51.0,
,False,dress,SA,SA,2026-01-05 12:00:00,48.0,
,False,dress,SA,SA,2026-01-05 13:00:00,50.0,
,False,dress,SA,SA,2026-01-05 14:00:00,56.0,
,False,dress,SA,SA,2026-01-05 15:00:00,47.0,
,False,dress,SA,SA,2026-01-05 16:00:00,54.0,
,False,dress,SA,SA,2026-01-05 17:00:00,57.0,
,False,dress,SA,SA,2026-01-05 18:00:00,55.0,
,False,dress,SA,SA,2026-01-05 19:00:00,66.0,
,False,dress,SA,SA,2026-01-05 20:00:00,57.0,
,False,dress,SA,SA,2026-01-05 21:00:00,60.0,
,False,dress,SA,SA,2026-01-05 22:00:00,63.0,
,False,dress,SA,SA,2026-01-05 23:00:00,53.0,
,False,dress,SA,SA,2026-01-06 00:00:00,77.0,
,False,dress,SA,SA,2026-01-06 01:00:00,48.0,
,False,dress,SA,SA,2026-01-06 02:00:00,49.0,
,False,dress,SA,SA,2026-01-06 03:00:00,53.0,
,False,dress,SA,SA,2026-01-06 04:00:00,54.0,
,False,dress,SA,SA,2026-01-06 05:00:00,43.0,
,False,dress,SA,SA,2026-01-06 06:00:00,44.0,
,False,dress,SA,SA,2026-01-06 07:00:00,40.0,
,False,dress,SA,SA,2026-01-06 08:00:00,42.0,
,False,dress,SA,SA,2026-01-06 09:00:00,51.0,
,False,dress,SA,SA,2026-01-06 10:00:00,53.0,
,False,dress,SA,SA,2026-01-06 11:00:00,59.0,
,False,dress,SA,SA,2026-01-06 12:00:00,53.0,
,False,dress,SA,SA,2026-01-06 13:00:00,51.0,
,False,dress,SA,SA,2026-01-06 14:00:00,48.0,
,False,dress,SA,SA,2026-01-06 15:00:00,46.0,
,False,dress,SA,SA,2026-01-06 16:00:00,50.0,
,False,dress,SA,SA,2026-01-06 17:00:00,62.0,
,False,dress,SA,SA,2026-01-06 18:00:00,53.0,
,False,dress,SA,SA,2026-01-06 19:00:00,60.0,
,False,dress,SA,SA,2026-01-06 20:00:00,56.0,
,False,dress,SA,SA,2026-01-06 21:00:00,68.0,
,False,dress,SA,SA,2026-01-06 22:00:00,64.0,
,False,dress,SA,SA,2026-01-06 23:00:00,53.0,
,False,dress,SA,SA,2026-01-07 00:00:00,60.0,
,False,dress,SA,SA,2026-01-07 01:00:00,56.0,
,False,dress,SA,SA,2026-01-07 02:00:00,48.0,
,False,dress,SA,SA,2026-01-07 03:00:00,35.0,
,False,dress,SA,SA,2026-01-07 04:00:00,32.0,
,False,dress,SA,SA,2026-01-07 05:00:00,43.0,
,False,dress,SA,SA,2026-01-07 06:00:00,40.0,
,False,dress,SA,SA,2026-01-07 07:00:00,45.0,
,False,dress,SA,SA,2026-01-07 08:00:00,47.0,
,False,dress,SA,SA,2026-01-07 09:00:00,45.0,
,False,dress,SA,SA,2026-01-07 10:00:00,37.0,
,False,dress,SA,SA,2026-01-07 11:00:00,54.0,
,False,dress,SA,SA,2026-01-07 12:00:00,55.0,
,False,dress,SA,SA,2026-01-07 13:00:00,41.0,
,False,dress,SA,SA,2026-01-07 14:00:00,55.0,
,False,dress,SA,SA,2026-01-07 15:00:00,45.0,
,False,dress,SA,SA,2026-01-07 16:00:00,54.0,
,False,dress,SA,SA,2026-01-07 17:00:00,64.0,
,False,dress,SA,SA,2026-01-07 18:00:00,60.0,
,False,dress,SA,SA,2026-01-07 19:00:00,57.0,
,False,dress,SA,SA,2026-01-07 20:00:00,56.0,
,False,dress,SA,SA,2026-01-07 21:00:00,57.0,
,False,dress,SA,SA,2026-01-07 22:00:00,74.0,
,False,dress,SA,SA,2026-01-07 23:00:00,51.0,
,False,dress,SA,SA,2026-01-08 00:00:00,64.0,
,False,dress,SA,SA,2026-01-08 01:00:00,62.0,
,False,dress,SA,SA,2026-01-08 02:00:00,46.0,
,False,dress,SA,SA,2026-01-08 03:00:00,38.0,
,False,dress,SA,SA,2026-01-08 04:00:00,49.0,
,False,dress,SA,SA,2026-01-08 05:00:00,39.0,
,False,dress,SA,SA,2026-01-08 06:00:00,38.0,
,False,dress,SA,SA,2026-01-08 07:00:00,39.0,
,False,dress,SA,SA,2026-01-08 08:00:00,34.0,
,False,dress,SA,SA,2026-01-08 09:00:00,39.0,
,False,dress,SA,SA,2026-01-08 10:00:00,45.0,
,False,dress,SA,SA,2026-01-08 11:00:00,47.0,
,False,dress,SA,SA,2026-01-08 12:00:00,42.0,
,False,dress,SA,SA,2026-01-08 13:00:00,46.0,
,False,dress,SA,SA,2026-01-08 14:00:00,42.0,
,False,dress,SA,SA,2026-01-08 15:00:00,49.0,
,False,dress,SA,SA,2026-01-08 16:00:00,53.0,
,False,dress,SA,SA,2026-01-08 17:00:00,50.0,
,False,dress,SA,SA,2026-01-08 18:00:00,55.0,
,False,dress,SA,SA,2026-01-08 19:00:00,44.0,
,False,dress,SA,SA,2026-01-08 20:00:00,49.0,
,False,dress,SA,SA,2026-01-08 21:00:00,54.0,
,False,dress,SA,SA,2026-01-08 22:00:00,57.0,
,False,dress,SA,SA,2026-01-08 23:00:00,62.0,
,False,dress,SA,SA,2026-01-09 00:00:00,65.0,
,False,dress,SA,SA,2026-01-09 01:00:00,47.0,
,False,dress,SA,SA,2026-01-09 02:00:00,54.0,
,False,dress,SA,SA,2026-01-09 03:00:00,40.0,
,False,dress,SA,SA,2026-01-09 04:00:00,41.0,
,False,dress,SA,SA,2026-01-09 05:00:00,44.0,
,False,dress,SA,SA,2026-01-09 06:00:00,58.0,
,False,dress,SA,SA,2026-01-09 07:00:00,63.0,
,False,dress,SA,SA,2026-01-09 08:00:00,54.0,
,False,dress,SA,SA,2026-01-09 09:00:00,53.0,
,False,dress,SA,SA,2026-01-09 10:00:00,53.0,
,False,dress,SA,SA,2026-01-09 11:00:00,65.0,
,False,dress,SA,SA,2026-01-09 12:00:00,69.0,
,False,dress,SA,SA,2026-01-09 13:00:00,56.0,
,False,dress,SA,SA,2026-01-09 14:00:00,60.0,
,False,dress,SA,SA,2026-01-09 15:00:00,59.0,
,False,dress,SA,SA,2026-01-09 16:00:00,69.0,
,False,dress,SA,SA,2026-01-09 17:00:00,77.0,
,False,dress,SA,SA,2026-01-09 18:00:00,73.0,
,False,dress,SA,SA,2026-01-09 19:00:00,65.0,
,False,dress,SA,SA,2026-01-09 20:00:00,67.0,
,False,dress,SA,SA,2026-01-09 21:00:00,68.0,
,False,dress,SA,SA,2026-01-09 22:00:00,73.0,
,False,dress,SA,SA,2026-01-09 23:00:00,83.0,
,False,dress,SA,SA,2026-01-10 00:00:00,81.0,
,False,dress,SA,SA,2026-01-10 01:00:00,65.0,
,False,dress,SA,SA,2026-01-10 02:00:00,42.0,
,False,dress,SA,SA,2026-01-10 03:00:00,47.0,
,False,dress,SA,SA,2026-01-10 04:00:00,51.0,
,False,dress,SA,SA,2026-01-10 05:00:00,54.0,
,False,dress,SA,SA,2026-01-10 06:00:00,48.0,
,False,dress,SA,SA,2026-01-10 07:00:00,62.0,
,False,dress,SA,SA,2026-01-10 08:00:00,53.0,
,False,dress,SA,SA,2026-01-10 09:00:00,80.0,
,False,dress,SA,SA,2026-01-10 10:00:00,72.0,
,False,dress,SA,SA,2026-01-10 11:00:00,65.0,
,False,dress,SA,SA,2026-01-10 12:00:00,80.0,
,False,dress,SA,SA,2026-01-10 13:00:00,67.0,
,False,dress,SA,SA,2026-01-10 14:00:00,68.0,
,False,dress,SA,SA,2026-01-10 15:00:00,64.0,
,True,dress,SA,SA,2026-01-10 16:00:00,57.0,
,False,t-shirt,SA,SA,2026-01-03 16:00:00,,0.0
,False,t-shirt,SA,SA,2026-01-03 17:00:00,,0.0
,False,t-shirt,SA,SA,2026-01-03 18:00:00,,0.0
,False,t-shirt,SA,SA,2026-01-03 19:00:00,,0.0
,False,t-shirt,SA,SA,2026-01-03 20:00:00,,52.0
,False,t-shirt,SA,SA,2026-01-03 21:00:00,,0.0
,False,t-shirt,SA,SA,2026-01-03 22:00:00,,0.0
,False,t-shirt,SA,SA,2026-01-03 23:00:00,,0.0
,False,t-shirt,SA,SA,2026-01-04 00:00:00,,0.0
,False,t-shirt,SA,SA,2026-01-04 01:00:00,,0.0
,False,t-shirt,SA,SA,2026-01-04 02:00:00,,0.0
,False,t-shirt,SA,SA,2026-01-04 03:00:00,,0.0
,False,t-shirt,SA,SA,2026-01-04 04:00:00,,97.0
,False,t-shirt,SA,SA,2026-01-04 05:00:00,,0.0
,False,t-shirt,SA,SA,2026-01-04 06:00:00,,0.0
,False,t-shirt,SA,SA,2026-01-04 07:00:00,,0.0
,False,t-shirt,SA,SA,2026-01-04 08:00:00,,0.0
,False,t-shirt,SA,SA,2026-01-04 09:00:00,,0.0
,False,t-shirt,SA,SA,2026-01-04 10:00:00,,38.0
,False,t-shirt,SA,SA,2026-01-04 11:00:00,,0.0
,False,t-shirt,SA,SA,2026-01-04 12:00:00,,0.0
,False,t-shirt,SA,SA,2026-01-04 13:00:00,,0.0
,False,t-shirt,SA,SA,2026-01-04 14:00:00,,0.0
,False,t-shirt,SA,SA,2026-01-04 15:00:00,,0.0
,False,t-shirt,SA,SA,2026-01-04 16:00:00,,0.0
,False,t-shirt,SA,SA,2026-01-04 17:00:00,,37.0
,False,t-shirt,SA,SA,2026-01-04 18:00:00,,0.0
,False,t-shirt,SA,SA,2026-01-04 19:00:00,,0.0
,False,t-shirt,SA,SA,2026-01-04 20:00:00,,0.0
,False,t-shirt,SA,SA,2026-01-04 21:00:00,,0.0
,False,t-shirt,SA,SA,2026-01-04 22:00:00,,0.0
,False,t-shirt,SA,SA,2026-01-04 23:00:00,,0.0
,False,t-shirt,SA,SA,2026-01-05 00:00:00,,0.0
,False,t-shirt,SA,SA,2026-01-05 01:00:00,,0.0
,False,t-shirt,SA,SA,2026-01-05 02:00:00,,0.0
,False,t-shirt,SA,SA,2026-01-05 03:00:00,,0.0
,False,t-shirt,SA,SA,2026-01-05 04:00:00,,0.0
,False,t-shirt,SA,SA,2026-01-05 05:00:00,,0.0
,False,t-shirt,SA,SA,2026-01-05 06:00:00,,0.0
,False,t-shirt,SA,SA,2026-01-05 07:00:00,,0.0
,False,t-shirt,SA,SA,2026-01-05 08:00:00,,0.0
,False,t-shirt,SA,SA,2026-01-05 09:00:00,,0.0
,False,t-shirt,SA,SA,2026-01-05 10:00:00,,0.0
,False,t-shirt,SA,SA,2026-01-05 11:00:00,,0.0
,False,t-shirt,SA,SA,2026-01-05 12:00:00,,40.0
,False,t-shirt,SA,SA,2026-01-05 13:00:00,,0.0
,False,t-shirt,SA,SA,2026-01-05 14:00:00,,0.0
,False,t-shirt,SA,SA,2026-01-05 15:00:00,,46.0
,False,t-shirt,SA,SA,2026-01-05 16:00:00,,0.0
,False,t-shirt,SA,SA,2026-01-05 17:00:00,,0.0
,False,t-shirt,SA,SA,2026-01-05 18:00:00,,0.0
,False,t-shirt,SA,SA,2026-01-05 19:00:00,,0.0
,False,t-shirt,SA,SA,2026-01-05 20:00:00,,0.0
,False,t-shirt,SA,SA,2026-01-05 21:00:00,,0.0
,False,t-shirt,SA,SA,2026-01-05 22:00:00,,0.0
,False,t-shirt,SA,SA,2026-01-05 23:00:00,,0.0
,False,t-shirt,SA,SA,2026-01-06 00:00:00,,0.0
,False,t-shirt,SA,SA,2026-01-06 01:00:00,,0.0
,False,t-shirt,SA,SA,2026-01-06 02:00:00,,0.0
,False,t-shirt,SA,SA,2026-01-06 03:00:00,,83.0
,False,t-shirt,SA,SA,2026-01-06 04:00:00,,0.0
,False,t-shirt,SA,SA,2026-01-06 05:00:00,,0.0
,False,t-shirt,SA,SA,2026-01-06 06:00:00,,0.0
,False,t-shirt,SA,SA,2026-01-06 07:00:00,,0.0
,False,t-shirt,SA,SA,2026-01-06 08:00:00,,0.0
,False,t-shirt,SA,SA,2026-01-06 09:00:00,,0.0
,False,t-shirt,SA,SA,2026-01-06 10:00:00,,0.0
,False,t-shirt,SA,SA,2026-01-06 11:00:00,,0.0
,False,t-shirt,SA,SA,2026-01-06 12:00:00,,0.0
,False,t-shirt,SA,SA,2026-01-06 13:00:00,,0.0
,False,t-shirt,SA,SA,2026-01-06 14:00:00,,0.0
,False,t-shirt,SA,SA,2026-01-06 15:00:00,,0.0
,False,t-shirt,SA,SA,2026-01-06 16:00:00,,0.0
,False,t-shirt,SA,SA,2026-01-06 17:00:00,,0.0
,False,t-shirt,SA,SA,2026-01-06 18:00:00,,0.0
,False,t-shirt,SA,SA,2026-01-06 19:00:00,,63.0
,False,t-shirt,SA,SA,2026-01-06 20:00:00,,0.0
,False,t-shirt,SA,SA,2026-01-06 21:00:00,,0.0
,False,t-shirt,SA,SA,2026-01-06 22:00:00,,0.0
,False,t-shirt,SA,SA,2026-01-06 23:00:00,,0.0
,False,t-shirt,SA,SA,2026-01-07 00:00:00,,0.0
,False,t-shirt,SA,SA,2026-01-07 01:00:00,,100.0
,False,t-shirt,SA,SA,2026-01-07 02:00:00,,0.0
,False,t-shirt,SA,SA,2026-01-07 03:00:00,,0.0
,False,t-shirt,SA,SA,2026-01-07 04:00:00,,0.0
,False,t-shirt,SA,SA,2026-01-07 05:00:00,,0.0
,False,t-shirt,SA,SA,2026-01-07 06:00:00,,0.0
,False,t-shirt,SA,SA,2026-01-07 07:00:00,,51.0
,False,t-shirt,SA,SA,2026-01-07 08:00:00,,0.0
,False,t-shirt,SA,SA,2026-01-07 09:00:00,,0.0
,False,t-shirt,SA,SA,2026-01-07 10:00:00,,0.0
,False,t-shirt,SA,SA,2026-01-07 11:00:00,,0.0
,False,t-shirt,SA,SA,2026-01-07 12:00:00,,0.0
,False,t-shirt,SA,SA,2026-01-07 13:00:00,,0.0
,False,t-shirt,SA,SA,2026-01-07 14:00:00,,0.0
,False,t-shirt,SA,SA,2026-01-07 15:00:00,,0.0
,False,t-shirt,SA,SA,2026-01-07 16:00:00,,0.0
,False,t-shirt,SA,SA,2026-01-07 17:00:00,,0.0
,False,t-shirt,SA,SA,2026-01-07 18:00:00,,0.0
,False,t-shirt,SA,SA,2026-01-07 19:00:00,,0.0
,False,t-shirt,SA,SA,2026-01-07 20:00:00,,0.0
,False,t-shirt,SA,SA,2026-01-07 21:00:00,,0.0
,False,t-shirt,SA,SA,2026-01-07 22:00:00,,0.0
,False,t-shirt,SA,SA,2026-01-07 23:00:00,,0.0
,False,t-shirt,SA,SA,2026-01-08 00:00:00,,0.0
,False,t-shirt,SA,SA,2026-01-08 01:00:00,,0.0
,False,t-shirt,SA,SA,2026-01-08 02:00:00,,0.0
,False,t-shirt,SA,SA,2026-01-08 03:00:00,,0.0
,False,t-shirt,SA,SA,2026-01-08 04:00:00,,0.0
,False,t-shirt,SA,SA,2026-01-08 05:00:00,,0.0
,False,t-shirt,SA,SA,2026-01-08 06:00:00,,0.0
,False,t-shirt,SA,SA,2026-01-08 07:00:00,,0.0
,False,t-shirt,SA,SA,2026-01-08 08:00:00,,0.0
,False,t-shirt,SA,SA,2026-01-08 09:00:00,,0.0
,False,t-shirt,SA,SA,2026-01-08 10:00:00,,0.0
,False,t-shirt,SA,SA,2026-01-08 11:00:00,,0.0
,False,t-shirt,SA,SA,2026-01-08 12:00:00,,0.0
,False,t-shirt,SA,SA,2026-01-08 13:00:00,,0.0
,False,t-shirt,SA,SA,2026-01-08 14:00:00,,0.0
,False,t-shirt,SA,SA,2026-01-08 15:00:00,,0.0
,False,t-shirt,SA,SA,2026-01-08 16:00:00,,0.0
,False,t-shirt,SA,SA,2026-01-08 17:00:00,,0.0
,False,t-shirt,SA,SA,2026-01-08 18:00:00,,0.0
,False,t-shirt,SA,SA,2026-01-08 19:00:00,,0.0
,False,t-shirt,SA,SA,2026-01-08 20:00:00,,0.0
,False,t-shirt,SA,SA,2026-01-08 21:00:00,,0.0
,False,t-shirt,SA,SA,2026-01-08 22:00:00,,55.0
,False,t-shirt,SA,SA,2026-01-08 23:00:00,,0.0
,False,t-shirt,SA,SA,2026-01-09 00:00:00,,0.0
,False,t-shirt,SA,SA,2026-01-09 01:00:00,,0.0
,False,t-shirt,SA,SA,2026-01-09 02:00:00,,0.0
,False,t-shirt,SA,SA,2026-01-09 03:00:00,,0.0
,False,t-shirt,SA,SA,2026-01-09 04:00:00,,0.0
,False,t-shirt,SA,SA,2026-01-09 05:00:00,,0.0
,False,t-shirt,SA,SA,2026-01-09 06:00:00,,0.0
,False,t-shirt,SA,SA,2026-01-09 07:00:00,,0.0
,False,t-shirt,SA,SA,2026-01-09 08:00:00,,0.0
,False,t-shirt,SA,SA,2026-01-09 09:00:00,,0.0
,False,t-shirt,SA,SA,2026-01-09 10:00:00,,0.0
,False,t-shirt,SA,SA,2026-01-09 11:00:00,,0.0
,False,t-shirt,SA,SA,2026-01-09 12:00:00,,0.0
,False,t-shirt,SA,SA,2026-01-09 13:00:00,,0.0
,False,t-shirt,SA,SA,2026-01-09 14:00:00,,0.0
,False,t-shirt,SA,SA,2026-01-09 15:00:00,,0.0
,False,t-shirt,SA,SA,2026-01-09 16:00:00,,0.0
,False,t-shirt,SA,SA,2026-01-09 17:00:00,,0.0
,False,t-shirt,SA,SA,2026-01-09 18:00:00,,43.0
,False,t-shirt,SA,SA,2026-01-09 19:00:00,,0.0
,False,t-shirt,SA,SA,2026-01-09 20:00:00,,0.0
,False,t-shirt,SA,SA,2026-01-09 21:00:00,,0.0
,False,t-shirt,SA,SA,2026-01-09 22:00:00,,0.0
,False,t-shirt,SA,SA,2026-01-09 23:00:00,,0.0
,False,t-shirt,SA,SA,2026-01-10 00:00:00,,0.0
,False,t-shirt,SA,SA,2026-01-10 01:00:00,,0.0
,False,t-shirt,SA,SA,2026-01-10 02:00:00,,0.0
,False,t-shirt,SA,SA,2026-01-10 03:00:00,,0.0
,False,t-shirt,SA,SA,2026-01-10 04:00:00,,0.0
,False,t-shirt,SA,SA,2026-01-10 05:00:00,,0.0
,False,t-shirt,SA,SA,2026-01-10 06:00:00,,0.0
,False,t-shirt,SA,SA,2026-01-10 07:00:00,,0.0
,False,t-shirt,SA,SA,2026-01-10 08:00:00,,0.0
,False,t-shirt,SA,SA,2026-01-10 09:00:00,,0.0
,False,t-shirt,SA,SA,2026-01-10 10:00:00,,0.0
,False,t-shirt,SA,SA,2026-01-10 11:00:00,,0.0
,False,t-shirt,SA,SA,2026-01-10 12:00:00,,0.0
,False,t-shirt,SA,SA,2026-01-10 13:00:00,,0.0
,False,t-shirt,SA,SA,2026-01-10 14:00:00,,0.0
,False,t-shirt,SA,SA,2026-01-10 15:00:00,,0.0
,True,t-shirt,SA,SA,2026-01-10 16:00:00,,0.0
28.0,False,pant,BR,BR,2026-01-03 16:00:00,,
27.0,False,pant,BR,BR,2026-01-03 17:00:00,,
33.0,False,pant,BR,BR,2026-01-03 18:00:00,,
29.0,False,pant,BR,BR,2026-01-03 19:00:00,,
41.0,False,pant,BR,BR,2026-01-03 20:00:00,,
26.0,False,pant,BR,BR,2026-01-03 21:00:00,,
31.0,False,pant,BR,BR,2026-01-03 22:00:00,,
27.0,False,pant,BR,BR,2026-01-03 23:00:00,,
31.0,False,pant,BR,BR,2026-01-04 00:00:00,,
22.0,False,pant,BR,BR,2026-01-04 01:00:00,,
36.0,False,pant,BR,BR,2026-01-04 02:00:00,,
28.0,False,pant,BR,BR,2026-01-04 03:00:00,,
43.0,False,pant,BR,BR,2026-01-04 04:00:00,,
46.0,False,pant,BR,BR,2026-01-04 05:00:00,,
0.0,False,pant,BR,BR,2026-01-04 06:00:00,,
100.0,False,pant,BR,BR,2026-01-04 07:00:00,,
0.0,False,pant,BR,BR,2026-01-04 08:00:00,,
0.0,False,pant,BR,BR,2026-01-04 09:00:00,,
0.0,False,pant,BR,BR,2026-01-04 10:00:00,,
24.0,False,pant,BR,BR,2026-01-04 11:00:00,,
20.0,False,pant,BR,BR,2026-01-04 12:00:00,,
38.0,False,pant,BR,BR,2026-01-04 13:00:00,,
36.0,False,pant,BR,BR,2026-01-04 14:00:00,,
35.0,False,pant,BR,BR,2026-01-04 15:00:00,,
29.0,False,pant,BR,BR,2026-01-04 16:00:00,,
25.0,False,pant,BR,BR,2026-01-04 17:00:00,,
33.0,False,pant,BR,BR,2026-01-04 18:00:00,,
36.0,False,pant,BR,BR,2026-01-04 19:00:00,,
29.0,False,pant,BR,BR,2026-01-04 20:00:00,,
30.0,False,pant,BR,BR,2026-01-04 21:00:00,,
28.0,False,pant,BR,BR,2026-01-04 22:00:00,,
26.0,False,pant,BR,BR,2026-01-04 23:00:00,,
35.0,False,pant,BR,BR,2026-01-05 00:00:00,,
41.0,False,pant,BR,BR,2026-01-05 01:00:00,,
46.0,False,pant,BR,BR,2026-01-05 02:00:00,,
29.0,False,pant,BR,BR,2026-01-05 03:00:00,,
43.0,False,pant,BR,BR,2026-01-05 04:00:00,,
0.0,False,pant,BR,BR,2026-01-05 05:00:00,,
59.0,False,pant,BR,BR,2026-01-05 06:00:00,,
0.0,False,pant,BR,BR,2026-01-05 07:00:00,,
0.0,False,pant,BR,BR,2026-01-05 08:00:00,,
30.0,False,pant,BR,BR,2026-01-05 09:00:00,,
32.0,False,pant,BR,BR,2026-01-05 10:00:00,,
31.0,False,pant,BR,BR,2026-01-05 11:00:00,,
19.0,False,pant,BR,BR,2026-01-05 12:00:00,,
25.0,False,pant,BR,BR,2026-01-05 13:00:00,,
32.0,False,pant,BR,BR,2026-01-05 14:00:00,,
30.0,False,pant,BR,BR,2026-01-05 15:00:00,,
28.0,False,pant,BR,BR,2026-01-05 16:00:00,,
29.0,False,pant,BR,BR,2026-01-05 17:00:00,,
32.0,False,pant,BR,BR,2026-01-05 18:00:00,,
24.0,False,pant,BR,BR,2026-01-05 19:00:00,,
27.0,False,pant,BR,BR,2026-01-05 20:00:00,,
31.0,False,pant,BR,BR,2026-01-05 21:00:00,,
27.0,False,pant,BR,BR,2026-01-05 22:00:00,,
25.0,False,pant,BR,BR,2026-01-05 23:00:00,,
36.0,False,pant,BR,BR,2026-01-06 00:00:00,,
43.0,False,pant,BR,BR,2026-01-06 01:00:00,,
36.0,False,pant,BR,BR,2026-01-06 02:00:00,,
43.0,False,pant,BR,BR,2026-01-06 03:00:00,,
41.0,False,pant,BR,BR,2026-01-06 04:00:00,,
0.0,False,pant,BR,BR,2026-01-06 05:00:00,,
0.0,False,pant,BR,BR,2026-01-06 06:00:00,,
0.0,False,pant,BR,BR,2026-01-06 07:00:00,,
73.0,False,pant,BR,BR,2026-01-06 08:00:00,,
40.0,False,pant,BR,BR,2026-01-06 09:00:00,,
37.0,False,pant,BR,BR,2026-01-06 10:00:00,,
24.0,False,pant,BR,BR,2026-01-06 11:00:00,,
39.0,False,pant,BR,BR,2026-01-06 12:00:00,,
34.0,False,pant,BR,BR,2026-01-06 13:00:00,,
33.0,False,pant,BR,BR,2026-01-06 14:00:00,,
41.0,False,pant,BR,BR,2026-01-06 15:00:00,,
31.0,False,pant,BR,BR,2026-01-06 16:00:00,,
35.0,False,pant,BR,BR,2026-01-06 17:00:00,,
30.0,False,pant,BR,BR,2026-01-06 18:00:00,,
32.0,False,pant,BR,BR,2026-01-06 19:00:00,,
25.0,False,pant,BR,BR,2026-01-06 20:00:00,,
28.0,False,pant,BR,BR,2026-01-06 21:00:00,,
35.0,False,pant,BR,BR,2026-01-06 22:00:00,,
39.0,False,pant,BR,BR,2026-01-06 23:00:00,,
34.0,False,pant,BR,BR,2026-01-07 00:00:00,,
29.0,False,pant,BR,BR,2026-01-07 01:00:00,,
30.0,False,pant,BR,BR,2026-01-07 02:00:00,,
43.0,False,pant,BR,BR,2026-01-07 03:00:00,,
46.0,False,pant,BR,BR,2026-01-07 04:00:00,,
0.0,False,pant,BR,BR,2026-01-07 05:00:00,,
84.0,False,pant,BR,BR,2026-01-07 06:00:00,,
84.0,False,pant,BR,BR,2026-01-07 07:00:00,,
72.0,False,pant,BR,BR,2026-01-07 08:00:00,,
30.0,False,pant,BR,BR,2026-01-07 09:00:00,,
21.0,False,pant,BR,BR,2026-01-07 10:00:00,,
39.0,False,pant,BR,BR,2026-01-07 11:00:00,,
32.0,False,pant,BR,BR,2026-01-07 12:00:00,,
40.0,False,pant,BR,BR,2026-01-07 13:00:00,,
37.0,False,pant,BR,BR,2026-01-07 14:00:00,,
26.0,False,pant,BR,BR,2026-01-07 15:00:00,,
22.0,False,pant,BR,BR,2026-01-07 16:00:00,,
36.0,False,pant,BR,BR,2026-01-07 17:00:00,,
35.0,False,pant,BR,BR,2026-01-07 18:00:00,,
28.0,False,pant,BR,BR,2026-01-07 19:00:00,,
30.0,False,pant,BR,BR,2026-01-07 20:00:00,,
32.0,False,pant,BR,BR,2026-01-07 21:00:00,,
40.0,False,pant,BR,BR,2026-01-07 22:00:00,,
31.0,False,pant,BR,BR,2026-01-07 23:00:00,,
27.0,False,pant,BR,BR,2026-01-08 00:00:00,,
34.0,False,pant,BR,BR,2026-01-08 01:00:00,,
36.0,False,pant,BR,BR,2026-01-08 02:00:00,,
23.0,False,pant,BR,BR,2026-01-08 03:00:00,,
35.0,False,pant,BR,BR,2026-01-08 04:00:00,,
47.0,False,pant,BR,BR,2026-01-08 05:00:00,,
90.0,False,pant,BR,BR,2026-01-08 06:00:00,,
68.0,False,pant,BR,BR,2026-01-08 07:00:00,,
0.0,False,pant,BR,BR,2026-01-08 08:00:00,,
41.0,False,pant,BR,BR,2026-01-08 09:00:00,,
31.0,False,pant,BR,BR,2026-01-08 10:00:00,,
28.0,False,pant,BR,BR,2026-01-08 11:00:00,,
40.0,False,pant,BR,BR,2026-01-08 12:00:00,,
31.0,False,pant,BR,BR,2026-01-08 13:00:00,,
37.0,False,pant,BR,BR,2026-01-08 14:00:00,,
36.0,False,pant,BR,BR,2026-01-08 15:00:00,,
38.0,False,pant,BR,BR,2026-01-08 16:00:00,,
32.0,False,pant,BR,BR,2026-01-08 17:00:00,,
33.0,False,pant,BR,BR,2026-01-08 18:00:00,,
33.0,False,pant,BR,BR,2026-01-08 19:00:00,,
30.0,False,pant,BR,BR,2026-01-08 20:00:00,,
30.0,False,pant,BR,BR,2026-01-08 21:00:00,,
39.0,False,pant,BR,BR,2026-01-08 22:00:00,,
34.0,False,pant,BR,BR,2026-01-08 23:00:00,,
43.0,False,pant,BR,BR,2026-01-09 00:00:00,,
38.0,False,pant,BR,BR,2026-01-09 01:00:00,,
46.0,False,pant,BR,BR,2026-01-09 02:00:00,,
37.0,False,pant,BR,BR,2026-01-09 03:00:00,,
45.0,False,pant,BR,BR,2026-01-09 04:00:00,,
0.0,False,pant,BR,BR,2026-01-09 05:00:00,,
0.0,False,pant,BR,BR,2026-01-09 06:00:00,,
0.0,False,pant,BR,BR,2026-01-09 07:00:00,,
0.0,False,pant,BR,BR,2026-01-09 08:00:00,,
30.0,False,pant,BR,BR,2026-01-09 09:00:00,,
37.0,False,pant,BR,BR,2026-01-09 10:00:00,,
22.0,False,pant,BR,BR,2026-01-09 11:00:00,,
34.0,False,pant,BR,BR,2026-01-09 12:00:00,,
35.0,False,pant,BR,BR,2026-01-09 13:00:00,,
35.0,False,pant,BR,BR,2026-01-09 14:00:00,,
32.0,False,pant,BR,BR,2026-01-09 15:00:00,,
33.0,False,pant,BR,BR,2026-01-09 16:00:00,,
33.0,False,pant,BR,BR,2026-01-09 17:00:00,,
33.0,False,pant,BR,BR,2026-01-09 18:00:00,,
31.0,False,pant,BR,BR,2026-01-09 19:00:00,,
29.0,False,pant,BR,BR,2026-01-09 20:00:00,,
33.0,False,pant,BR,BR,2026-01-09 21:00:00,,
27.0,False,pant,BR,BR,2026-01-09 22:00:00,,
35.0,False,pant,BR,BR,2026-01-09 23:00:00,,
30.0,False,pant,BR,BR,2026-01-10 00:00:00,,
25.0,False,pant,BR,BR,2026-01-10 01:00:00,,
42.0,False,pant,BR,BR,2026-01-10 02:00:00,,
47.0,False,pant,BR,BR,2026-01-10 03:00:00,,
34.0,False,pant,BR,BR,2026-01-10 04:00:00,,
54.0,False,pant,BR,BR,2026-01-10 05:00:00,,
50.0,False,pant,BR,BR,2026-01-10 06:00:00,,
63.0,False,pant,BR,BR,2026-01-10 07:00:00,,
0.0,False,pant,BR,BR,2026-01-10 08:00:00,,
48.0,False,pant,BR,BR,2026-01-10 09:00:00,,
21.0,False,pant,BR,BR,2026-01-10 10:00:00,,
25.0,False,pant,BR,BR,2026-01-10 11:00:00,,
35.0,False,pant,BR,BR,2026-01-10 12:00:00,,
42.0,False,pant,BR,BR,2026-01-10 13:00:00,,
42.0,False,pant,BR,BR,2026-01-10 14:00:00,,
34.0,False,pant,BR,BR,2026-01-10 15:00:00,,
31.0,True,pant,BR,BR,2026-01-10 16:00:00,,
,False,dress,BR,BR,2026-01-03 16:00:00,23.0,
,False,dress,BR,BR,2026-01-03 17:00:00,22.0,
,False,dress,BR,BR,2026-01-03 18:00:00,25.0,
,False,dress,BR,BR,2026-01-03 19:00:00,23.0,
,False,dress,BR,BR,2026-01-03 20:00:00,22.0,
,False,dress,BR,BR,2026-01-03 21:00:00,23.0,
,False,dress,BR,BR,2026-01-03 22:00:00,23.0,
,False,dress,BR,BR,2026-01-03 23:00:00,22.0,
,False,dress,BR,BR,2026-01-04 00:00:00,20.0,
,False,dress,BR,BR,2026-01-04 01:00:00,25.0,
,False,dress,BR,BR,2026-01-04 02:00:00,27.0,
,False,dress,BR,BR,2026-01-04 03:00:00,32.0,
,False,dress,BR,BR,2026-01-04 04:00:00,33.0,
,False,dress,BR,BR,2026-01-04 05:00:00,49.0,
,False,dress,BR,BR,2026-01-04 06:00:00,65.0,
,False,dress,BR,BR,2026-01-04 07:00:00,68.0,
,False,dress,BR,BR,2026-01-04 08:00:00,60.0,
,False,dress,BR,BR,2026-01-04 09:00:00,29.0,
,False,dress,BR,BR,2026-01-04 10:00:00,36.0,
,False,dress,BR,BR,2026-01-04 11:00:00,20.0,
,False,dress,BR,BR,2026-01-04 12:00:00,24.0,
,False,dress,BR,BR,2026-01-04 13:00:00,25.0,
,False,dress,BR,BR,2026-01-04 14:00:00,21.0,
,False,dress,BR,BR,2026-01-04 15:00:00,22.0,
,False,dress,BR,BR,2026-01-04 16:00:00,21.0,
,False,dress,BR,BR,2026-01-04 17:00:00,26.0,
,False,dress,BR,BR,2026-01-04 18:00:00,24.0,
,False,dress,BR,BR,2026-01-04 19:00:00,26.0,
,False,dress,BR,BR,2026-01-04 20:00:00,20.0,
,False,dress,BR,BR,2026-01-04 21:00:00,21.0,
,False,dress,BR,BR,2026-01-04 22:00:00,22.0,
,False,dress,BR,BR,2026-01-04 23:00:00,20.0,
,False,dress,BR,BR,2026-01-05 00:00:00,23.0,
,False,dress,BR,BR,2026-01-05 01:00:00,25.0,
,False,dress,BR,BR,2026-01-05 02:00:00,31.0,
,False,dress,BR,BR,2026-01-05 03:00:00,38.0,
,False,dress,BR,BR,2026-01-05 04:00:00,39.0,
,False,dress,BR,BR,2026-01-05 05:00:00,53.0,
,False,dress,BR,BR,2026-01-05 06:00:00,63.0,
,False,dress,BR,BR,2026-01-05 07:00:00,59.0,
,False,dress,BR,BR,2026-01-05 08:00:00,39.0,
,False,dress,BR,BR,2026-01-05 09:00:00,22.0,
,False,dress,BR,BR,2026-01-05 10:00:00,16.0,
,False,dress,BR,BR,2026-01-05 11:00:00,15.0,
,False,dress,BR,BR,2026-01-05 12:00:00,15.0,
,False,dress,BR,BR,2026-01-05 13:00:00,18.0,
,False,dress,BR,BR,2026-01-05 14:00:00,18.0,
,False,dress,BR,BR,2026-01-05 15:00:00,21.0,
,False,dress,BR,BR,2026-01-05 16:00:00,19.0,
,False,dress,BR,BR,2026-01-05 17:00:00,21.0,
,False,dress,BR,BR,2026-01-05 18:00:00,20.0,
,False,dress,BR,BR,2026-01-05 19:00:00,20.0,
,False,dress,BR,BR,2026-01-05 20:00:00,21.0,
,False,dress,BR,BR,2026-01-05 21:00:00,23.0,
,False,dress,BR,BR,2026-01-05 22:00:00,20.0,
,False,dress,BR,BR,2026-01-05 23:00:00,20.0,
,False,dress,BR,BR,2026-01-06 00:00:00,20.0,
,False,dress,BR,BR,2026-01-06 01:00:00,28.0,
,False,dress,BR,BR,2026-01-06 02:00:00,29.0,
,False,dress,BR,BR,2026-01-06 03:00:00,38.0,
,False,dress,BR,BR,2026-01-06 04:00:00,48.0,
,False,dress,BR,BR,2026-01-06 05:00:00,47.0,
,False,dress,BR,BR,2026-01-06 06:00:00,68.0,
,False,dress,BR,BR,2026-01-06 07:00:00,72.0,
,False,dress,BR,BR,2026-01-06 08:00:00,56.0,
,False,dress,BR,BR,2026-01-06 09:00:00,30.0,
,False,dress,BR,BR,2026-01-06 10:00:00,23.0,
,False,dress,BR,BR,2026-01-06 11:00:00,16.0,
,False,dress,BR,BR,2026-01-06 12:00:00,18.0,
,False,dress,BR,BR,2026-01-06 13:00:00,20.0,
,False,dress,BR,BR,2026-01-06 14:00:00,21.0,
,False,dress,BR,BR,2026-01-06 15:00:00,23.0,
,False,dress,BR,BR,2026-01-06 16:00:00,26.0,
,False,dress,BR,BR,2026-01-06 17:00:00,23.0,
,False,dress,BR,BR,2026-01-06 18:00:00,21.0,
,False,dress,BR,BR,2026-01-06 19:00:00,21.0,
,False,dress,BR,BR,2026-01-06 20:00:00,21.0,
,False,dress,BR,BR,2026-01-06 21:00:00,22.0,
,False,dress,BR,BR,2026-01-06 22:00:00,22.0,
,False,dress,BR,BR,2026-01-06 23:00:00,23.0,
,False,dress,BR,BR,2026-01-07 00:00:00,24.0,
,False,dress,BR,BR,2026-01-07 01:00:00,28.0,
,False,dress,BR,BR,2026-01-07 02:00:00,36.0,
,False,dress,BR,BR,2026-01-07 03:00:00,44.0,
,False,dress,BR,BR,2026-01-07 04:00:00,60.0,
,False,dress,BR,BR,2026-01-07 05:00:00,67.0,
,False,dress,BR,BR,2026-01-07 06:00:00,100.0,
,False,dress,BR,BR,2026-01-07 07:00:00,74.0,
,False,dress,BR,BR,2026-01-07 08:00:00,53.0,
,False,dress,BR,BR,2026-01-07 09:00:00,26.0,
,False,dress,BR,BR,2026-01-07 10:00:00,24.0,
,False,dress,BR,BR,2026-01-07 11:00:00,24.0,
,False,dress,BR,BR,2026-01-07 12:00:00,20.0,
,False,dress,BR,BR,2026-01-07 13:00:00,24.0,
,False,dress,BR,BR,2026-01-07 14:00:00,22.0,
,False,dress,BR,BR,2026-01-07 15:00:00,22.0,
,False,dress,BR,BR,2026-01-07 16:00:00,19.0,
,False,dress,BR,BR,2026-01-07 17:00:00,21.0,
,False,dress,BR,BR,2026-01-07 18:00:00,20.0,
,False,dress,BR,BR,2026-01-07 19:00:00,21.0,
,False,dress,BR,BR,2026-01-07 20:00:00,20.0,
,False,dress,BR,BR,2026-01-07 21:00:00,18.0,
,False,dress,BR,BR,2026-01-07 22:00:00,23.0,
,False,dress,BR,BR,2026-01-07 23:00:00,20.0,
,False,dress,BR,BR,2026-01-08 00:00:00,22.0,
,False,dress,BR,BR,2026-01-08 01:00:00,24.0,
,False,dress,BR,BR,2026-01-08 02:00:00,28.0,
,False,dress,BR,BR,2026-01-08 03:00:00,34.0,
,False,dress,BR,BR,2026-01-08 04:00:00,50.0,
,False,dress,BR,BR,2026-01-08 05:00:00,53.0,
,False,dress,BR,BR,2026-01-08 06:00:00,53.0,
,False,dress,BR,BR,2026-01-08 07:00:00,66.0,
,False,dress,BR,BR,2026-01-08 08:00:00,49.0,
,False,dress,BR,BR,2026-01-08 09:00:00,24.0,
,False,dress,BR,BR,2026-01-08 10:00:00,19.0,
,False,dress,BR,BR,2026-01-08 11:00:00,20.0,
,False,dress,BR,BR,2026-01-08 12:00:00,19.0,
,False,dress,BR,BR,2026-01-08 13:00:00,20.0,
,False,dress,BR,BR,2026-01-08 14:00:00,21.0,
,False,dress,BR,BR,2026-01-08 15:00:00,19.0,
,False,dress,BR,BR,2026-01-08 16:00:00,20.0,
,False,dress,BR,BR,2026-01-08 17:00:00,21.0,
,False,dress,BR,BR,2026-01-08 18:00:00,19.0,
,False,dress,BR,BR,2026-01-08 19:00:00,20.0,
,False,dress,BR,BR,2026-01-08 20:00:00,20.0,
,False,dress,BR,BR,2026-01-08 21:00:00,19.0,
,False,dress,BR,BR,2026-01-08 22:00:00,20.0,
,False,dress,BR,BR,2026-01-08 23:00:00,19.0,
,False,dress,BR,BR,2026-01-09 00:00:00,22.0,
,False,dress,BR,BR,2026-01-09 01:00:00,26.0,
,False,dress,BR,BR,2026-01-09 02:00:00,28.0,
,False,dress,BR,BR,2026-01-09 03:00:00,31.0,
,False,dress,BR,BR,2026-01-09 04:00:00,42.0,
,False,dress,BR,BR,2026-01-09 05:00:00,51.0,
,False,dress,BR,BR,2026-01-09 06:00:00,38.0,
,False,dress,BR,BR,2026-01-09 07:00:00,47.0,
,False,dress,BR,BR,2026-01-09 08:00:00,36.0,
,False,dress,BR,BR,2026-01-09 09:00:00,23.0,
,False,dress,BR,BR,2026-01-09 10:00:00,19.0,
,False,dress,BR,BR,2026-01-09 11:00:00,16.0,
,False,dress,BR,BR,2026-01-09 12:00:00,17.0,
,False,dress,BR,BR,2026-01-09 13:00:00,19.0,
,False,dress,BR,BR,2026-01-09 14:00:00,19.0,
,False,dress,BR,BR,2026-01-09 15:00:00,22.0,
,False,dress,BR,BR,2026-01-09 16:00:00,19.0,
,False,dress,BR,BR,2026-01-09 17:00:00,21.0,
,False,dress,BR,BR,2026-01-09 18:00:00,22.0,
,False,dress,BR,BR,2026-01-09 19:00:00,20.0,
,False,dress,BR,BR,2026-01-09 20:00:00,25.0,
,False,dress,BR,BR,2026-01-09 21:00:00,21.0,
,False,dress,BR,BR,2026-01-09 22:00:00,20.0,
,False,dress,BR,BR,2026-01-09 23:00:00,20.0,
,False,dress,BR,BR,2026-01-10 00:00:00,23.0,
,False,dress,BR,BR,2026-01-10 01:00:00,23.0,
,False,dress,BR,BR,2026-01-10 02:00:00,26.0,
,False,dress,BR,BR,2026-01-10 03:00:00,35.0,
,False,dress,BR,BR,2026-01-10 04:00:00,37.0,
,False,dress,BR,BR,2026-01-10 05:00:00,48.0,
,False,dress,BR,BR,2026-01-10 06:00:00,61.0,
,False,dress,BR,BR,2026-01-10 07:00:00,48.0,
,False,dress,BR,BR,2026-01-10 08:00:00,39.0,
,False,dress,BR,BR,2026-01-10 09:00:00,30.0,
,False,dress,BR,BR,2026-01-10 10:00:00,25.0,
,False,dress,BR,BR,2026-01-10 11:00:00,18.0,
,False,dress,BR,BR,2026-01-10 12:00:00,21.0,
,False,dress,BR,BR,2026-01-10 13:00:00,22.0,
,False,dress,BR,BR,2026-01-10 14:00:00,22.0,
,False,dress,BR,BR,2026-01-10 15:00:00,24.0,
,True,dress,BR,BR,2026-01-10 16:00:00,29.0,
,False,t-shirt,BR,BR,2026-01-03 16:00:00,,34.0
,False,t-shirt,BR,BR,2026-01-03 17:00:00,,36.0
,False,t-shirt,BR,BR,2026-01-03 18:00:00,,31.0
,False,t-shirt,BR,BR,2026-01-03 19:00:00,,28.0
,False,t-shirt,BR,BR,2026-01-03 20:00:00,,31.0
,False,t-shirt,BR,BR,2026-01-03 21:00:00,,28.0
,False,t-shirt,BR,BR,2026-01-03 22:00:00,,33.0
,False,t-shirt,BR,BR,2026-01-03 23:00:00,,24.0
,False,t-shirt,BR,BR,2026-01-04 00:00:00,,28.0
,False,t-shirt,BR,BR,2026-01-04 01:00:00,,23.0
,False,t-shirt,BR,BR,2026-01-04 02:00:00,,28.0
,False,t-shirt,BR,BR,2026-01-04 03:00:00,,42.0
,False,t-shirt,BR,BR,2026-01-04 04:00:00,,0.0
,False,t-shirt,BR,BR,2026-01-04 05:00:00,,34.0
,False,t-shirt,BR,BR,2026-01-04 06:00:00,,0.0
,False,t-shirt,BR,BR,2026-01-04 07:00:00,,100.0
,False,t-shirt,BR,BR,2026-01-04 08:00:00,,0.0
,False,t-shirt,BR,BR,2026-01-04 09:00:00,,0.0
,False,t-shirt,BR,BR,2026-01-04 10:00:00,,37.0
,False,t-shirt,BR,BR,2026-01-04 11:00:00,,26.0
,False,t-shirt,BR,BR,2026-01-04 12:00:00,,31.0
,False,t-shirt,BR,BR,2026-01-04 13:00:00,,35.0
,False,t-shirt,BR,BR,2026-01-04 14:00:00,,28.0
,False,t-shirt,BR,BR,2026-01-04 15:00:00,,30.0
,False,t-shirt,BR,BR,2026-01-04 16:00:00,,31.0
,False,t-shirt,BR,BR,2026-01-04 17:00:00,,32.0
,False,t-shirt,BR,BR,2026-01-04 18:00:00,,39.0
,False,t-shirt,BR,BR,2026-01-04 19:00:00,,46.0
,False,t-shirt,BR,BR,2026-01-04 20:00:00,,45.0
,False,t-shirt,BR,BR,2026-01-04 21:00:00,,35.0
,False,t-shirt,BR,BR,2026-01-04 22:00:00,,28.0
,False,t-shirt,BR,BR,2026-01-04 23:00:00,,25.0
,False,t-shirt,BR,BR,2026-01-05 00:00:00,,29.0
,False,t-shirt,BR,BR,2026-01-05 01:00:00,,30.0
,False,t-shirt,BR,BR,2026-01-05 02:00:00,,29.0
,False,t-shirt,BR,BR,2026-01-05 03:00:00,,36.0
,False,t-shirt,BR,BR,2026-01-05 04:00:00,,32.0
,False,t-shirt,BR,BR,2026-01-05 05:00:00,,50.0
,False,t-shirt,BR,BR,2026-01-05 06:00:00,,0.0
,False,t-shirt,BR,BR,2026-01-05 07:00:00,,0.0
,False,t-shirt,BR,BR,2026-01-05 08:00:00,,0.0
,False,t-shirt,BR,BR,2026-01-05 09:00:00,,23.0
,False,t-shirt,BR,BR,2026-01-05 10:00:00,,16.0
,False,t-shirt,BR,BR,2026-01-05 11:00:00,,25.0
,False,t-shirt,BR,BR,2026-01-05 12:00:00,,22.0
,False,t-shirt,BR,BR,2026-01-05 13:00:00,,27.0
,False,t-shirt,BR,BR,2026-01-05 14:00:00,,22.0
,False,t-shirt,BR,BR,2026-01-05 15:00:00,,25.0
,False,t-shirt,BR,BR,2026-01-05 16:00:00,,30.0
,False,t-shirt,BR,BR,2026-01-05 17:00:00,,28.0
,False,t-shirt,BR,BR,2026-01-05 18:00:00,,28.0
,False,t-shirt,BR,BR,2026-01-05 19:00:00,,25.0
,False,t-shirt,BR,BR,2026-01-05 20:00:00,,28.0
,False,t-shirt,BR,BR,2026-01-05 21:00:00,,32.0
,False,t-shirt,BR,BR,2026-01-05 22:00:00,,30.0
,False,t-shirt,BR,BR,2026-01-05 23:00:00,,25.0
,False,t-shirt,BR,BR,2026-01-06 00:00:00,,26.0
,False,t-shirt,BR,BR,2026-01-06 01:00:00,,37.0
,False,t-shirt,BR,BR,2026-01-06 02:00:00,,34.0
,False,t-shirt,BR,BR,2026-01-06 03:00:00,,30.0
,False,t-shirt,BR,BR,2026-01-06 04:00:00,,28.0
,False,t-shirt,BR,BR,2026-01-06 05:00:00,,42.0
,False,t-shirt,BR,BR,2026-01-06 06:00:00,,62.0
,False,t-shirt,BR,BR,2026-01-06 07:00:00,,0.0
,False,t-shirt,BR,BR,2026-01-06 08:00:00,,0.0
,False,t-shirt,BR,BR,2026-01-06 09:00:00,,0.0
,False,t-shirt,BR,BR,2026-01-06 10:00:00,,15.0
,False,t-shirt,BR,BR,2026-01-06 11:00:00,,25.0
,False,t-shirt,BR,BR,2026-01-06 12:00:00,,26.0
,False,t-shirt,BR,BR,2026-01-06 13:00:00,,30.0
,False,t-shirt,BR,BR,2026-01-06 14:00:00,,38.0
,False,t-shirt,BR,BR,2026-01-06 15:00:00,,26.0
,False,t-shirt,BR,BR,2026-01-06 16:00:00,,30.0
,False,t-shirt,BR,BR,2026-01-06 17:00:00,,33.0
,False,t-shirt,BR,BR,2026-01-06 18:00:00,,32.0
,False,t-shirt,BR,BR,2026-01-06 19:00:00,,26.0
,False,t-shirt,BR,BR,2026-01-06 20:00:00,,27.0
,False,t-shirt,BR,BR,2026-01-06 21:00:00,,30.0
,False,t-shirt,BR,BR,2026-01-06 22:00:00,,33.0
,False,t-shirt,BR,BR,2026-01-06 23:00:00,,29.0
,False,t-shirt,BR,BR,2026-01-07 00:00:00,,31.0
,False,t-shirt,BR,BR,2026-01-07 01:00:00,,27.0
,False,t-shirt,BR,BR,2026-01-07 02:00:00,,38.0
,False,t-shirt,BR,BR,2026-01-07 03:00:00,,27.0
,False,t-shirt,BR,BR,2026-01-07 04:00:00,,35.0
,False,t-shirt,BR,BR,2026-01-07 05:00:00,,0.0
,False,t-shirt,BR,BR,2026-01-07 06:00:00,,0.0
,False,t-shirt,BR,BR,2026-01-07 07:00:00,,69.0
,False,t-shirt,BR,BR,2026-01-07 08:00:00,,0.0
,False,t-shirt,BR,BR,2026-01-07 09:00:00,,0.0
,False,t-shirt,BR,BR,2026-01-07 10:00:00,,19.0
,False,t-shirt,BR,BR,2026-01-07 11:00:00,,14.0
,False,t-shirt,BR,BR,2026-01-07 12:00:00,,27.0
,False,t-shirt,BR,BR,2026-01-07 13:00:00,,31.0
,False,t-shirt,BR,BR,2026-01-07 14:00:00,,25.0
,False,t-shirt,BR,BR,2026-01-07 15:00:00,,35.0
,False,t-shirt,BR,BR,2026-01-07 16:00:00,,34.0
,False,t-shirt,BR,BR,2026-01-07 17:00:00,,22.0
,False,t-shirt,BR,BR,2026-01-07 18:00:00,,34.0
,False,t-shirt,BR,BR,2026-01-07 19:00:00,,37.0
,False,t-shirt,BR,BR,2026-01-07 20:00:00,,32.0
,False,t-shirt,BR,BR,2026-01-07 21:00:00,,37.0
,False,t-shirt,BR,BR,2026-01-07 22:00:00,,40.0
,False,t-shirt,BR,BR,2026-01-07 23:00:00,,20.0
,False,t-shirt,BR,BR,2026-01-08 00:00:00,,41.0
,False,t-shirt,BR,BR,2026-01-08 01:00:00,,34.0
,False,t-shirt,BR,BR,2026-01-08 02:00:00,,33.0
,False,t-shirt,BR,BR,2026-01-08 03:00:00,,24.0
,False,t-shirt,BR,BR,2026-01-08 04:00:00,,42.0
,False,t-shirt,BR,BR,2026-01-08 05:00:00,,0.0
,False,t-shirt,BR,BR,2026-01-08 06:00:00,,0.0
,False,t-shirt,BR,BR,2026-01-08 07:00:00,,0.0
,False,t-shirt,BR,BR,2026-01-08 08:00:00,,0.0
,False,t-shirt,BR,BR,2026-01-08 09:00:00,,0.0
,False,t-shirt,BR,BR,2026-01-08 10:00:00,,28.0
,False,t-shirt,BR,BR,2026-01-08 11:00:00,,15.0
,False,t-shirt,BR,BR,2026-01-08 12:00:00,,22.0
,False,t-shirt,BR,BR,2026-01-08 13:00:00,,27.0
,False,t-shirt,BR,BR,2026-01-08 14:00:00,,37.0
,False,t-shirt,BR,BR,2026-01-08 15:00:00,,36.0
,False,t-shirt,BR,BR,2026-01-08 16:00:00,,33.0
,False,t-shirt,BR,BR,2026-01-08 17:00:00,,33.0
,False,t-shirt,BR,BR,2026-01-08 18:00:00,,33.0
,False,t-shirt,BR,BR,2026-01-08 19:00:00,,27.0
,False,t-shirt,BR,BR,2026-01-08 20:00:00,,32.0
,False,t-shirt,BR,BR,2026-01-08 21:00:00,,25.0
,False,t-shirt,BR,BR,2026-01-08 22:00:00,,24.0
,False,t-shirt,BR,BR,2026-01-08 23:00:00,,27.0
,False,t-shirt,BR,BR,2026-01-09 00:00:00,,36.0
,False,t-shirt,BR,BR,2026-01-09 01:00:00,,36.0
,False,t-shirt,BR,BR,2026-01-09 02:00:00,,35.0
,False,t-shirt,BR,BR,2026-01-09 03:00:00,,37.0
,False,t-shirt,BR,BR,2026-01-09 04:00:00,,35.0
,False,t-shirt,BR,BR,2026-01-09 05:00:00,,0.0
,False,t-shirt,BR,BR,2026-01-09 06:00:00,,0.0
,False,t-shirt,BR,BR,2026-01-09 07:00:00,,0.0
,False,t-shirt,BR,BR,2026-01-09 08:00:00,,0.0
,False,t-shirt,BR,BR,2026-01-09 09:00:00,,0.0
,False,t-shirt,BR,BR,2026-01-09 10:00:00,,14.0
,False,t-shirt,BR,BR,2026-01-09 11:00:00,,21.0
,False,t-shirt,BR,BR,2026-01-09 12:00:00,,24.0
,False,t-shirt,BR,BR,2026-01-09 13:00:00,,28.0
,False,t-shirt,BR,BR,2026-01-09 14:00:00,,31.0
,False,t-shirt,BR,BR,2026-01-09 15:00:00,,33.0
,False,t-shirt,BR,BR,2026-01-09 16:00:00,,34.0
,False,t-shirt,BR,BR,2026-01-09 17:00:00,,31.0
,False,t-shirt,BR,BR,2026-01-09 18:00:00,,39.0
,False,t-shirt,BR,BR,2026-01-09 19:00:00,,28.0
,False,t-shirt,BR,BR,2026-01-09 20:00:00,,40.0
,False,t-shirt,BR,BR,2026-01-09 21:00:00,,28.0
,False,t-shirt,BR,BR,2026-01-09 22:00:00,,34.0
,False,t-shirt,BR,BR,2026-01-09 23:00:00,,31.0
,False,t-shirt,BR,BR,2026-01-10 00:00:00,,30.0
,False,t-shirt,BR,BR,2026-01-10 01:00:00,,41.0
,False,t-shirt,BR,BR,2026-01-10 02:00:00,,37.0
,False,t-shirt,BR,BR,2026-01-10 03:00:00,,27.0
,False,t-shirt,BR,BR,2026-01-10 04:00:00,,43.0
,False,t-shirt,BR,BR,2026-01-10 05:00:00,,0.0
,False,t-shirt,BR,BR,2026-01-10 06:00:00,,0.0
,False,t-shirt,BR,BR,2026-01-10 07:00:00,,0.0
,False,t-shirt,BR,BR,2026-01-10 08:00:00,,0.0
,False,t-shirt,BR,BR,2026-01-10 09:00:00,,30.0
,False,t-shirt,BR,BR,2026-01-10 10:00:00,,18.0
,False,t-shirt,BR,BR,2026-01-10 11:00:00,,19.0
,False,t-shirt,BR,BR,2026-01-10 12:00:00,,34.0
,False,t-shirt,BR,BR,2026-01-10 13:00:00,,39.0
,False,t-shirt,BR,BR,2026-01-10 14:00:00,,33.0
,False,t-shirt,BR,BR,2026-01-10 15:00:00,,36.0
,True,t-shirt,BR,BR,2026-01-10 16:00:00,,53.0
0.0,False,pant,AR,AR,2026-01-03 16:00:00,,
0.0,False,pant,AR,AR,2026-01-03 17:00:00,,
0.0,False,pant,AR,AR,2026-01-03 18:00:00,,
0.0,False,pant,AR,AR,2026-01-03 19:00:00,,
0.0,False,pant,AR,AR,2026-01-03 20:00:00,,
0.0,False,pant,AR,AR,2026-01-03 21:00:00,,
0.0,False,pant,AR,AR,2026-01-03 22:00:00,,
0.0,False,pant,AR,AR,2026-01-03 23:00:00,,
0.0,False,pant,AR,AR,2026-01-04 00:00:00,,
0.0,False,pant,AR,AR,2026-01-04 01:00:00,,
0.0,False,pant,AR,AR,2026-01-04 02:00:00,,
0.0,False,pant,AR,AR,2026-01-04 03:00:00,,
0.0,False,pant,AR,AR,2026-01-04 04:00:00,,
0.0,False,pant,AR,AR,2026-01-04 05:00:00,,
0.0,False,pant,AR,AR,2026-01-04 06:00:00,,
0.0,False,pant,AR,AR,2026-01-04 07:00:00,,
0.0,False,pant,AR,AR,2026-01-04 08:00:00,,
0.0,False,pant,AR,AR,2026-01-04 09:00:00,,
0.0,False,pant,AR,AR,2026-01-04 10:00:00,,
0.0,False,pant,AR,AR,2026-01-04 11:00:00,,
0.0,False,pant,AR,AR,2026-01-04 12:00:00,,
0.0,False,pant,AR,AR,2026-01-04 13:00:00,,
0.0,False,pant,AR,AR,2026-01-04 14:00:00,,
0.0,False,pant,AR,AR,2026-01-04 15:00:00,,
0.0,False,pant,AR,AR,2026-01-04 16:00:00,,
0.0,False,pant,AR,AR,2026-01-04 17:00:00,,
0.0,False,pant,AR,AR,2026-01-04 18:00:00,,
0.0,False,pant,AR,AR,2026-01-04 19:00:00,,
0.0,False,pant,AR,AR,2026-01-04 20:00:00,,
0.0,False,pant,AR,AR,2026-01-04 21:00:00,,
0.0,False,pant,AR,AR,2026-01-04 22:00:00,,
79.0,False,pant,AR,AR,2026-01-04 23:00:00,,
0.0,False,pant,AR,AR,2026-01-05 00:00:00,,
0.0,False,pant,AR,AR,2026-01-05 01:00:00,,
100.0,False,pant,AR,AR,2026-01-05 02:00:00,,
0.0,False,pant,AR,AR,2026-01-05 03:00:00,,
0.0,False,pant,AR,AR,2026-01-05 04:00:00,,
0.0,False,pant,AR,AR,2026-01-05 05:00:00,,
0.0,False,pant,AR,AR,2026-01-05 06:00:00,,
0.0,False,pant,AR,AR,2026-01-05 07:00:00,,
0.0,False,pant,AR,AR,2026-01-05 08:00:00,,
0.0,False,pant,AR,AR,2026-01-05 09:00:00,,
0.0,False,pant,AR,AR,2026-01-05 10:00:00,,
0.0,False,pant,AR,AR,2026-01-05 11:00:00,,
0.0,False,pant,AR,AR,2026-01-05 12:00:00,,
0.0,False,pant,AR,AR,2026-01-05 13:00:00,,
0.0,False,pant,AR,AR,2026-01-05 14:00:00,,
0.0,False,pant,AR,AR,2026-01-05 15:00:00,,
0.0,False,pant,AR,AR,2026-01-05 16:00:00,,
0.0,False,pant,AR,AR,2026-01-05 17:00:00,,
0.0,False,pant,AR,AR,2026-01-05 18:00:00,,
0.0,False,pant,AR,AR,2026-01-05 19:00:00,,
0.0,False,pant,AR,AR,2026-01-05 20:00:00,,
0.0,False,pant,AR,AR,2026-01-05 21:00:00,,
0.0,False,pant,AR,AR,2026-01-05 22:00:00,,
0.0,False,pant,AR,AR,2026-01-05 23:00:00,,
0.0,False,pant,AR,AR,2026-01-06 00:00:00,,
0.0,False,pant,AR,AR,2026-01-06 01:00:00,,
0.0,False,pant,AR,AR,2026-01-06 02:00:00,,
0.0,False,pant,AR,AR,2026-01-06 03:00:00,,
0.0,False,pant,AR,AR,2026-01-06 04:00:00,,
0.0,False,pant,AR,AR,2026-01-06 05:00:00,,
0.0,False,pant,AR,AR,2026-01-06 06:00:00,,
0.0,False,pant,AR,AR,2026-01-06 07:00:00,,
0.0,False,pant,AR,AR,2026-01-06 08:00:00,,
0.0,False,pant,AR,AR,2026-01-06 09:00:00,,
0.0,False,pant,AR,AR,2026-01-06 10:00:00,,
0.0,False,pant,AR,AR,2026-01-06 11:00:00,,
0.0,False,pant,AR,AR,2026-01-06 12:00:00,,
0.0,False,pant,AR,AR,2026-01-06 13:00:00,,
0.0,False,pant,AR,AR,2026-01-06 14:00:00,,
0.0,False,pant,AR,AR,2026-01-06 15:00:00,,
0.0,False,pant,AR,AR,2026-01-06 16:00:00,,
0.0,False,pant,AR,AR,2026-01-06 17:00:00,,
0.0,False,pant,AR,AR,2026-01-06 18:00:00,,
0.0,False,pant,AR,AR,2026-01-06 19:00:00,,
60.0,False,pant,AR,AR,2026-01-06 20:00:00,,
0.0,False,pant,AR,AR,2026-01-06 21:00:00,,
0.0,False,pant,AR,AR,2026-01-06 22:00:00,,
0.0,False,pant,AR,AR,2026-01-06 23:00:00,,
0.0,False,pant,AR,AR,2026-01-07 00:00:00,,
0.0,False,pant,AR,AR,2026-01-07 01:00:00,,
0.0,False,pant,AR,AR,2026-01-07 02:00:00,,
0.0,False,pant,AR,AR,2026-01-07 03:00:00,,
0.0,False,pant,AR,AR,2026-01-07 04:00:00,,
0.0,False,pant,AR,AR,2026-01-07 05:00:00,,
0.0,False,pant,AR,AR,2026-01-07 06:00:00,,
0.0,False,pant,AR,AR,2026-01-07 07:00:00,,
0.0,False,pant,AR,AR,2026-01-07 08:00:00,,
0.0,False,pant,AR,AR,2026-01-07 09:00:00,,
0.0,False,pant,AR,AR,2026-01-07 10:00:00,,
0.0,False,pant,AR,AR,2026-01-07 11:00:00,,
0.0,False,pant,AR,AR,2026-01-07 12:00:00,,
0.0,False,pant,AR,AR,2026-01-07 13:00:00,,
0.0,False,pant,AR,AR,2026-01-07 14:00:00,,
0.0,False,pant,AR,AR,2026-01-07 15:00:00,,
0.0,False,pant,AR,AR,2026-01-07 16:00:00,,
0.0,False,pant,AR,AR,2026-01-07 17:00:00,,
0.0,False,pant,AR,AR,2026-01-07 18:00:00,,
0.0,False,pant,AR,AR,2026-01-07 19:00:00,,
0.0,False,pant,AR,AR,2026-01-07 20:00:00,,
0.0,False,pant,AR,AR,2026-01-07 21:00:00,,
0.0,False,pant,AR,AR,2026-01-07 22:00:00,,
0.0,False,pant,AR,AR,2026-01-07 23:00:00,,
0.0,False,pant,AR,AR,2026-01-08 00:00:00,,
0.0,False,pant,AR,AR,2026-01-08 01:00:00,,
0.0,False,pant,AR,AR,2026-01-08 02:00:00,,
0.0,False,pant,AR,AR,2026-01-08 03:00:00,,
0.0,False,pant,AR,AR,2026-01-08 04:00:00,,
0.0,False,pant,AR,AR,2026-01-08 05:00:00,,
0.0,False,pant,AR,AR,2026-01-08 06:00:00,,
0.0,False,pant,AR,AR,2026-01-08 07:00:00,,
0.0,False,pant,AR,AR,2026-01-08 08:00:00,,
0.0,False,pant,AR,AR,2026-01-08 09:00:00,,
0.0,False,pant,AR,AR,2026-01-08 10:00:00,,
0.0,False,pant,AR,AR,2026-01-08 11:00:00,,
0.0,False,pant,AR,AR,2026-01-08 12:00:00,,
0.0,False,pant,AR,AR,2026-01-08 13:00:00,,
0.0,False,pant,AR,AR,2026-01-08 14:00:00,,
0.0,False,pant,AR,AR,2026-01-08 15:00:00,,
0.0,False,pant,AR,AR,2026-01-08 16:00:00,,
0.0,False,pant,AR,AR,2026-01-08 17:00:00,,
0.0,False,pant,AR,AR,2026-01-08 18:00:00,,
0.0,False,pant,AR,AR,2026-01-08 19:00:00,,
0.0,False,pant,AR,AR,2026-01-08 20:00:00,,
0.0,False,pant,AR,AR,2026-01-08 21:00:00,,
0.0,False,pant,AR,AR,2026-01-08 22:00:00,,
0.0,False,pant,AR,AR,2026-01-08 23:00:00,,
0.0,False,pant,AR,AR,2026-01-09 00:00:00,,
0.0,False,pant,AR,AR,2026-01-09 01:00:00,,
0.0,False,pant,AR,AR,2026-01-09 02:00:00,,
0.0,False,pant,AR,AR,2026-01-09 03:00:00,,
0.0,False,pant,AR,AR,2026-01-09 04:00:00,,
0.0,False,pant,AR,AR,2026-01-09 05:00:00,,
0.0,False,pant,AR,AR,2026-01-09 06:00:00,,
0.0,False,pant,AR,AR,2026-01-09 07:00:00,,
0.0,False,pant,AR,AR,2026-01-09 08:00:00,,
0.0,False,pant,AR,AR,2026-01-09 09:00:00,,
0.0,False,pant,AR,AR,2026-01-09 10:00:00,,
0.0,False,pant,AR,AR,2026-01-09 11:00:00,,
0.0,False,pant,AR,AR,2026-01-09 12:00:00,,
0.0,False,pant,AR,AR,2026-01-09 13:00:00,,
0.0,False,pant,AR,AR,2026-01-09 14:00:00,,
52.0,False,pant,AR,AR,2026-01-09 15:00:00,,
0.0,False,pant,AR,AR,2026-01-09 16:00:00,,
0.0,False,pant,AR,AR,2026-01-09 17:00:00,,
63.0,False,pant,AR,AR,2026-01-09 18:00:00,,
0.0,False,pant,AR,AR,2026-01-09 19:00:00,,
63.0,False,pant,AR,AR,2026-01-09 20:00:00,,
0.0,False,pant,AR,AR,2026-01-09 21:00:00,,
0.0,False,pant,AR,AR,2026-01-09 22:00:00,,
0.0,False,pant,AR,AR,2026-01-09 23:00:00,,
0.0,False,pant,AR,AR,2026-01-10 00:00:00,,
0.0,False,pant,AR,AR,2026-01-10 01:00:00,,
0.0,False,pant,AR,AR,2026-01-10 02:00:00,,
0.0,False,pant,AR,AR,2026-01-10 03:00:00,,
0.0,False,pant,AR,AR,2026-01-10 04:00:00,,
0.0,False,pant,AR,AR,2026-01-10 05:00:00,,
0.0,False,pant,AR,AR,2026-01-10 06:00:00,,
0.0,False,pant,AR,AR,2026-01-10 07:00:00,,
0.0,False,pant,AR,AR,2026-01-10 08:00:00,,
0.0,False,pant,AR,AR,2026-01-10 09:00:00,,
0.0,False,pant,AR,AR,2026-01-10 10:00:00,,
0.0,False,pant,AR,AR,2026-01-10 11:00:00,,
0.0,False,pant,AR,AR,2026-01-10 12:00:00,,
0.0,False,pant,AR,AR,2026-01-10 13:00:00,,
0.0,False,pant,AR,AR,2026-01-10 14:00:00,,
0.0,False,pant,AR,AR,2026-01-10 15:00:00,,
0.0,True,pant,AR,AR,2026-01-10 16:00:00,,
,False,dress,AR,AR,2026-01-03 16:00:00,45.0,
,False,dress,AR,AR,2026-01-03 17:00:00,44.0,
,False,dress,AR,AR,2026-01-03 18:00:00,32.0,
,False,dress,AR,AR,2026-01-03 19:00:00,38.0,
,False,dress,AR,AR,2026-01-03 20:00:00,34.0,
,False,dress,AR,AR,2026-01-03 21:00:00,33.0,
,False,dress,AR,AR,2026-01-03 22:00:00,32.0,
,False,dress,AR,AR,2026-01-03 23:00:00,48.0,
,False,dress,AR,AR,2026-01-04 00:00:00,33.0,
,False,dress,AR,AR,2026-01-04 01:00:00,41.0,
,False,dress,AR,AR,2026-01-04 02:00:00,37.0,
,False,dress,AR,AR,2026-01-04 03:00:00,51.0,
,False,dress,AR,AR,2026-01-04 04:00:00,47.0,
,False,dress,AR,AR,2026-01-04 05:00:00,48.0,
,False,dress,AR,AR,2026-01-04 06:00:00,52.0,
,False,dress,AR,AR,2026-01-04 07:00:00,52.0,
,False,dress,AR,AR,2026-01-04 08:00:00,55.0,
,False,dress,AR,AR,2026-01-04 09:00:00,41.0,
,False,dress,AR,AR,2026-01-04 10:00:00,0.0,
,False,dress,AR,AR,2026-01-04 11:00:00,32.0,
,False,dress,AR,AR,2026-01-04 12:00:00,0.0,
,False,dress,AR,AR,2026-01-04 13:00:00,27.0,
,False,dress,AR,AR,2026-01-04 14:00:00,37.0,
,False,dress,AR,AR,2026-01-04 15:00:00,42.0,
,False,dress,AR,AR,2026-01-04 16:00:00,30.0,
,False,dress,AR,AR,2026-01-04 17:00:00,46.0,
,False,dress,AR,AR,2026-01-04 18:00:00,32.0,
,False,dress,AR,AR,2026-01-04 19:00:00,45.0,
,False,dress,AR,AR,2026-01-04 20:00:00,38.0,
,False,dress,AR,AR,2026-01-04 21:00:00,37.0,
,False,dress,AR,AR,2026-01-04 22:00:00,39.0,
,False,dress,AR,AR,2026-01-04 23:00:00,37.0,
,False,dress,AR,AR,2026-01-05 00:00:00,27.0,
,False,dress,AR,AR,2026-01-05 01:00:00,40.0,
,False,dress,AR,AR,2026-01-05 02:00:00,46.0,
,False,dress,AR,AR,2026-01-05 03:00:00,50.0,
,False,dress,AR,AR,2026-01-05 04:00:00,50.0,
,False,dress,AR,AR,2026-01-05 05:00:00,52.0,
,False,dress,AR,AR,2026-01-05 06:00:00,73.0,
,False,dress,AR,AR,2026-01-05 07:00:00,49.0,
,False,dress,AR,AR,2026-01-05 08:00:00,51.0,
,False,dress,AR,AR,2026-01-05 09:00:00,36.0,
,False,dress,AR,AR,2026-01-05 10:00:00,17.0,
,False,dress,AR,AR,2026-01-05 11:00:00,18.0,
,False,dress,AR,AR,2026-01-05 12:00:00,19.0,
,False,dress,AR,AR,2026-01-05 13:00:00,24.0,
,False,dress,AR,AR,2026-01-05 14:00:00,20.0,
,False,dress,AR,AR,2026-01-05 15:00:00,22.0,
,False,dress,AR,AR,2026-01-05 16:00:00,29.0,
,False,dress,AR,AR,2026-01-05 17:00:00,35.0,
,False,dress,AR,AR,2026-01-05 18:00:00,37.0,
,False,dress,AR,AR,2026-01-05 19:00:00,34.0,
,False,dress,AR,AR,2026-01-05 20:00:00,31.0,
,False,dress,AR,AR,2026-01-05 21:00:00,39.0,
,False,dress,AR,AR,2026-01-05 22:00:00,41.0,
,False,dress,AR,AR,2026-01-05 23:00:00,29.0,
,False,dress,AR,AR,2026-01-06 00:00:00,34.0,
,False,dress,AR,AR,2026-01-06 01:00:00,26.0,
,False,dress,AR,AR,2026-01-06 02:00:00,45.0,
,False,dress,AR,AR,2026-01-06 03:00:00,38.0,
,False,dress,AR,AR,2026-01-06 04:00:00,61.0,
,False,dress,AR,AR,2026-01-06 05:00:00,73.0,
,False,dress,AR,AR,2026-01-06 06:00:00,54.0,
,False,dress,AR,AR,2026-01-06 07:00:00,69.0,
,False,dress,AR,AR,2026-01-06 08:00:00,46.0,
,False,dress,AR,AR,2026-01-06 09:00:00,40.0,
,False,dress,AR,AR,2026-01-06 10:00:00,19.0,
,False,dress,AR,AR,2026-01-06 11:00:00,15.0,
,False,dress,AR,AR,2026-01-06 12:00:00,23.0,
,False,dress,AR,AR,2026-01-06 13:00:00,20.0,
,False,dress,AR,AR,2026-01-06 14:00:00,23.0,
,False,dress,AR,AR,2026-01-06 15:00:00,23.0,
,False,dress,AR,AR,2026-01-06 16:00:00,29.0,
,False,dress,AR,AR,2026-01-06 17:00:00,42.0,
,False,dress,AR,AR,2026-01-06 18:00:00,36.0,
,False,dress,AR,AR,2026-01-06 19:00:00,39.0,
,False,dress,AR,AR,2026-01-06 20:00:00,38.0,
,False,dress,AR,AR,2026-01-06 21:00:00,31.0,
,False,dress,AR,AR,2026-01-06 22:00:00,42.0,
,False,dress,AR,AR,2026-01-06 23:00:00,35.0,
,False,dress,AR,AR,2026-01-07 00:00:00,37.0,
,False,dress,AR,AR,2026-01-07 01:00:00,30.0,
,False,dress,AR,AR,2026-01-07 02:00:00,44.0,
,False,dress,AR,AR,2026-01-07 03:00:00,43.0,
,False,dress,AR,AR,2026-01-07 04:00:00,59.0,
,False,dress,AR,AR,2026-01-07 05:00:00,41.0,
,False,dress,AR,AR,2026-01-07 06:00:00,62.0,
,False,dress,AR,AR,2026-01-07 07:00:00,72.0,
,False,dress,AR,AR,2026-01-07 08:00:00,45.0,
,False,dress,AR,AR,2026-01-07 09:00:00,43.0,
,False,dress,AR,AR,2026-01-07 10:00:00,27.0,
,False,dress,AR,AR,2026-01-07 11:00:00,16.0,
,False,dress,AR,AR,2026-01-07 12:00:00,19.0,
,False,dress,AR,AR,2026-01-07 13:00:00,27.0,
,False,dress,AR,AR,2026-01-07 14:00:00,19.0,
,False,dress,AR,AR,2026-01-07 15:00:00,25.0,
,False,dress,AR,AR,2026-01-07 16:00:00,37.0,
,False,dress,AR,AR,2026-01-07 17:00:00,34.0,
,False,dress,AR,AR,2026-01-07 18:00:00,38.0,
,False,dress,AR,AR,2026-01-07 19:00:00,34.0,
,False,dress,AR,AR,2026-01-07 20:00:00,34.0,
,False,dress,AR,AR,2026-01-07 21:00:00,20.0,
,False,dress,AR,AR,2026-01-07 22:00:00,31.0,
,False,dress,AR,AR,2026-01-07 23:00:00,33.0,
,False,dress,AR,AR,2026-01-08 00:00:00,34.0,
,False,dress,AR,AR,2026-01-08 01:00:00,37.0,
,False,dress,AR,AR,2026-01-08 02:00:00,45.0,
,False,dress,AR,AR,2026-01-08 03:00:00,45.0,
,False,dress,AR,AR,2026-01-08 04:00:00,55.0,
,False,dress,AR,AR,2026-01-08 05:00:00,53.0,
,False,dress,AR,AR,2026-01-08 06:00:00,75.0,
,False,dress,AR,AR,2026-01-08 07:00:00,100.0,
,False,dress,AR,AR,2026-01-08 08:00:00,78.0,
,False,dress,AR,AR,2026-01-08 09:00:00,33.0,
,False,dress,AR,AR,2026-01-08 10:00:00,0.0,
,False,dress,AR,AR,2026-01-08 11:00:00,23.0,
,False,dress,AR,AR,2026-01-08 12:00:00,20.0,
,False,dress,AR,AR,2026-01-08 13:00:00,19.0,
,False,dress,AR,AR,2026-01-08 14:00:00,29.0,
,False,dress,AR,AR,2026-01-08 15:00:00,21.0,
,False,dress,AR,AR,2026-01-08 16:00:00,33.0,
,False,dress,AR,AR,2026-01-08 17:00:00,23.0,
,False,dress,AR,AR,2026-01-08 18:00:00,46.0,
,False,dress,AR,AR,2026-01-08 19:00:00,37.0,
,False,dress,AR,AR,2026-01-08 20:00:00,34.0,
,False,dress,AR,AR,2026-01-08 21:00:00,35.0,
,False,dress,AR,AR,2026-01-08 22:00:00,38.0,
,False,dress,AR,AR,2026-01-08 23:00:00,32.0,
,False,dress,AR,AR,2026-01-09 00:00:00,38.0,
,False,dress,AR,AR,2026-01-09 01:00:00,41.0,
,False,dress,AR,AR,2026-01-09 02:00:00,45.0,
,False,dress,AR,AR,2026-01-09 03:00:00,46.0,
,False,dress,AR,AR,2026-01-09 04:00:00,44.0,
,False,dress,AR,AR,2026-01-09 05:00:00,56.0,
,False,dress,AR,AR,2026-01-09 06:00:00,38.0,
,False,dress,AR,AR,2026-01-09 07:00:00,0.0,
,False,dress,AR,AR,2026-01-09 08:00:00,63.0,
,False,dress,AR,AR,2026-01-09 09:00:00,43.0,
,False,dress,AR,AR,2026-01-09 10:00:00,18.0,
,False,dress,AR,AR,2026-01-09 11:00:00,17.0,
,False,dress,AR,AR,2026-01-09 12:00:00,20.0,
,False,dress,AR,AR,2026-01-09 13:00:00,20.0,
,False,dress,AR,AR,2026-01-09 14:00:00,23.0,
,False,dress,AR,AR,2026-01-09 15:00:00,30.0,
,False,dress,AR,AR,2026-01-09 16:00:00,33.0,
,False,dress,AR,AR,2026-01-09 17:00:00,41.0,
,False,dress,AR,AR,2026-01-09 18:00:00,33.0,
,False,dress,AR,AR,2026-01-09 19:00:00,40.0,
,False,dress,AR,AR,2026-01-09 20:00:00,45.0,
,False,dress,AR,AR,2026-01-09 21:00:00,36.0,
,False,dress,AR,AR,2026-01-09 22:00:00,35.0,
,False,dress,AR,AR,2026-01-09 23:00:00,31.0,
,False,dress,AR,AR,2026-01-10 00:00:00,31.0,
,False,dress,AR,AR,2026-01-10 01:00:00,45.0,
,False,dress,AR,AR,2026-01-10 02:00:00,40.0,
,False,dress,AR,AR,2026-01-10 03:00:00,48.0,
,False,dress,AR,AR,2026-01-10 04:00:00,39.0,
,False,dress,AR,AR,2026-01-10 05:00:00,45.0,
,False,dress,AR,AR,2026-01-10 06:00:00,58.0,
,False,dress,AR,AR,2026-01-10 07:00:00,0.0,
,False,dress,AR,AR,2026-01-10 08:00:00,50.0,
,False,dress,AR,AR,2026-01-10 09:00:00,42.0,
,False,dress,AR,AR,2026-01-10 10:00:00,0.0,
,False,dress,AR,AR,2026-01-10 11:00:00,24.0,
,False,dress,AR,AR,2026-01-10 12:00:00,22.0,
,False,dress,AR,AR,2026-01-10 13:00:00,16.0,
,False,dress,AR,AR,2026-01-10 14:00:00,26.0,
,False,dress,AR,AR,2026-01-10 15:00:00,34.0,
,True,dress,AR,AR,2026-01-10 16:00:00,32.0,
,False,t-shirt,AR,AR,2026-01-03 16:00:00,,0.0
,False,t-shirt,AR,AR,2026-01-03 17:00:00,,0.0
,False,t-shirt,AR,AR,2026-01-03 18:00:00,,0.0
,False,t-shirt,AR,AR,2026-01-03 19:00:00,,0.0
,False,t-shirt,AR,AR,2026-01-03 20:00:00,,0.0
,False,t-shirt,AR,AR,2026-01-03 21:00:00,,0.0
,False,t-shirt,AR,AR,2026-01-03 22:00:00,,0.0
,False,t-shirt,AR,AR,2026-01-03 23:00:00,,0.0
,False,t-shirt,AR,AR,2026-01-04 00:00:00,,0.0
,False,t-shirt,AR,AR,2026-01-04 01:00:00,,100.0
,False,t-shirt,AR,AR,2026-01-04 02:00:00,,0.0
,False,t-shirt,AR,AR,2026-01-04 03:00:00,,0.0
,False,t-shirt,AR,AR,2026-01-04 04:00:00,,0.0
,False,t-shirt,AR,AR,2026-01-04 05:00:00,,0.0
,False,t-shirt,AR,AR,2026-01-04 06:00:00,,0.0
,False,t-shirt,AR,AR,2026-01-04 07:00:00,,0.0
,False,t-shirt,AR,AR,2026-01-04 08:00:00,,0.0
,False,t-shirt,AR,AR,2026-01-04 09:00:00,,0.0
,False,t-shirt,AR,AR,2026-01-04 10:00:00,,0.0
,False,t-shirt,AR,AR,2026-01-04 11:00:00,,0.0
,False,t-shirt,AR,AR,2026-01-04 12:00:00,,0.0
,False,t-shirt,AR,AR,2026-01-04 13:00:00,,0.0
,False,t-shirt,AR,AR,2026-01-04 14:00:00,,0.0
,False,t-shirt,AR,AR,2026-01-04 15:00:00,,0.0
,False,t-shirt,AR,AR,2026-01-04 16:00:00,,0.0
,False,t-shirt,AR,AR,2026-01-04 17:00:00,,0.0
,False,t-shirt,AR,AR,2026-01-04 18:00:00,,0.0
,False,t-shirt,AR,AR,2026-01-04 19:00:00,,0.0
,False,t-shirt,AR,AR,2026-01-04 20:00:00,,0.0
,False,t-shirt,AR,AR,2026-01-04 21:00:00,,0.0
,False,t-shirt,AR,AR,2026-01-04 22:00:00,,0.0
,False,t-shirt,AR,AR,2026-01-04 23:00:00,,0.0
,False,t-shirt,AR,AR,2026-01-05 00:00:00,,0.0
,False,t-shirt,AR,AR,2026-01-05 01:00:00,,0.0
,False,t-shirt,AR,AR,2026-01-05 02:00:00,,0.0
,False,t-shirt,AR,AR,2026-01-05 03:00:00,,0.0
,False,t-shirt,AR,AR,2026-01-05 04:00:00,,0.0
,False,t-shirt,AR,AR,2026-01-05 05:00:00,,0.0
,False,t-shirt,AR,AR,2026-01-05 06:00:00,,0.0
,False,t-shirt,AR,AR,2026-01-05 07:00:00,,0.0
,False,t-shirt,AR,AR,2026-01-05 08:00:00,,0.0
,False,t-shirt,AR,AR,2026-01-05 09:00:00,,0.0
,False,t-shirt,AR,AR,2026-01-05 10:00:00,,0.0
,False,t-shirt,AR,AR,2026-01-05 11:00:00,,0.0
,False,t-shirt,AR,AR,2026-01-05 12:00:00,,0.0
,False,t-shirt,AR,AR,2026-01-05 13:00:00,,0.0
,False,t-shirt,AR,AR,2026-01-05 14:00:00,,79.0
,False,t-shirt,AR,AR,2026-01-05 15:00:00,,0.0
,False,t-shirt,AR,AR,2026-01-05 16:00:00,,0.0
,False,t-shirt,AR,AR,2026-01-05 17:00:00,,0.0
,False,t-shirt,AR,AR,2026-01-05 18:00:00,,0.0
,False,t-shirt,AR,AR,2026-01-05 19:00:00,,0.0
,False,t-shirt,AR,AR,2026-01-05 20:00:00,,0.0
,False,t-shirt,AR,AR,2026-01-05 21:00:00,,0.0
,False,t-shirt,AR,AR,2026-01-05 22:00:00,,0.0
,False,t-shirt,AR,AR,2026-01-05 23:00:00,,0.0
,False,t-shirt,AR,AR,2026-01-06 00:00:00,,0.0
,False,t-shirt,AR,AR,2026-01-06 01:00:00,,0.0
,False,t-shirt,AR,AR,2026-01-06 02:00:00,,0.0
,False,t-shirt,AR,AR,2026-01-06 03:00:00,,0.0
,False,t-shirt,AR,AR,2026-01-06 04:00:00,,0.0
,False,t-shirt,AR,AR,2026-01-06 05:00:00,,0.0
,False,t-shirt,AR,AR,2026-01-06 06:00:00,,0.0
,False,t-shirt,AR,AR,2026-01-06 07:00:00,,0.0
,False,t-shirt,AR,AR,2026-01-06 08:00:00,,0.0
,False,t-shirt,AR,AR,2026-01-06 09:00:00,,0.0
,False,t-shirt,AR,AR,2026-01-06 10:00:00,,0.0
,False,t-shirt,AR,AR,2026-01-06 11:00:00,,0.0
,False,t-shirt,AR,AR,2026-01-06 12:00:00,,0.0
,False,t-shirt,AR,AR,2026-01-06 13:00:00,,0.0
,False,t-shirt,AR,AR,2026-01-06 14:00:00,,0.0
,False,t-shirt,AR,AR,2026-01-06 15:00:00,,0.0
,False,t-shirt,AR,AR,2026-01-06 16:00:00,,0.0
,False,t-shirt,AR,AR,2026-01-06 17:00:00,,0.0
,False,t-shirt,AR,AR,2026-01-06 18:00:00,,0.0
,False,t-shirt,AR,AR,2026-01-06 19:00:00,,0.0
,False,t-shirt,AR,AR,2026-01-06 20:00:00,,0.0
,False,t-shirt,AR,AR,2026-01-06 21:00:00,,0.0
,False,t-shirt,AR,AR,2026-01-06 22:00:00,,0.0
,False,t-shirt,AR,AR,2026-01-06 23:00:00,,0.0
,False,t-shirt,AR,AR,2026-01-07 00:00:00,,99.0
,False,t-shirt,AR,AR,2026-01-07 01:00:00,,0.0
,False,t-shirt,AR,AR,2026-01-07 02:00:00,,0.0
,False,t-shirt,AR,AR,2026-01-07 03:00:00,,0.0
,False,t-shirt,AR,AR,2026-01-07 04:00:00,,0.0
,False,t-shirt,AR,AR,2026-01-07 05:00:00,,0.0
,False,t-shirt,AR,AR,2026-01-07 06:00:00,,0.0
,False,t-shirt,AR,AR,2026-01-07 07:00:00,,0.0
,False,t-shirt,AR,AR,2026-01-07 08:00:00,,0.0
,False,t-shirt,AR,AR,2026-01-07 09:00:00,,0.0
,False,t-shirt,AR,AR,2026-01-07 10:00:00,,0.0
,False,t-shirt,AR,AR,2026-01-07 11:00:00,,0.0
,False,t-shirt,AR,AR,2026-01-07 12:00:00,,0.0
,False,t-shirt,AR,AR,2026-01-07 13:00:00,,0.0
,False,t-shirt,AR,AR,2026-01-07 14:00:00,,0.0
,False,t-shirt,AR,AR,2026-01-07 15:00:00,,0.0
,False,t-shirt,AR,AR,2026-01-07 16:00:00,,0.0
,False,t-shirt,AR,AR,2026-01-07 17:00:00,,0.0
,False,t-shirt,AR,AR,2026-01-07 18:00:00,,0.0
,False,t-shirt,AR,AR,2026-01-07 19:00:00,,0.0
,False,t-shirt,AR,AR,2026-01-07 20:00:00,,79.0
,False,t-shirt,AR,AR,2026-01-07 21:00:00,,0.0
,False,t-shirt,AR,AR,2026-01-07 22:00:00,,0.0
,False,t-shirt,AR,AR,2026-01-07 23:00:00,,0.0
,False,t-shirt,AR,AR,2026-01-08 00:00:00,,0.0
,False,t-shirt,AR,AR,2026-01-08 01:00:00,,0.0
,False,t-shirt,AR,AR,2026-01-08 02:00:00,,0.0
,False,t-shirt,AR,AR,2026-01-08 03:00:00,,0.0
,False,t-shirt,AR,AR,2026-01-08 04:00:00,,0.0
,False,t-shirt,AR,AR,2026-01-08 05:00:00,,0.0
,False,t-shirt,AR,AR,2026-01-08 06:00:00,,0.0
,False,t-shirt,AR,AR,2026-01-08 07:00:00,,0.0
,False,t-shirt,AR,AR,2026-01-08 08:00:00,,0.0
,False,t-shirt,AR,AR,2026-01-08 09:00:00,,0.0
,False,t-shirt,AR,AR,2026-01-08 10:00:00,,0.0
,False,t-shirt,AR,AR,2026-01-08 11:00:00,,0.0
,False,t-shirt,AR,AR,2026-01-08 12:00:00,,0.0
,False,t-shirt,AR,AR,2026-01-08 13:00:00,,0.0
,False,t-shirt,AR,AR,2026-01-08 14:00:00,,0.0
,False,t-shirt,AR,AR,2026-01-08 15:00:00,,0.0
,False,t-shirt,AR,AR,2026-01-08 16:00:00,,0.0
,False,t-shirt,AR,AR,2026-01-08 17:00:00,,0.0
,False,t-shirt,AR,AR,2026-01-08 18:00:00,,0.0
,False,t-shirt,AR,AR,2026-01-08 19:00:00,,0.0
,False,t-shirt,AR,AR,2026-01-08 20:00:00,,0.0
,False,t-shirt,AR,AR,2026-01-08 21:00:00,,0.0
,False,t-shirt,AR,AR,2026-01-08 22:00:00,,0.0
,False,t-shirt,AR,AR,2026-01-08 23:00:00,,0.0
,False,t-shirt,AR,AR,2026-01-09 00:00:00,,0.0
,False,t-shirt,AR,AR,2026-01-09 01:00:00,,0.0
,False,t-shirt,AR,AR,2026-01-09 02:00:00,,0.0
,False,t-shirt,AR,AR,2026-01-09 03:00:00,,0.0
,False,t-shirt,AR,AR,2026-01-09 04:00:00,,0.0
,False,t-shirt,AR,AR,2026-01-09 05:00:00,,0.0
,False,t-shirt,AR,AR,2026-01-09 06:00:00,,0.0
,False,t-shirt,AR,AR,2026-01-09 07:00:00,,0.0
,False,t-shirt,AR,AR,2026-01-09 08:00:00,,0.0
,False,t-shirt,AR,AR,2026-01-09 09:00:00,,0.0
,False,t-shirt,AR,AR,2026-01-09 10:00:00,,0.0
,False,t-shirt,AR,AR,2026-01-09 11:00:00,,0.0
,False,t-shirt,AR,AR,2026-01-09 12:00:00,,0.0
,False,t-shirt,AR,AR,2026-01-09 13:00:00,,0.0
,False,t-shirt,AR,AR,2026-01-09 14:00:00,,0.0
,False,t-shirt,AR,AR,2026-01-09 15:00:00,,0.0
,False,t-shirt,AR,AR,2026-01-09 16:00:00,,0.0
,False,t-shirt,AR,AR,2026-01-09 17:00:00,,0.0
,False,t-shirt,AR,AR,2026-01-09 18:00:00,,0.0
,False,t-shirt,AR,AR,2026-01-09 19:00:00,,0.0
,False,t-shirt,AR,AR,2026-01-09 20:00:00,,0.0
,False,t-shirt,AR,AR,2026-01-09 21:00:00,,0.0
,False,t-shirt,AR,AR,2026-01-09 22:00:00,,0.0
,False,t-shirt,AR,AR,2026-01-09 23:00:00,,73.0
,False,t-shirt,AR,AR,2026-01-10 00:00:00,,0.0
,False,t-shirt,AR,AR,2026-01-10 01:00:00,,0.0
,False,t-shirt,AR,AR,2026-01-10 02:00:00,,0.0
,False,t-shirt,AR,AR,2026-01-10 03:00:00,,0.0
,False,t-shirt,AR,AR,2026-01-10 04:00:00,,0.0
,False,t-shirt,AR,AR,2026-01-10 05:00:00,,0.0
,False,t-shirt,AR,AR,2026-01-10 06:00:00,,0.0
,False,t-shirt,AR,AR,2026-01-10 07:00:00,,0.0
,False,t-shirt,AR,AR,2026-01-10 08:00:00,,0.0
,False,t-shirt,AR,AR,2026-01-10 09:00:00,,0.0
,False,t-shirt,AR,AR,2026-01-10 10:00:00,,0.0
,False,t-shirt,AR,AR,2026-01-10 11:00:00,,0.0
,False,t-shirt,AR,AR,2026-01-10 12:00:00,,0.0
,False,t-shirt,AR,AR,2026-01-10 13:00:00,,0.0
,False,t-shirt,AR,AR,2026-01-10 14:00:00,,0.0
,False,t-shirt,AR,AR,2026-01-10 15:00:00,,0.0
,True,t-shirt,AR,AR,2026-01-10 16:00:00,,0.0
